x1,x2,x3,x4,x5,x6,y1,y2,y3,y4,y5
-1.058261,1.286717,-1.630393,1.808376,1.221699,1.334133,1.000000,0.000000,0.000000,0.000000,0.000000
-0.148073,-0.859200,1.103746,0.938700,2.363821,2.412456,0.000000,0.000000,0.000000,1.000000,0.000000
0.669817,1.559958,-2.262279,2.477135,-0.788831,-1.170620,0.000000,0.000000,1.000000,0.000000,0.000000
2.518853,-0.730668,-1.126898,1.177453,-1.098965,-2.175640,0.000000,1.000000,0.000000,0.000000,0.000000
2.244997,-0.824435,0.953284,-0.058106,-1.761608,-2.244257,0.000000,0.000000,1.000000,0.000000,0.000000
-0.617361,1.853111,2.111174,0.374684,-1.491891,-0.352231,0.000000,0.000000,0.000000,0.000000,1.000000
2.965402,-1.904386,-1.535302,1.862114,0.677905,-0.933332,0.000000,1.000000,0.000000,0.000000,0.000000
-2.298484,2.414106,1.255849,-1.547821,-1.987507,-0.470840,0.000000,0.000000,1.000000,0.000000,0.000000
0.961830,-1.635712,4.066911,0.445166,1.623429,1.969798,0.000000,0.000000,0.000000,1.000000,0.000000
0.436780,-1.315024,-0.465234,2.295015,3.545408,2.907849,0.000000,0.000000,0.000000,1.000000,0.000000
-0.874643,1.478765,0.444912,-0.733766,-1.709958,-0.988100,0.000000,0.000000,1.000000,0.000000,0.000000
-0.317027,-0.410559,-0.567910,-0.116506,0.886680,0.712162,0.000000,1.000000,0.000000,0.000000,0.000000
-0.776155,1.092015,1.496231,-0.720979,-1.246012,-0.388007,0.000000,0.000000,0.000000,0.000000,1.000000
0.909237,-2.237734,2.336460,0.521751,2.610560,2.377594,0.000000,0.000000,0.000000,1.000000,0.000000
0.111670,0.979133,0.100351,-0.685933,-2.226618,-1.945019,0.000000,1.000000,0.000000,0.000000,0.000000
0.656632,0.999558,-3.840804,2.384128,-0.074212,-0.989809,0.000000,0.000000,1.000000,0.000000,0.000000
-0.377481,0.814281,-0.155200,-0.059514,-0.751883,-0.488539,1.000000,0.000000,0.000000,0.000000,0.000000
-1.457640,2.032673,-1.424119,1.515191,0.378562,0.838683,1.000000,0.000000,0.000000,0.000000,0.000000
-0.259636,1.914079,-0.339922,0.341663,-2.119251,-1.650805,0.000000,1.000000,0.000000,0.000000,0.000000
-2.654764,1.995120,-1.508010,1.013185,1.504750,2.219203,1.000000,0.000000,0.000000,0.000000,0.000000
-3.766985,2.467253,-0.538951,-0.826967,0.508865,1.899299,1.000000,0.000000,0.000000,0.000000,0.000000
2.949869,-1.304193,-0.770677,1.466097,-0.542215,-1.788347,0.000000,1.000000,0.000000,0.000000,0.000000
-2.763335,2.226985,-2.119132,1.988706,2.238620,2.854505,1.000000,0.000000,0.000000,0.000000,0.000000
1.530922,-3.494627,-1.841451,0.736245,3.763218,2.014709,0.000000,0.000000,0.000000,1.000000,0.000000
-0.583753,1.396848,-1.221593,-0.862919,-2.122101,-1.896343,0.000000,1.000000,0.000000,0.000000,0.000000
-0.372284,0.281726,-0.952443,1.315975,1.326581,1.204244,1.000000,0.000000,0.000000,0.000000,0.000000
-1.060316,0.235614,-0.174754,-0.918055,0.149091,0.436305,0.000000,0.000000,0.000000,0.000000,1.000000
-2.282007,0.356946,-0.508861,-2.224930,0.296692,0.850508,0.000000,0.000000,0.000000,1.000000,0.000000
0.419850,-0.723741,-1.042493,-1.026499,-0.501505,-1.011391,1.000000,0.000000,0.000000,0.000000,0.000000
-1.040287,-0.355966,-2.878510,-0.472700,1.365322,0.805849,1.000000,0.000000,0.000000,0.000000,0.000000
-1.222471,-1.156175,-2.667508,-2.114401,1.186415,0.563370,1.000000,0.000000,0.000000,0.000000,0.000000
0.503451,0.480446,-0.139430,-0.287049,-1.631499,-1.642358,0.000000,1.000000,0.000000,0.000000,0.000000
-1.448225,2.117756,0.828223,0.286529,-0.902654,0.177772,0.000000,0.000000,0.000000,0.000000,1.000000
2.125081,-0.799714,0.424364,2.020424,0.352033,-0.297803,0.000000,0.000000,0.000000,1.000000,0.000000
0.677663,-1.302569,-2.054755,0.891895,1.835081,0.799188,0.000000,0.000000,0.000000,1.000000,0.000000
-1.253494,1.104550,0.694770,-1.324692,-1.238823,-0.449255,0.000000,0.000000,1.000000,0.000000,0.000000
0.931900,-1.324196,0.946048,-1.836641,-1.041842,-1.304741,1.000000,0.000000,0.000000,0.000000,0.000000
1.856376,-1.237936,2.011914,1.382319,0.750260,0.460053,0.000000,0.000000,0.000000,1.000000,0.000000
-0.283583,1.573661,1.240662,0.684140,-1.236715,-0.472090,0.000000,0.000000,0.000000,0.000000,1.000000
-1.197997,2.033061,1.922460,-0.793679,-2.127130,-0.817602,0.000000,0.000000,1.000000,0.000000,0.000000
-0.455823,0.055843,-0.669924,0.844049,1.313442,1.235970,1.000000,0.000000,0.000000,0.000000,0.000000
-0.067801,-0.029224,-1.726160,-1.224454,-1.078560,-1.458592,0.000000,1.000000,0.000000,0.000000,0.000000
-1.144175,0.390723,0.004389,-0.798382,0.151197,0.538674,0.000000,1.000000,0.000000,0.000000,0.000000
-1.501660,1.745875,1.109688,0.569299,-0.015751,1.038755,0.000000,0.000000,0.000000,0.000000,1.000000
0.059110,-0.904587,-0.130534,-0.246903,0.996968,0.720428,0.000000,0.000000,0.000000,0.000000,1.000000
0.024716,2.393821,2.527053,-0.248530,-3.705617,-2.442938,0.000000,0.000000,0.000000,0.000000,1.000000
-1.355650,1.920874,0.449111,0.701666,-0.343547,0.556153,0.000000,0.000000,0.000000,0.000000,1.000000
-1.292519,0.329416,-0.836058,-1.208178,0.023991,0.233622,0.000000,0.000000,0.000000,1.000000,0.000000
-1.117032,1.184394,-0.857228,-0.631960,-0.891285,-0.519446,0.000000,0.000000,1.000000,0.000000,0.000000
-0.213723,0.678445,-0.626562,1.129218,0.369757,0.403855,1.000000,0.000000,0.000000,0.000000,0.000000
1.876210,-0.464206,0.270427,2.013750,0.179271,-0.364066,0.000000,0.000000,0.000000,0.000000,1.000000
3.259346,-1.593842,-1.426476,1.827411,-0.186997,-1.753862,0.000000,1.000000,0.000000,0.000000,0.000000
-1.559327,-0.784870,-1.049136,-1.585523,1.622292,1.556871,0.000000,0.000000,0.000000,1.000000,0.000000
-0.338793,-0.726167,0.847927,-2.322168,-0.727558,-0.555695,0.000000,0.000000,1.000000,0.000000,0.000000
0.020486,2.733415,1.341363,0.946014,-3.062685,-2.043373,0.000000,0.000000,0.000000,0.000000,1.000000
-2.265137,0.476261,0.064235,1.458620,3.660258,4.261156,0.000000,0.000000,0.000000,0.000000,1.000000
1.660212,1.116658,0.443678,2.334492,-1.524125,-1.568841,0.000000,0.000000,0.000000,0.000000,1.000000
-0.577693,-0.578784,-1.672429,-0.226392,1.345295,0.914308,0.000000,0.000000,0.000000,1.000000,0.000000
2.442662,-2.365853,0.285885,1.615402,1.821331,0.665438,0.000000,0.000000,0.000000,1.000000,0.000000
-1.394480,-0.334380,-0.935175,-1.436688,0.898914,0.938948,0.000000,0.000000,0.000000,1.000000,0.000000
1.186364,-0.790561,-0.556615,0.562586,0.138117,-0.493688,0.000000,1.000000,0.000000,0.000000,0.000000
0.073468,0.441111,1.451865,-1.212598,-1.879827,-1.378939,0.000000,0.000000,1.000000,0.000000,0.000000
-1.324331,2.160570,0.692270,0.756532,-0.675432,0.339124,0.000000,0.000000,0.000000,0.000000,1.000000
0.994959,1.365981,-1.442950,0.724249,-2.604794,-2.848939,1.000000,0.000000,0.000000,0.000000,0.000000
2.614504,-1.537273,0.394838,2.359845,1.113439,0.140270,0.000000,0.000000,0.000000,0.000000,1.000000
-0.888863,1.505978,3.757090,-0.541001,-1.488783,0.058959,0.000000,0.000000,0.000000,1.000000,0.000000
0.403861,-0.508858,-0.244070,0.910130,1.086687,0.770711,0.000000,0.000000,0.000000,1.000000,0.000000
2.731371,2.029677,2.108501,3.416815,-3.172067,-2.838489,0.000000,0.000000,0.000000,0.000000,1.000000
2.302531,-0.856176,0.149652,0.590142,-1.179448,-1.904437,0.000000,0.000000,1.000000,0.000000,0.000000
-1.189004,0.940539,-2.238258,-1.644147,-1.442262,-1.427695,1.000000,0.000000,0.000000,0.000000,0.000000
-1.655715,0.446072,-1.027749,-1.271151,0.262903,0.539314,0.000000,0.000000,0.000000,1.000000,0.000000
-0.112805,1.696804,1.012028,0.561333,-1.759888,-1.053628,0.000000,0.000000,0.000000,0.000000,1.000000
-0.014946,-0.106589,-0.324966,-0.140328,0.033514,-0.067273,0.000000,0.000000,0.000000,0.000000,1.000000
1.029401,0.069667,-1.105332,0.758568,-0.727812,-1.239732,0.000000,0.000000,1.000000,0.000000,0.000000
-0.245122,-1.168639,-1.883792,-1.648661,0.395668,-0.270795,1.000000,0.000000,0.000000,0.000000,0.000000
-0.796019,-2.048526,0.083226,-2.309628,1.786839,1.521428,0.000000,0.000000,0.000000,1.000000,0.000000
0.215133,-0.345043,0.798719,-0.124221,0.115364,0.178279,0.000000,0.000000,0.000000,0.000000,1.000000
1.373417,0.457702,-1.645068,0.721568,-1.783661,-2.402813,0.000000,0.000000,1.000000,0.000000,0.000000
0.190472,-0.105599,1.606458,1.205889,1.094947,1.382755,0.000000,0.000000,0.000000,0.000000,1.000000
3.208861,-2.600042,-1.593669,2.263318,1.757335,-0.120244,0.000000,1.000000,0.000000,0.000000,0.000000
-0.933142,4.105733,0.469740,2.129639,-2.690388,-1.350330,0.000000,0.000000,1.000000,0.000000,0.000000
1.182784,-0.597335,2.461342,0.266785,-0.371429,-0.192560,0.000000,0.000000,0.000000,1.000000,0.000000
-1.225809,0.817964,-0.437886,-0.957530,-0.524107,-0.109831,0.000000,1.000000,0.000000,0.000000,0.000000
-1.272200,0.288650,-0.794693,-2.191381,-0.889812,-0.652443,0.000000,0.000000,1.000000,0.000000,0.000000
1.412957,-3.537820,-0.597829,-0.256125,3.044435,1.652669,0.000000,0.000000,0.000000,1.000000,0.000000
-0.449367,1.607461,-0.350121,-1.147184,-2.861803,-2.384745,0.000000,0.000000,1.000000,0.000000,0.000000
3.050271,-1.038181,2.650372,2.148768,-0.343089,-0.715229,0.000000,0.000000,0.000000,1.000000,0.000000
0.065485,0.962348,-1.862307,2.693822,1.080691,0.768401,1.000000,0.000000,0.000000,0.000000,0.000000
0.459478,1.218240,-0.372077,0.223499,-2.158054,-2.038781,0.000000,0.000000,1.000000,0.000000,0.000000
-1.585961,0.201525,0.301094,-1.375250,0.449772,0.979132,0.000000,1.000000,0.000000,0.000000,0.000000
-1.043977,1.861680,1.119523,0.624226,-0.726046,0.257095,0.000000,0.000000,0.000000,0.000000,1.000000
-2.163422,1.384043,-0.407645,0.066194,0.859772,1.607207,1.000000,0.000000,0.000000,0.000000,0.000000
1.837673,-0.516316,-1.252996,-0.074257,-1.732662,-2.589518,1.000000,0.000000,0.000000,0.000000,0.000000
-2.230906,1.843234,0.852848,-1.326466,-1.039772,0.203441,0.000000,0.000000,1.000000,0.000000,0.000000
-1.359660,-0.300597,-0.502395,-1.816245,0.446246,0.607466,0.000000,0.000000,0.000000,1.000000,0.000000
-1.246015,1.479664,1.767046,0.699186,0.174843,1.260465,0.000000,0.000000,0.000000,0.000000,1.000000
-1.165438,1.773499,-2.261800,-1.072375,-2.132321,-1.927755,0.000000,1.000000,0.000000,0.000000,0.000000
-3.622457,2.984282,-0.009998,0.250543,0.617099,2.207132,0.000000,0.000000,0.000000,0.000000,1.000000
0.423277,2.785016,2.651414,0.972281,-3.613779,-2.346890,0.000000,0.000000,0.000000,0.000000,1.000000
1.067845,-2.588802,-0.930368,1.117917,3.432931,2.241036,0.000000,0.000000,0.000000,1.000000,0.000000
0.194923,1.147634,-0.939788,0.045176,-1.892961,-1.867986,0.000000,1.000000,0.000000,0.000000,0.000000
-0.302682,-2.526381,-1.925746,-0.444683,3.601989,2.538917,0.000000,0.000000,0.000000,1.000000,0.000000
0.945152,-0.574698,1.195817,1.626025,1.192731,1.071453,0.000000,0.000000,0.000000,0.000000,1.000000
1.304519,-1.517998,-1.259216,2.514506,2.909759,1.819691,0.000000,0.000000,0.000000,0.000000,1.000000
1.215704,-2.658030,-0.306854,0.480247,2.737459,1.670124,0.000000,0.000000,0.000000,1.000000,0.000000
-1.138238,1.466477,2.020894,0.579858,-0.056797,1.068157,0.000000,0.000000,0.000000,0.000000,1.000000
0.602336,0.826521,-2.527650,1.522044,-0.560474,-1.155016,0.000000,0.000000,1.000000,0.000000,0.000000
1.278600,0.163400,0.450872,-0.021763,-1.913320,-2.044103,0.000000,0.000000,1.000000,0.000000,0.000000
0.898951,-0.394039,-0.345804,1.849371,1.179297,0.726121,0.000000,0.000000,0.000000,0.000000,1.000000
-1.153764,0.122722,-2.420394,-2.383098,-1.015249,-1.245322,0.000000,1.000000,0.000000,0.000000,0.000000
-4.053680,3.449569,1.461699,-0.405446,-0.104921,2.091866,0.000000,0.000000,0.000000,0.000000,1.000000
-0.643309,1.532789,-0.732591,-0.362505,-1.751633,-1.371935,0.000000,0.000000,1.000000,0.000000,0.000000
-1.437611,1.953299,1.575495,-1.255850,-2.150889,-0.879419,0.000000,0.000000,1.000000,0.000000,0.000000
-1.718466,1.403339,0.175982,-0.615557,-0.393780,0.426596,0.000000,1.000000,0.000000,0.000000,0.000000
-0.157289,-0.351299,1.647651,1.654209,2.336715,2.632785,0.000000,0.000000,0.000000,0.000000,1.000000
0.389399,1.982230,1.425389,1.005105,-2.392930,-1.636010,0.000000,0.000000,0.000000,0.000000,1.000000
-0.215102,0.780491,1.386964,0.821417,-0.038899,0.532421,0.000000,0.000000,0.000000,0.000000,1.000000
-2.033473,-0.508671,-2.878059,-2.781604,0.654091,0.354011,1.000000,0.000000,0.000000,0.000000,0.000000
0.709624,0.706612,-0.030665,-0.331808,-2.269393,-2.238193,0.000000,1.000000,0.000000,0.000000,0.000000
-1.779579,-0.080940,-0.533888,-0.905401,1.550297,1.825503,0.000000,0.000000,0.000000,1.000000,0.000000
1.732843,-1.711431,0.468802,-0.565665,-0.304493,-1.010122,1.000000,0.000000,0.000000,0.000000,0.000000
0.482288,-0.120041,0.557665,1.503736,1.005529,0.953911,0.000000,0.000000,0.000000,0.000000,1.000000
-0.216583,-0.875214,-1.156646,-0.577354,0.976933,0.526344,0.000000,0.000000,0.000000,1.000000,0.000000
0.778803,0.294679,1.296517,-0.222307,-1.632870,-1.400380,0.000000,0.000000,1.000000,0.000000,0.000000
-0.575036,1.488242,-1.582321,2.130515,0.611783,0.670361,1.000000,0.000000,0.000000,0.000000,0.000000
1.016772,-0.039328,-0.253754,0.286852,-0.993040,-1.303881,0.000000,0.000000,1.000000,0.000000,0.000000
-0.987117,0.337179,-0.255943,-0.292420,0.507779,0.764415,1.000000,0.000000,0.000000,0.000000,0.000000
-1.825895,3.532985,1.423582,0.289608,-2.454084,-0.767240,0.000000,0.000000,1.000000,0.000000,0.000000
-0.072027,-0.177978,-2.047382,0.599212,0.894601,0.335635,0.000000,0.000000,0.000000,1.000000,0.000000
-0.146493,-2.069325,-1.249476,-1.603053,1.630449,0.859662,1.000000,0.000000,0.000000,0.000000,0.000000
-2.201525,1.530464,-0.162720,-0.856526,-0.188208,0.698039,0.000000,1.000000,0.000000,0.000000,0.000000
0.885169,-1.332442,1.229905,1.667417,2.411847,2.110776,0.000000,0.000000,0.000000,1.000000,0.000000
2.370486,-1.154318,1.935608,1.970747,0.525892,0.103987,0.000000,0.000000,0.000000,0.000000,1.000000
-1.736122,0.610844,-0.989433,-1.864338,-0.442746,-0.075454,0.000000,1.000000,0.000000,0.000000,0.000000
-1.636745,-0.059531,-3.180637,-2.278983,-0.035101,-0.397227,1.000000,0.000000,0.000000,0.000000,0.000000
2.426124,-1.152493,-0.523322,1.125398,-0.405525,-1.421410,0.000000,1.000000,0.000000,0.000000,0.000000
0.522662,-0.942338,0.875283,0.039985,0.742561,0.592166,0.000000,0.000000,0.000000,0.000000,1.000000
0.051370,-2.675041,-2.151780,-0.025414,3.757615,2.505806,0.000000,0.000000,0.000000,1.000000,0.000000
0.359040,-0.112461,-0.142174,1.434267,1.075924,0.882584,0.000000,0.000000,0.000000,1.000000,0.000000
2.005189,0.362970,1.231106,2.175342,-1.017884,-1.138454,0.000000,0.000000,0.000000,0.000000,1.000000
2.202825,-0.932987,1.816607,-0.073350,-1.549055,-1.836202,0.000000,0.000000,1.000000,0.000000,0.000000
3.836122,-0.624954,0.782816,1.488130,-2.633600,-3.514047,1.000000,0.000000,0.000000,0.000000,0.000000
-1.166189,1.914314,-1.689424,2.116176,0.745993,1.023611,1.000000,0.000000,0.000000,0.000000,0.000000
4.412307,-2.920730,-2.293453,2.982069,1.338752,-1.090985,0.000000,1.000000,0.000000,0.000000,0.000000
-0.826636,1.238752,-1.597945,-1.129850,-1.840215,-1.686298,0.000000,1.000000,0.000000,0.000000,0.000000
0.911353,0.043074,1.847343,1.719192,0.440221,0.648403,0.000000,1.000000,0.000000,0.000000,0.000000
-2.208774,-1.146745,0.218470,-3.346368,1.317544,1.675339,0.000000,0.000000,0.000000,1.000000,0.000000
-1.499881,1.093424,-0.313675,-1.041165,-0.646284,-0.064141,0.000000,1.000000,0.000000,0.000000,0.000000
-2.168892,2.079681,-2.389253,0.611178,0.347735,0.770365,0.000000,0.000000,1.000000,0.000000,0.000000
0.765101,-0.552830,-0.461397,0.943359,0.709108,0.245498,0.000000,0.000000,0.000000,1.000000,0.000000
-2.380977,1.427416,2.621333,-0.915958,0.185049,1.777137,0.000000,0.000000,0.000000,1.000000,0.000000
1.717385,-1.031798,-0.768049,0.900294,0.119751,-0.758588,0.000000,1.000000,0.000000,0.000000,0.000000
-1.471251,2.695758,-2.368862,3.240658,1.079453,1.425907,1.000000,0.000000,0.000000,0.000000,0.000000
0.037831,-0.809817,-2.168067,0.512348,1.583761,0.806089,0.000000,0.000000,0.000000,1.000000,0.000000
0.967399,-0.656945,0.615509,1.899718,1.537071,1.235926,0.000000,0.000000,0.000000,1.000000,0.000000
0.557526,-0.583855,-2.253892,-0.552879,-0.448064,-1.268246,0.000000,1.000000,0.000000,0.000000,0.000000
-0.343048,0.907679,0.450735,0.811030,-0.083236,0.318402,0.000000,0.000000,1.000000,0.000000,0.000000
-0.519197,2.924243,0.286922,1.254623,-2.358707,-1.439941,0.000000,1.000000,0.000000,0.000000,0.000000
-0.627140,0.450165,-0.515327,-0.881880,-0.696812,-0.535695,0.000000,1.000000,0.000000,0.000000,0.000000
-1.258510,-2.728546,0.531025,-3.463930,2.271504,2.079624,0.000000,0.000000,0.000000,1.000000,0.000000
2.877519,-2.045240,-0.373610,1.824422,0.980280,-0.358958,0.000000,0.000000,0.000000,1.000000,0.000000
-1.312448,1.514992,-0.225146,-1.315950,-1.765607,-1.082895,0.000000,1.000000,0.000000,0.000000,0.000000
2.846629,-1.196465,-0.941019,1.406129,-0.625123,-1.859907,0.000000,1.000000,0.000000,0.000000,0.000000
2.923549,-0.671122,-0.323295,1.048227,-1.822528,-2.770442,0.000000,1.000000,0.000000,0.000000,0.000000
-1.040351,0.561284,-1.248732,-1.598184,-1.023528,-0.898518,0.000000,1.000000,0.000000,0.000000,0.000000
4.101553,-0.595616,-2.422956,3.722788,-0.922997,-2.725267,0.000000,0.000000,1.000000,0.000000,0.000000
1.629282,-1.566806,-1.623003,-0.480341,-0.333358,-1.499481,0.000000,0.000000,1.000000,0.000000,0.000000
-1.731274,1.001421,-0.764542,0.335747,1.107202,1.559065,1.000000,0.000000,0.000000,0.000000,0.000000
5.835563,-3.717004,-2.001536,3.732924,1.372977,-1.538887,0.000000,1.000000,0.000000,0.000000,0.000000
-1.659770,2.015664,0.060042,-1.617142,-2.326521,-1.352783,0.000000,0.000000,0.000000,1.000000,0.000000
-0.059260,0.487995,0.023577,1.518369,0.831556,0.929037,0.000000,0.000000,0.000000,0.000000,1.000000
-0.524987,-0.068086,-1.250860,-0.306605,0.464852,0.264348,0.000000,0.000000,0.000000,1.000000,0.000000
-0.992358,1.840233,-2.037117,2.400493,0.895554,1.018857,0.000000,0.000000,1.000000,0.000000,0.000000
-0.483675,0.693364,0.887202,1.062630,0.660792,1.137212,0.000000,0.000000,0.000000,0.000000,1.000000
-0.626079,-0.651919,0.668678,-1.525958,0.302261,0.487100,1.000000,0.000000,0.000000,0.000000,0.000000
1.115902,3.419934,2.678394,1.967547,-4.477333,-3.224356,0.000000,0.000000,0.000000,0.000000,1.000000
-2.116978,-1.244284,-0.307926,-2.849354,1.809739,1.973963,0.000000,0.000000,0.000000,1.000000,0.000000
-1.570030,-1.635940,-0.492467,-2.219545,2.271045,2.142328,0.000000,0.000000,0.000000,1.000000,0.000000
-0.114109,1.500252,-2.543230,-1.339145,-3.364399,-3.528655,0.000000,1.000000,0.000000,0.000000,0.000000
-1.124428,1.441786,1.350194,-1.338584,-1.898716,-0.885817,0.000000,0.000000,1.000000,0.000000,0.000000
-0.654292,0.185298,0.114558,-0.909084,-0.292242,-0.037843,0.000000,1.000000,0.000000,0.000000,0.000000
-0.201333,-0.303684,1.274873,1.640500,2.305261,2.531740,0.000000,0.000000,0.000000,1.000000,0.000000
0.214194,1.604735,-2.619091,1.318556,-1.383734,-1.701452,0.000000,0.000000,1.000000,0.000000,0.000000
-2.471147,1.192376,1.044832,0.865994,2.333708,3.433205,0.000000,0.000000,0.000000,0.000000,1.000000
-1.718434,2.138372,-2.144345,2.698559,1.692041,2.020352,1.000000,0.000000,0.000000,0.000000,0.000000
-2.078745,1.828158,0.316137,-1.869877,-1.748464,-0.658400,0.000000,1.000000,0.000000,0.000000,0.000000
-0.174659,1.148358,-1.712396,2.371475,0.814768,0.653435,1.000000,0.000000,0.000000,0.000000,0.000000
2.696310,1.933408,2.254061,3.364043,-3.035003,-2.681133,0.000000,0.000000,0.000000,0.000000,1.000000
-0.796761,-0.200425,-2.341454,0.095581,1.379397,0.920771,0.000000,0.000000,0.000000,1.000000,0.000000
-0.152051,2.038299,-4.119564,2.872262,-0.065854,-0.611050,0.000000,0.000000,1.000000,0.000000,0.000000
-1.380738,2.407796,-1.354516,-1.052545,-2.739106,-2.094115,0.000000,1.000000,0.000000,0.000000,0.000000
1.347177,-0.537545,-1.033832,0.643372,-0.368821,-1.090904,0.000000,1.000000,0.000000,0.000000,0.000000
1.725142,0.525799,0.562086,0.734249,-2.290104,-2.422798,0.000000,0.000000,1.000000,0.000000,0.000000
2.020195,-2.250303,-0.468776,1.479256,2.058824,0.845441,0.000000,0.000000,0.000000,0.000000,1.000000
3.100615,-1.228613,-0.839139,1.343941,-0.966890,-2.239745,0.000000,0.000000,1.000000,0.000000,0.000000
1.191168,-0.128269,1.198058,1.530402,0.132264,0.077606,0.000000,0.000000,0.000000,0.000000,1.000000
-0.194111,4.593010,3.670738,0.845004,-5.542354,-3.401926,0.000000,0.000000,0.000000,0.000000,1.000000
-0.686107,2.291381,-2.175177,3.417777,0.819777,0.925499,1.000000,0.000000,0.000000,0.000000,0.000000
-0.887318,0.800795,-1.173146,1.015683,0.949274,1.034850,1.000000,0.000000,0.000000,0.000000,0.000000
-2.224877,2.278177,1.869446,-2.253746,-2.555466,-0.915413,0.000000,0.000000,1.000000,0.000000,0.000000
-0.579501,0.488513,-1.808027,0.275835,0.278933,0.080094,0.000000,0.000000,0.000000,1.000000,0.000000
2.469686,0.029137,0.558483,0.372241,-2.885739,-3.305432,0.000000,1.000000,0.000000,0.000000,0.000000
2.772181,-1.914635,-0.818214,1.638656,0.740988,-0.644245,0.000000,1.000000,0.000000,0.000000,0.000000
1.043536,-2.284307,-1.156509,-0.090223,1.854374,0.732613,0.000000,0.000000,0.000000,1.000000,0.000000
4.666089,-2.404685,-0.949203,2.525782,-0.157543,-2.158937,0.000000,1.000000,0.000000,0.000000,0.000000
-1.494185,0.337699,-1.276266,-2.158882,-0.649287,-0.469784,0.000000,1.000000,0.000000,0.000000,0.000000
-0.325823,-0.389076,0.863603,-0.712727,0.316876,0.525138,0.000000,1.000000,0.000000,0.000000,0.000000
-0.128071,-1.526696,-1.614850,0.982367,3.303084,2.494688,0.000000,0.000000,0.000000,1.000000,0.000000
1.659927,-1.619413,-0.120743,1.175674,1.324365,0.455009,0.000000,0.000000,0.000000,0.000000,1.000000
1.736604,-2.155271,0.078129,-1.163252,-0.247116,-1.147932,1.000000,0.000000,0.000000,0.000000,0.000000
0.538935,1.183986,-1.533286,2.707857,0.162211,-0.116428,0.000000,0.000000,1.000000,0.000000,0.000000
-0.626511,4.189404,0.907337,0.878210,-4.408936,-2.965145,0.000000,0.000000,0.000000,0.000000,1.000000
1.227783,2.476857,1.401850,2.169001,-3.080639,-2.425552,0.000000,0.000000,0.000000,0.000000,1.000000
-0.863601,-1.736478,-0.226283,-2.143558,1.576188,1.326071,0.000000,0.000000,0.000000,1.000000,0.000000
-0.329794,-1.318529,-0.226096,-2.213532,0.207521,-0.049377,0.000000,0.000000,1.000000,0.000000,0.000000
-0.132594,-0.279690,-1.230191,-0.151821,0.411429,0.066998,0.000000,0.000000,0.000000,1.000000,0.000000
-1.397304,1.152018,-0.536361,0.323747,0.446488,0.920330,1.000000,0.000000,0.000000,0.000000,0.000000
-1.766345,2.997104,2.752360,-0.259159,-2.259204,-0.379321,0.000000,0.000000,0.000000,0.000000,1.000000
-1.974774,1.987067,-1.330329,-1.436802,-1.725306,-1.039566,0.000000,1.000000,0.000000,0.000000,0.000000
-0.394171,1.220361,-2.176787,2.714480,1.318195,1.098414,1.000000,0.000000,0.000000,0.000000,0.000000
-0.719129,1.076406,-0.958155,-0.688897,-1.308442,-1.077484,0.000000,1.000000,0.000000,0.000000,0.000000
-2.045447,2.350893,1.796273,0.167711,-0.562634,0.957478,0.000000,0.000000,0.000000,0.000000,1.000000
1.101764,-0.006556,-0.734876,0.270188,-1.175426,-1.615491,0.000000,1.000000,0.000000,0.000000,0.000000
-0.151104,0.554828,-1.148524,1.208418,0.535292,0.390505,1.000000,0.000000,0.000000,0.000000,0.000000
-2.735493,1.731137,-0.314291,-0.363943,0.686692,1.691627,1.000000,0.000000,0.000000,0.000000,0.000000
1.811637,-1.338254,1.410476,2.045863,1.583213,1.105125,0.000000,0.000000,0.000000,0.000000,1.000000
0.042942,-0.327611,-1.179020,-0.094114,0.309242,-0.076430,0.000000,0.000000,0.000000,1.000000,0.000000
-1.262063,-0.142421,-3.672618,-1.930892,-0.074948,-0.676671,1.000000,0.000000,0.000000,0.000000,0.000000
1.287976,-0.118510,-1.358432,0.533826,-1.011582,-1.686516,0.000000,1.000000,0.000000,0.000000,0.000000
-0.868159,0.536885,-1.799426,-1.622035,-1.244379,-1.300276,0.000000,1.000000,0.000000,0.000000,0.000000
-1.857099,1.938523,3.319417,-2.371885,-2.629465,-0.797878,0.000000,0.000000,1.000000,0.000000,0.000000
1.886163,1.794493,0.873368,2.858212,-2.290610,-2.117623,0.000000,0.000000,0.000000,0.000000,1.000000
1.873724,-0.367082,2.657643,2.282987,0.341544,0.407857,0.000000,0.000000,0.000000,1.000000,0.000000
3.892177,-1.028471,-0.143044,1.505571,-2.119358,-3.349381,0.000000,1.000000,0.000000,0.000000,0.000000
4.522887,-2.268902,-0.439396,2.302041,-0.375429,-2.174854,0.000000,1.000000,0.000000,0.000000,0.000000
1.940711,-1.424072,-1.860802,1.414982,0.876390,-0.444051,0.000000,1.000000,0.000000,0.000000,0.000000
3.467976,-1.451542,-0.584506,1.629702,-0.841127,-2.201603,0.000000,1.000000,0.000000,0.000000,0.000000
0.509197,-1.245436,0.081353,-0.858106,0.321498,-0.073059,0.000000,0.000000,0.000000,1.000000,0.000000
0.540455,-1.060548,-1.776627,0.745660,1.525809,0.658548,0.000000,1.000000,0.000000,0.000000,0.000000
1.556757,-1.320861,-0.511251,-0.625568,-0.717256,-1.521373,0.000000,0.000000,1.000000,0.000000,0.000000
-1.642496,2.743589,-0.652200,-0.288679,-2.138518,-1.197287,0.000000,1.000000,0.000000,0.000000,0.000000
-0.175408,0.805133,1.152408,-0.050092,-0.969996,-0.430189,0.000000,0.000000,0.000000,0.000000,1.000000
0.859414,-0.578578,0.247508,0.945219,0.637744,0.322044,0.000000,0.000000,0.000000,0.000000,1.000000
1.118798,-1.409938,-2.301101,1.411638,1.913947,0.672319,0.000000,0.000000,0.000000,1.000000,0.000000
-0.038220,1.538829,2.199545,-0.333048,-2.468881,-1.496573,0.000000,0.000000,1.000000,0.000000,0.000000
-0.237244,-0.445938,2.396617,1.581998,2.521354,2.998595,0.000000,0.000000,0.000000,1.000000,0.000000
3.305620,-1.089818,1.684811,0.206975,-2.487491,-3.105341,1.000000,0.000000,0.000000,0.000000,0.000000
-1.085411,1.962494,-1.235605,1.545208,0.028588,0.432503,1.000000,0.000000,0.000000,0.000000,0.000000
-2.028273,-1.728737,-1.368746,-2.045130,3.154841,2.881033,0.000000,0.000000,0.000000,1.000000,0.000000
-0.895496,-1.349157,-0.589324,-1.602340,1.570331,1.321607,0.000000,0.000000,0.000000,1.000000,0.000000
0.001605,-0.608508,-2.359758,-1.215760,-0.329813,-1.036061,1.000000,0.000000,0.000000,0.000000,0.000000
0.311954,-1.003479,-1.761256,0.610493,1.610090,0.817457,0.000000,0.000000,0.000000,1.000000,0.000000
-1.658107,1.960119,1.115854,-1.394345,-2.015337,-0.802084,0.000000,0.000000,1.000000,0.000000,0.000000
3.192873,-1.570454,0.708065,-0.006716,-1.865278,-2.820171,1.000000,0.000000,0.000000,0.000000,0.000000
0.027696,0.747854,-0.720954,0.834801,-0.330280,-0.345547,1.000000,0.000000,0.000000,0.000000,0.000000
0.373833,0.577347,0.421806,-0.602881,-1.898426,-1.704805,0.000000,0.000000,1.000000,0.000000,0.000000
1.591549,0.393558,-1.618461,2.851701,0.078652,-0.670816,0.000000,0.000000,1.000000,0.000000,0.000000
-2.002320,2.216986,-0.645738,-0.777099,-1.376165,-0.475594,0.000000,1.000000,0.000000,0.000000,0.000000
-0.629451,1.051451,-0.848522,-0.618181,-1.318808,-1.089701,0.000000,0.000000,0.000000,1.000000,0.000000
0.458413,0.177361,0.219814,0.701712,-0.173908,-0.198636,0.000000,0.000000,0.000000,0.000000,1.000000
1.466567,-0.612931,-0.443617,0.205523,-0.826371,-1.434070,0.000000,0.000000,1.000000,0.000000,0.000000
2.534823,-1.866776,0.577689,-0.567521,-1.121677,-2.021051,1.000000,0.000000,0.000000,0.000000,0.000000
-2.059016,1.033378,-3.893342,-3.183368,-1.956985,-2.082230,0.000000,1.000000,0.000000,0.000000,0.000000
-1.162490,1.259137,1.516130,-1.694703,-1.924201,-0.897996,0.000000,0.000000,1.000000,0.000000,0.000000
1.519358,0.372543,0.408985,1.763314,-0.811013,-1.010423,0.000000,0.000000,0.000000,0.000000,1.000000
0.882540,1.864358,1.274420,1.519897,-2.369581,-1.808994,0.000000,0.000000,0.000000,0.000000,1.000000
2.023344,0.878169,1.542759,2.387782,-1.579842,-1.498034,0.000000,0.000000,0.000000,0.000000,1.000000
-0.986823,-1.961860,-1.563967,-1.079979,3.065732,2.416216,0.000000,0.000000,0.000000,1.000000,0.000000
0.345878,1.070228,1.075035,-0.095190,-2.077708,-1.602360,0.000000,0.000000,1.000000,0.000000,0.000000
3.100086,-1.190562,-0.822425,1.459012,-0.910319,-2.172688,0.000000,1.000000,0.000000,0.000000,0.000000
0.532633,0.647316,-0.035018,0.214075,-1.427228,-1.391323,0.000000,0.000000,1.000000,0.000000,0.000000
-1.816174,0.347127,-2.005669,-0.477453,1.363323,1.380387,0.000000,0.000000,0.000000,1.000000,0.000000
-0.623196,1.631064,-0.137580,-0.184717,-1.739093,-1.196200,0.000000,0.000000,1.000000,0.000000,0.000000
1.837841,-1.114991,2.835321,2.360705,1.552481,1.470620,0.000000,0.000000,0.000000,1.000000,0.000000
0.900150,-0.116497,1.200818,1.297596,0.269348,0.291484,0.000000,0.000000,0.000000,0.000000,1.000000
1.705890,0.274371,1.024858,0.539537,-2.079570,-2.153081,0.000000,0.000000,1.000000,0.000000,0.000000
-0.323305,3.086918,1.502823,1.013483,-3.061337,-1.833698,0.000000,0.000000,1.000000,0.000000,0.000000
0.075512,-3.228291,-1.490817,-0.707730,3.883709,2.667018,0.000000,0.000000,0.000000,1.000000,0.000000
2.766618,-1.536098,-0.796265,1.469501,0.035781,-1.237046,0.000000,1.000000,0.000000,0.000000,0.000000
-0.520095,1.975375,-1.062088,0.956384,-1.289624,-0.946312,0.000000,0.000000,1.000000,0.000000,0.000000
-0.386195,-0.235724,-0.439293,0.051689,0.886918,0.800428,1.000000,0.000000,0.000000,0.000000,0.000000
-2.328142,1.156518,-0.011448,1.247624,2.549509,3.332619,0.000000,0.000000,0.000000,0.000000,1.000000
1.217593,0.745422,0.455789,0.639785,-2.041922,-2.026020,0.000000,0.000000,1.000000,0.000000,0.000000
-0.441816,-1.970688,-0.758663,-1.430809,2.045540,1.483074,0.000000,0.000000,0.000000,1.000000,0.000000
2.884627,-2.264604,-1.233716,1.914741,1.362024,-0.253251,0.000000,1.000000,0.000000,0.000000,0.000000
-2.316901,1.291052,-3.272655,-2.740410,-1.558543,-1.418618,0.000000,1.000000,0.000000,0.000000,0.000000
-2.126326,0.285989,-0.362920,-2.227279,0.197538,0.733995,0.000000,0.000000,0.000000,1.000000,0.000000
2.007731,-0.522489,0.541579,1.881458,-0.029937,-0.546460,0.000000,0.000000,0.000000,0.000000,1.000000
-0.907409,1.519010,-1.930722,2.337641,1.192932,1.240775,1.000000,0.000000,0.000000,0.000000,0.000000
0.327166,-2.858830,-0.370044,0.171569,3.886103,2.959464,0.000000,0.000000,0.000000,1.000000,0.000000
0.368583,-0.602409,1.465106,0.227780,0.640162,0.754268,0.000000,0.000000,0.000000,1.000000,0.000000
2.652660,-2.393106,1.247084,1.556456,1.547433,0.577758,0.000000,0.000000,0.000000,0.000000,1.000000
0.589910,-2.612659,-1.002414,-0.320575,2.701902,1.640941,0.000000,0.000000,0.000000,1.000000,0.000000
0.660767,-0.799224,-0.989301,1.229988,1.469841,0.823916,0.000000,0.000000,0.000000,1.000000,0.000000
2.568875,-0.514854,-1.559029,2.537765,-0.174223,-1.357678,0.000000,0.000000,1.000000,0.000000,0.000000
-0.243264,0.190019,0.600610,1.451632,1.449197,1.654569,0.000000,0.000000,0.000000,0.000000,1.000000
-0.978052,0.549121,0.109356,-1.557655,-1.024667,-0.581172,0.000000,0.000000,1.000000,0.000000,0.000000
0.062154,0.282208,-1.235537,1.372825,0.810882,0.519148,0.000000,0.000000,1.000000,0.000000,0.000000
2.307092,0.140867,-2.236786,2.299659,-1.027227,-2.138904,0.000000,0.000000,1.000000,0.000000,0.000000
3.788892,-1.517942,-0.840143,1.830780,-0.972624,-2.492731,0.000000,1.000000,0.000000,0.000000,0.000000
-0.458043,1.489411,-0.654808,-0.382132,-1.947129,-1.600469,0.000000,1.000000,0.000000,0.000000,0.000000
0.183020,-0.473292,1.251525,0.116646,0.583203,0.723742,0.000000,0.000000,0.000000,1.000000,0.000000
2.512006,-0.940088,-0.375042,1.042831,-0.902755,-1.842189,0.000000,1.000000,0.000000,0.000000,0.000000
-1.339059,0.332947,-1.568139,-0.605580,0.647491,0.666714,0.000000,0.000000,0.000000,1.000000,0.000000
1.958296,1.202344,1.325311,2.279781,-2.073895,-1.942165,0.000000,0.000000,0.000000,0.000000,1.000000
-1.417423,1.506192,-1.398473,1.664877,1.235655,1.548953,1.000000,0.000000,0.000000,0.000000,0.000000
-2.988626,1.727124,1.506507,-2.800244,-1.294588,0.299148,0.000000,0.000000,1.000000,0.000000,0.000000
2.697829,-1.570797,-0.723714,1.445062,0.153325,-1.094437,0.000000,1.000000,0.000000,0.000000,0.000000
-1.205262,0.525949,0.000963,-1.142436,-0.297335,0.150212,0.000000,1.000000,0.000000,0.000000,0.000000
-1.166258,0.489681,-1.210102,1.322599,2.058993,2.105435,1.000000,0.000000,0.000000,0.000000,0.000000
1.022088,0.979291,0.594435,1.798207,-1.008905,-0.891599,0.000000,0.000000,0.000000,1.000000,0.000000
-0.448332,-1.735513,0.135150,-1.330036,1.824749,1.544356,0.000000,0.000000,0.000000,0.000000,1.000000
-2.649907,2.886655,1.298915,0.266796,-0.467823,1.202681,0.000000,0.000000,0.000000,0.000000,1.000000
2.827354,-2.291063,0.325569,2.144634,1.723024,0.492867,0.000000,0.000000,0.000000,0.000000,1.000000
0.005089,1.747726,1.067935,0.474403,-2.069965,-1.359895,0.000000,0.000000,0.000000,0.000000,1.000000
-0.183154,2.055507,-1.027439,0.275609,-2.499504,-2.179221,0.000000,0.000000,1.000000,0.000000,0.000000
-0.437124,-0.611397,-0.421183,0.878980,2.296216,2.098723,0.000000,0.000000,0.000000,1.000000,0.000000
0.980614,0.980742,2.997675,-0.199901,-2.841240,-2.051215,0.000000,0.000000,1.000000,0.000000,0.000000
2.711433,0.348244,2.062243,2.380620,-1.702941,-1.786302,0.000000,1.000000,0.000000,0.000000,0.000000
-0.457971,1.119259,-0.273860,-0.090333,-1.121925,-0.788334,0.000000,1.000000,0.000000,0.000000,0.000000
-2.006287,1.390715,0.026684,1.147558,1.695026,2.480707,0.000000,0.000000,0.000000,0.000000,1.000000
-2.691876,0.431114,-4.779821,-1.641202,1.211535,0.797493,1.000000,0.000000,0.000000,0.000000,0.000000
-1.516717,2.231499,-2.316926,-1.081855,-2.350852,-1.959836,0.000000,1.000000,0.000000,0.000000,0.000000
1.590258,0.835407,-1.249200,2.203677,-1.179535,-1.698654,1.000000,0.000000,0.000000,0.000000,0.000000
0.341020,0.920041,-1.281137,1.243324,-0.603783,-0.796403,0.000000,0.000000,1.000000,0.000000,0.000000
0.701876,-1.920859,-0.643088,-1.539856,0.382806,-0.390521,0.000000,0.000000,1.000000,0.000000,0.000000
0.221660,-1.148984,-1.029328,0.063872,1.424681,0.813691,0.000000,0.000000,0.000000,0.000000,1.000000
0.584291,0.928726,-1.929978,2.289300,0.063966,-0.376796,0.000000,0.000000,1.000000,0.000000,0.000000
0.687163,0.674922,0.477478,0.599372,-1.288311,-1.165423,0.000000,1.000000,0.000000,0.000000,0.000000
1.077624,1.264571,0.674699,1.775066,-1.516431,-1.315467,0.000000,0.000000,0.000000,0.000000,1.000000
-0.427822,-0.505964,-1.832875,-0.640978,0.642445,0.171131,1.000000,0.000000,0.000000,0.000000,0.000000
0.863328,-1.628659,-1.253514,-0.860056,0.392987,-0.513444,1.000000,0.000000,0.000000,0.000000,0.000000
2.282523,-0.775044,0.080812,2.064489,0.148057,-0.617271,0.000000,0.000000,0.000000,0.000000,1.000000
1.899492,1.465396,0.728576,2.146134,-2.518461,-2.447635,0.000000,0.000000,1.000000,0.000000,0.000000
0.278253,1.446611,-2.460904,2.120351,-0.462142,-0.823515,0.000000,0.000000,1.000000,0.000000,0.000000
1.332554,1.210834,0.888812,1.900256,-1.645619,-1.467046,0.000000,0.000000,0.000000,0.000000,1.000000
0.273612,0.564759,-1.019690,1.708397,0.452483,0.230414,1.000000,0.000000,0.000000,0.000000,0.000000
-0.086846,3.027765,1.685178,0.858893,-3.428742,-2.219332,0.000000,0.000000,0.000000,0.000000,1.000000
-2.028232,2.772307,0.495452,0.086614,-1.297459,0.010099,0.000000,0.000000,0.000000,0.000000,1.000000
-0.923890,-1.087531,-0.508918,-1.551227,1.277850,1.122901,0.000000,0.000000,0.000000,1.000000,0.000000
0.820558,1.242108,2.061807,0.716598,-2.145675,-1.513498,0.000000,0.000000,0.000000,0.000000,1.000000
2.744171,-1.306958,1.582012,1.839323,0.129009,-0.500368,0.000000,0.000000,0.000000,0.000000,1.000000
0.836211,-0.231073,-0.322030,-0.636961,-1.370962,-1.678142,1.000000,0.000000,0.000000,0.000000,0.000000
-1.445775,0.625728,-2.793336,-2.408582,-1.397066,-1.520409,0.000000,1.000000,0.000000,0.000000,0.000000
-0.054684,-1.748460,-2.020983,-0.041924,2.535958,1.585877,0.000000,0.000000,0.000000,1.000000,0.000000
1.605511,-0.501820,0.305386,1.684495,0.269289,-0.203655,0.000000,0.000000,0.000000,0.000000,1.000000
-1.290796,-0.202084,-0.285091,-0.102773,1.868209,2.036794,1.000000,0.000000,0.000000,0.000000,0.000000
-0.137237,2.210670,-1.639718,2.324378,-0.821082,-0.690366,1.000000,0.000000,0.000000,0.000000,0.000000
1.000683,-1.644422,-0.691608,-1.036939,0.076425,-0.719619,1.000000,0.000000,0.000000,0.000000,0.000000
0.279083,1.191380,-2.675227,1.073416,-1.104849,-1.552137,0.000000,0.000000,1.000000,0.000000,0.000000
-0.664363,-1.880586,-3.885762,0.029638,3.557853,2.244358,0.000000,0.000000,0.000000,1.000000,0.000000
1.508868,-0.981673,0.586336,0.460159,-0.082866,-0.550434,0.000000,0.000000,0.000000,1.000000,0.000000
0.040064,-0.588975,-2.540589,-0.750969,0.036539,-0.733547,1.000000,0.000000,0.000000,0.000000,0.000000
-0.157339,1.900666,1.998204,0.355927,-2.179179,-1.157467,0.000000,0.000000,0.000000,0.000000,1.000000
-0.732834,-0.248238,-0.108505,-0.589996,0.743254,0.834650,0.000000,0.000000,0.000000,0.000000,1.000000
0.208770,0.213485,0.678439,0.371581,-0.211999,-0.046396,0.000000,1.000000,0.000000,0.000000,0.000000
-0.846420,-0.314591,-0.375294,-2.279337,-0.644859,-0.555388,0.000000,0.000000,1.000000,0.000000,0.000000
-1.337927,-0.171796,0.623477,-1.663505,0.397258,0.861951,0.000000,0.000000,0.000000,0.000000,1.000000
-1.979581,0.169399,-3.047044,-2.367967,-0.005263,-0.193904,1.000000,0.000000,0.000000,0.000000,0.000000
2.391545,-0.345068,-0.111246,0.252270,-2.367589,-3.030885,1.000000,0.000000,0.000000,0.000000,0.000000
1.600256,-1.813480,0.974660,-0.675642,-0.081179,-0.654868,1.000000,0.000000,0.000000,0.000000,0.000000
-1.782998,0.501625,-0.757068,-2.359405,-0.696169,-0.273064,0.000000,0.000000,1.000000,0.000000,0.000000
-0.831552,0.998027,-1.764561,2.306368,1.823737,1.759128,1.000000,0.000000,0.000000,0.000000,0.000000
-2.020402,5.478166,2.795477,-0.465120,-5.730368,-3.120079,0.000000,0.000000,0.000000,0.000000,1.000000
-2.018072,1.822704,-2.743872,-2.052832,-2.047900,-1.726129,0.000000,1.000000,0.000000,0.000000,0.000000
-0.444798,0.582182,-0.731878,0.866890,0.555529,0.598591,1.000000,0.000000,0.000000,0.000000,0.000000
-1.315987,1.483136,-1.163133,-0.957822,-1.385677,-0.955308,0.000000,1.000000,0.000000,0.000000,0.000000
0.238357,2.100167,1.435879,0.943246,-2.427245,-1.600625,0.000000,0.000000,0.000000,0.000000,1.000000
2.392355,-0.240977,0.379156,-0.106924,-2.857553,-3.359834,1.000000,0.000000,0.000000,0.000000,0.000000
0.910053,2.160680,1.895156,1.552019,-2.794243,-2.008521,0.000000,0.000000,0.000000,0.000000,1.000000
-1.765514,-0.631122,-1.209682,-1.817397,1.440949,1.430283,0.000000,0.000000,0.000000,1.000000,0.000000
0.793067,0.476901,0.304587,1.472849,-0.299765,-0.325008,0.000000,0.000000,0.000000,0.000000,1.000000
1.790116,1.085310,1.230042,2.447791,-1.524946,-1.415706,0.000000,0.000000,0.000000,0.000000,1.000000
-1.886419,0.751238,-2.136365,-2.356826,-0.945290,-0.775382,0.000000,1.000000,0.000000,0.000000,0.000000
-2.071562,2.185572,2.137994,-1.597338,-1.983306,-0.357357,0.000000,0.000000,1.000000,0.000000,0.000000
-1.659768,1.482083,-0.437128,-0.230282,-0.223740,0.439296,1.000000,0.000000,0.000000,0.000000,0.000000
0.668410,1.754990,1.277110,1.240156,-2.201743,-1.612073,0.000000,0.000000,0.000000,0.000000,1.000000
2.925520,-1.545974,0.043184,0.029434,-1.529677,-2.584373,1.000000,0.000000,0.000000,0.000000,0.000000
-1.824166,0.749921,-1.180899,-1.161344,0.143790,0.496615,0.000000,0.000000,0.000000,1.000000,0.000000
1.823405,-1.212393,-0.149688,-1.019660,-1.595095,-2.327434,1.000000,0.000000,0.000000,0.000000,0.000000
0.014884,-0.269912,-1.053943,1.954450,2.237809,1.836371,0.000000,0.000000,0.000000,0.000000,1.000000
3.156371,-1.719919,1.602715,2.108454,0.452481,-0.382300,0.000000,0.000000,0.000000,0.000000,1.000000
-1.137313,1.425421,-1.081094,1.264134,0.608025,0.929314,1.000000,0.000000,0.000000,0.000000,0.000000
-0.810847,1.550605,2.172532,-1.354362,-2.465740,-1.289768,0.000000,0.000000,1.000000,0.000000,0.000000
-0.353636,1.504984,0.805609,0.395441,-1.331436,-0.667593,0.000000,0.000000,0.000000,0.000000,1.000000
-3.674039,2.142663,0.952798,-3.077449,-1.283386,0.445676,1.000000,0.000000,0.000000,0.000000,0.000000
0.525926,1.428213,1.108609,0.846526,-1.923931,-1.417391,0.000000,0.000000,0.000000,0.000000,1.000000
-0.573534,2.306198,-2.423972,2.502698,-0.234042,-0.180845,0.000000,0.000000,1.000000,0.000000,0.000000
-0.025549,0.644569,-2.822471,0.364053,-0.600409,-1.136842,0.000000,0.000000,1.000000,0.000000,0.000000
-0.594793,1.024440,-0.327051,-0.336272,-1.044138,-0.709939,0.000000,1.000000,0.000000,0.000000,0.000000
0.201595,1.898757,-2.885934,2.985944,-0.192478,-0.551493,0.000000,0.000000,1.000000,0.000000,0.000000
-0.232847,2.689992,1.819855,0.855731,-2.749002,-1.562634,0.000000,0.000000,1.000000,0.000000,0.000000
-0.153310,-0.243892,-0.601244,0.249758,0.784012,0.596366,1.000000,0.000000,0.000000,0.000000,0.000000
-3.474121,4.158958,2.232467,-1.330288,-2.766923,-0.290383,0.000000,0.000000,1.000000,0.000000,0.000000
-0.148096,0.483151,-0.652855,0.617847,0.074942,0.053239,1.000000,0.000000,0.000000,0.000000,0.000000
-2.553793,2.255552,-1.800163,1.787863,1.736566,2.398889,1.000000,0.000000,0.000000,0.000000,0.000000
-1.736159,0.456965,-0.290901,-0.033381,1.556826,1.995704,1.000000,0.000000,0.000000,0.000000,0.000000
-1.614406,-0.481827,-0.872482,-0.816828,1.997373,2.042600,0.000000,0.000000,0.000000,1.000000,0.000000
0.880523,0.283336,1.496562,0.545546,-1.005447,-0.774731,0.000000,1.000000,0.000000,0.000000,0.000000
2.397983,-1.414652,1.039287,-0.673653,-1.694842,-2.325932,0.000000,0.000000,1.000000,0.000000,0.000000
2.533158,-1.231861,-1.154976,1.370077,-0.204454,-1.430224,0.000000,1.000000,0.000000,0.000000,0.000000
-2.090302,0.643259,0.755126,-2.239310,-0.360781,0.539899,0.000000,0.000000,0.000000,0.000000,1.000000
-2.427271,0.943202,-0.160173,-0.981423,0.838080,1.624479,1.000000,0.000000,0.000000,0.000000,0.000000
-1.362129,-0.095285,-1.834049,-0.581361,1.318316,1.162709,0.000000,0.000000,0.000000,1.000000,0.000000
-0.890881,1.046082,-0.854297,-0.817771,-1.163445,-0.871934,0.000000,1.000000,0.000000,0.000000,0.000000
-1.416550,0.997719,1.136603,1.188442,1.557291,2.380961,0.000000,0.000000,0.000000,0.000000,1.000000
-1.194438,1.879572,-0.645092,0.365061,-0.836169,-0.243824,0.000000,0.000000,1.000000,0.000000,0.000000
-3.337247,2.397937,0.787456,0.548671,1.398739,2.957784,0.000000,0.000000,0.000000,0.000000,1.000000
-0.193140,-1.260858,-1.954144,0.026718,2.075022,1.299173,0.000000,0.000000,0.000000,1.000000,0.000000
1.608341,0.682804,-1.008325,2.267328,-0.915955,-1.421817,0.000000,0.000000,1.000000,0.000000,0.000000
0.218277,2.101943,2.075621,1.916489,-1.455099,-0.497224,0.000000,1.000000,0.000000,0.000000,0.000000
-0.714232,2.457567,-1.102856,0.141547,-2.523348,-1.991980,0.000000,1.000000,0.000000,0.000000,0.000000
0.609870,-0.618909,-2.187496,0.008678,0.076968,-0.766472,1.000000,0.000000,0.000000,0.000000,0.000000
-2.029320,1.037409,0.731669,-2.373451,-1.142242,-0.152380,0.000000,0.000000,1.000000,0.000000,0.000000
-3.315773,1.247503,-0.140093,-2.921350,-0.317261,0.818441,0.000000,0.000000,1.000000,0.000000,0.000000
0.021977,0.187527,1.989845,0.543539,0.256655,0.776958,0.000000,0.000000,1.000000,0.000000,0.000000
-0.295604,1.061758,-0.605153,-0.494709,-1.644802,-1.431526,0.000000,1.000000,0.000000,0.000000,0.000000
-0.455905,0.857765,-0.171954,-0.796655,-1.423572,-1.110718,0.000000,0.000000,1.000000,0.000000,0.000000
4.876792,-3.112998,-1.391204,2.995366,1.042208,-1.319015,0.000000,1.000000,0.000000,0.000000,0.000000
-0.064651,-1.426215,-1.645415,-0.090574,2.040378,1.272542,0.000000,0.000000,0.000000,1.000000,0.000000
2.649679,-3.238633,1.298440,-1.215680,0.109439,-0.977857,1.000000,0.000000,0.000000,0.000000,0.000000
-2.478513,3.211633,1.282225,0.041255,-1.380336,0.341044,0.000000,0.000000,0.000000,0.000000,1.000000
-0.924356,0.594267,1.477898,-1.981748,-1.545337,-0.748183,0.000000,0.000000,1.000000,0.000000,0.000000
-1.620013,2.352084,1.283506,0.393308,-0.908986,0.381309,0.000000,0.000000,0.000000,0.000000,1.000000
-0.019057,-1.586040,-0.910925,-0.706145,1.632672,1.015170,0.000000,0.000000,0.000000,1.000000,0.000000
0.334977,-1.564267,-0.564754,-2.263230,-0.353664,-0.906911,1.000000,0.000000,0.000000,0.000000,0.000000
-0.750684,2.477691,2.293057,-0.277244,-2.850764,-1.449222,0.000000,0.000000,0.000000,0.000000,1.000000
-0.907775,-0.093226,-2.199961,0.149091,1.422019,1.049941,0.000000,0.000000,0.000000,1.000000,0.000000
-0.467496,1.386166,1.887244,-0.214786,-1.580285,-0.633559,0.000000,0.000000,0.000000,0.000000,1.000000
0.283244,1.123719,0.230492,-0.735113,-2.704915,-2.389615,0.000000,1.000000,0.000000,0.000000,0.000000
-0.559382,1.652361,-1.875062,1.184235,-0.563680,-0.506299,0.000000,0.000000,1.000000,0.000000,0.000000
0.749320,0.875936,-0.844732,1.202226,-1.102829,-1.288959,1.000000,0.000000,0.000000,0.000000,0.000000
0.555389,-0.135135,1.544864,1.439061,0.886915,1.062057,0.000000,0.000000,0.000000,0.000000,1.000000
0.339380,-0.215087,-0.075783,-0.965460,-1.060407,-1.179932,0.000000,0.000000,1.000000,0.000000,0.000000
2.639788,-1.080096,0.289074,2.522138,0.571058,-0.318580,0.000000,0.000000,0.000000,0.000000,1.000000
0.743899,-0.805950,2.438823,1.798749,1.977957,2.143351,0.000000,0.000000,0.000000,1.000000,0.000000
-0.157101,-0.973174,-1.486218,-0.221539,1.379073,0.795599,0.000000,0.000000,0.000000,1.000000,0.000000
-1.552174,2.374832,1.961195,-0.689036,-2.061510,-0.576124,0.000000,0.000000,1.000000,0.000000,0.000000
0.684380,-0.493803,-1.371169,0.798388,0.573148,-0.077692,0.000000,0.000000,0.000000,1.000000,0.000000
0.655247,-1.594002,1.592454,1.478251,2.914689,2.692287,0.000000,0.000000,0.000000,1.000000,0.000000
0.476065,0.573977,-1.377577,2.251012,0.692520,0.320594,0.000000,0.000000,1.000000,0.000000,0.000000
-2.480202,0.793583,-2.687035,-3.039172,-0.901460,-0.701150,0.000000,1.000000,0.000000,0.000000,0.000000
-1.389042,2.247999,1.629749,-0.954560,-2.350898,-1.008998,0.000000,0.000000,1.000000,0.000000,0.000000
3.616364,-1.850454,-1.295157,2.027131,-0.083860,-1.772662,0.000000,1.000000,0.000000,0.000000,0.000000
-1.735065,-0.220927,0.427878,-1.831301,0.820060,1.317840,1.000000,0.000000,0.000000,0.000000,0.000000
-0.941254,0.698706,0.891955,-2.144778,-1.842133,-1.153547,0.000000,0.000000,1.000000,0.000000,0.000000
0.696767,0.885594,2.735874,0.389422,-1.770580,-1.026714,0.000000,0.000000,0.000000,1.000000,0.000000
-0.727576,1.125112,0.063454,-0.110520,-0.793528,-0.313579,0.000000,0.000000,1.000000,0.000000,0.000000
-3.070519,2.967929,1.114099,-0.048056,-0.345415,1.405494,0.000000,0.000000,0.000000,0.000000,1.000000
-1.326634,0.685405,-1.121246,-0.762098,-0.023807,0.201926,0.000000,1.000000,0.000000,0.000000,0.000000
-0.276090,0.503649,-0.108794,-0.321030,-0.683703,-0.504962,0.000000,1.000000,0.000000,0.000000,0.000000
-3.778953,3.183143,-0.056040,0.107781,0.393419,2.064437,0.000000,0.000000,0.000000,0.000000,1.000000
-1.882084,-2.877893,0.093802,-3.533719,3.224637,3.026876,0.000000,0.000000,0.000000,1.000000,0.000000
0.189096,1.038887,-1.366811,-0.062957,-1.838891,-1.943718,0.000000,1.000000,0.000000,0.000000,0.000000
-0.644697,2.550944,2.397141,-0.286419,-3.102057,-1.678771,0.000000,0.000000,0.000000,0.000000,1.000000
1.216293,0.712516,-1.022214,0.958783,-1.710290,-2.080212,0.000000,0.000000,1.000000,0.000000,0.000000
-3.002941,2.572767,1.039179,0.355584,0.528317,2.127555,0.000000,0.000000,0.000000,0.000000,1.000000
-1.201972,2.451888,0.559313,0.594517,-1.416065,-0.379512,0.000000,0.000000,0.000000,0.000000,1.000000
0.250200,-1.412185,-1.931050,0.397232,2.075687,1.153831,0.000000,0.000000,0.000000,1.000000,0.000000
-0.801952,1.767175,1.005169,-0.399711,-1.892001,-0.982308,0.000000,0.000000,0.000000,0.000000,1.000000
-0.817541,-2.010807,-1.475783,-1.275285,2.730024,2.058023,0.000000,0.000000,0.000000,1.000000,0.000000
2.100301,-1.258932,-0.147473,0.104939,-0.804001,-1.647678,1.000000,0.000000,0.000000,0.000000,0.000000
2.177536,-2.429822,1.178175,-1.137962,-0.378584,-1.178674,1.000000,0.000000,0.000000,0.000000,0.000000
-0.268133,-0.670190,-0.944498,-0.526198,0.799069,0.465173,0.000000,0.000000,0.000000,1.000000,0.000000
1.471831,-0.907646,-1.436523,0.942157,0.287670,-0.670091,0.000000,1.000000,0.000000,0.000000,0.000000
1.802553,-0.119228,2.105634,1.395469,-0.790446,-0.750031,0.000000,0.000000,0.000000,0.000000,1.000000
-0.364721,-0.746725,-1.355836,-2.313883,-0.693578,-1.068489,1.000000,0.000000,0.000000,0.000000,0.000000
-1.785548,0.065114,-0.566869,-0.301574,1.927125,2.213950,1.000000,0.000000,0.000000,0.000000,0.000000
-0.759660,0.062794,-0.593786,-0.191864,0.701672,0.747596,0.000000,0.000000,0.000000,1.000000,0.000000
1.012309,0.971604,1.570477,1.066738,-1.673135,-1.289056,0.000000,0.000000,0.000000,0.000000,1.000000
2.990660,0.290539,2.139914,2.938412,-1.443482,-1.604020,0.000000,0.000000,0.000000,0.000000,1.000000
-2.173013,0.375153,-1.158280,-2.178933,0.161754,0.533261,0.000000,0.000000,1.000000,0.000000,0.000000
-0.050529,-0.368966,1.029774,-0.342305,0.289401,0.470151,0.000000,0.000000,0.000000,0.000000,1.000000
-1.919081,2.089494,1.152098,-1.047597,-1.529184,-0.225808,0.000000,0.000000,1.000000,0.000000,0.000000
0.458054,-0.678260,-1.332753,0.475598,0.825046,0.196476,0.000000,1.000000,0.000000,0.000000,0.000000
-0.150113,-0.137605,-0.115209,0.070016,0.460579,0.426924,0.000000,0.000000,0.000000,0.000000,1.000000
-2.977138,0.347728,-0.297091,-3.267884,0.212776,1.007313,0.000000,0.000000,0.000000,1.000000,0.000000
0.239755,1.074912,-0.491544,-0.134181,-2.010792,-1.897873,0.000000,1.000000,0.000000,0.000000,0.000000
4.103063,-2.258589,-0.686367,2.207862,0.060579,-1.700164,0.000000,1.000000,0.000000,0.000000,0.000000
3.111087,-2.982956,-2.799034,2.678620,2.820260,0.550396,0.000000,1.000000,0.000000,0.000000,0.000000
1.812715,-1.963290,-1.183853,-0.658059,-0.159726,-1.356871,0.000000,0.000000,1.000000,0.000000,0.000000
0.377013,0.570202,-0.580242,-0.996812,-2.288815,-2.333316,0.000000,0.000000,1.000000,0.000000,0.000000
-0.188273,-0.211309,1.165887,1.440474,1.959520,2.187121,0.000000,0.000000,0.000000,0.000000,1.000000
1.565474,-0.524159,-0.895834,1.682097,0.331008,-0.436876,0.000000,0.000000,1.000000,0.000000,0.000000
3.073683,-1.370620,0.410711,0.251446,-1.756884,-2.714637,1.000000,0.000000,0.000000,0.000000,0.000000
-1.786570,1.363020,-0.279640,-0.718926,-0.354018,0.361349,0.000000,1.000000,0.000000,0.000000,0.000000
-3.017804,3.664114,1.658500,-1.131440,-2.459740,-0.365365,0.000000,0.000000,1.000000,0.000000,0.000000
0.479452,-1.044472,-0.640796,-1.086015,-0.163632,-0.669996,1.000000,0.000000,0.000000,0.000000,0.000000
-3.399023,-0.029068,-2.951283,-3.779322,0.770683,0.918586,1.000000,0.000000,0.000000,0.000000,0.000000
-1.267826,1.501616,2.042616,0.576490,0.057804,1.226596,0.000000,0.000000,0.000000,0.000000,1.000000
0.158546,1.042668,-0.613969,0.192227,-1.545952,-1.464624,0.000000,0.000000,1.000000,0.000000,0.000000
1.992158,0.602930,0.268117,1.273507,-2.234815,-2.497911,0.000000,0.000000,1.000000,0.000000,0.000000
-0.197549,0.269606,-1.038016,1.240147,1.042440,0.859028,1.000000,0.000000,0.000000,0.000000,0.000000
0.865788,0.902144,-1.493277,2.475681,-0.076461,-0.485194,0.000000,0.000000,1.000000,0.000000,0.000000
-1.312354,0.966114,-0.754624,-0.959761,-0.634310,-0.239995,0.000000,1.000000,0.000000,0.000000,0.000000
0.961514,0.438373,1.522147,0.961698,-0.934572,-0.688560,0.000000,0.000000,0.000000,0.000000,1.000000
-1.151669,0.389821,0.013334,-0.951974,0.014421,0.410683,1.000000,0.000000,0.000000,0.000000,0.000000
3.989930,-3.365405,-1.896268,2.899544,2.461183,0.109883,0.000000,1.000000,0.000000,0.000000,0.000000
2.818906,-1.187072,2.681243,1.588493,-0.365239,-0.698527,0.000000,0.000000,0.000000,1.000000,0.000000
-2.601614,2.380791,-0.118417,-1.644759,-1.661756,-0.423749,0.000000,0.000000,1.000000,0.000000,0.000000
0.609678,1.443993,-1.860376,1.582773,-1.397032,-1.666425,0.000000,0.000000,1.000000,0.000000,0.000000
-1.586269,1.260330,-0.810536,0.380598,0.584992,1.059888,1.000000,0.000000,0.000000,0.000000,0.000000
-0.745455,1.934958,-1.300468,1.496500,-0.421531,-0.115565,0.000000,0.000000,1.000000,0.000000,0.000000
-0.975096,2.024840,-0.923047,-0.601467,-2.268383,-1.723530,0.000000,1.000000,0.000000,0.000000,0.000000
-0.796770,-1.836979,-1.701341,-0.784779,2.919269,2.216227,0.000000,0.000000,0.000000,1.000000,0.000000
1.995153,-0.131180,-0.488232,0.589089,-1.844709,-2.467401,0.000000,1.000000,0.000000,0.000000,0.000000
1.514594,-0.559103,0.752636,1.272388,0.081294,-0.261678,0.000000,0.000000,0.000000,0.000000,1.000000
0.655464,-0.948978,-0.772233,-0.931376,-0.384476,-0.942824,1.000000,0.000000,0.000000,0.000000,0.000000
-1.183781,0.704941,-1.201511,1.108400,1.562874,1.679428,1.000000,0.000000,0.000000,0.000000,0.000000
0.279541,1.243924,1.234024,-0.154899,-2.298561,-1.720980,0.000000,0.000000,1.000000,0.000000,0.000000
0.730212,-0.211546,-0.284552,0.098113,-0.552615,-0.846098,0.000000,1.000000,0.000000,0.000000,0.000000
0.188568,-0.290219,-0.358123,-0.017111,0.153746,-0.053541,0.000000,1.000000,0.000000,0.000000,0.000000
-0.307555,-0.287988,2.716688,-0.532506,0.351528,1.036259,0.000000,0.000000,0.000000,1.000000,0.000000
-0.281208,-1.399796,0.021410,-0.830399,1.599231,1.325232,0.000000,0.000000,0.000000,0.000000,1.000000
0.701618,-1.523272,-1.940876,1.042863,2.271906,1.195522,0.000000,1.000000,0.000000,0.000000,0.000000
1.177759,-0.752946,4.308163,0.912551,0.514816,1.090427,0.000000,0.000000,0.000000,1.000000,0.000000
-3.276746,3.947601,2.965664,-0.841231,-2.232883,0.309172,0.000000,0.000000,0.000000,0.000000,1.000000
0.117274,-0.089271,-0.521071,1.052957,0.982786,0.768464,1.000000,0.000000,0.000000,0.000000,0.000000
-0.086369,-1.109393,-0.614702,-2.006527,-0.219987,-0.579502,0.000000,0.000000,1.000000,0.000000,0.000000
0.382996,1.374274,-2.229420,2.669826,0.040079,-0.324783,0.000000,0.000000,1.000000,0.000000,0.000000
-3.326093,2.622005,-0.347958,-0.921971,-0.377534,1.005553,1.000000,0.000000,0.000000,0.000000,0.000000
-1.604035,1.623976,-0.463192,0.044503,-0.238014,0.434404,1.000000,0.000000,0.000000,0.000000,0.000000
-2.961268,3.460125,0.405815,-0.189627,-1.350899,0.334597,0.000000,0.000000,0.000000,0.000000,1.000000
-2.063688,-2.532251,-0.093670,-3.210357,3.267095,3.144102,0.000000,0.000000,0.000000,1.000000,0.000000
-1.594869,0.623500,-0.725069,0.030201,1.185051,1.526422,1.000000,0.000000,0.000000,0.000000,0.000000
-1.336730,-0.332614,-0.439920,-1.775307,0.503443,0.665197,0.000000,0.000000,0.000000,1.000000,0.000000
1.918888,0.505256,0.560206,1.615714,-1.662967,-1.874394,0.000000,1.000000,0.000000,0.000000,0.000000
-0.215211,-0.766041,1.197538,-0.670342,0.767124,0.932393,0.000000,0.000000,0.000000,1.000000,0.000000
0.917909,-2.384053,-0.284234,-1.902772,0.431138,-0.411901,1.000000,0.000000,0.000000,0.000000,0.000000
1.280191,-0.295849,0.654028,-0.276390,-1.490178,-1.683814,0.000000,0.000000,1.000000,0.000000,0.000000
-0.213075,1.297025,-0.187971,-0.746212,-2.329062,-1.960174,0.000000,0.000000,1.000000,0.000000,0.000000
-0.880629,-0.945579,-1.339695,-1.052722,1.481537,1.131624,0.000000,0.000000,0.000000,1.000000,0.000000
-1.046359,0.818974,-1.090360,-1.135406,-0.941441,-0.723100,0.000000,1.000000,0.000000,0.000000,0.000000
-0.721988,0.688024,-1.497135,-1.079120,-1.125751,-1.117555,0.000000,1.000000,0.000000,0.000000,0.000000
3.270403,-0.370629,-1.646562,2.424141,-1.406954,-2.727456,0.000000,0.000000,1.000000,0.000000,0.000000
0.724849,-0.823581,-1.451824,0.635322,0.841050,0.079385,0.000000,1.000000,0.000000,0.000000,0.000000
-0.311246,0.582898,-0.370213,-0.546281,-0.974581,-0.824368,0.000000,1.000000,0.000000,0.000000,0.000000
-2.923444,3.206204,1.042200,-1.114360,-1.911369,-0.112703,0.000000,0.000000,1.000000,0.000000,0.000000
-1.076423,0.668937,0.848788,-1.922482,-1.409676,-0.716792,0.000000,0.000000,1.000000,0.000000,0.000000
1.480045,-0.628545,0.236527,1.950105,0.871255,0.366983,0.000000,0.000000,0.000000,0.000000,1.000000
-0.868967,-1.830253,-1.975074,-2.477631,1.367683,0.671153,1.000000,0.000000,0.000000,0.000000,0.000000
-1.187283,1.825736,-0.677637,0.039786,-1.081226,-0.501942,1.000000,0.000000,0.000000,0.000000,0.000000
3.221203,-1.888719,-1.178063,1.860745,0.327277,-1.248459,0.000000,1.000000,0.000000,0.000000,0.000000
-0.111886,1.583872,-1.224811,1.779449,-0.461555,-0.381079,1.000000,0.000000,0.000000,0.000000,0.000000
0.949894,-1.597515,-0.499648,-1.316107,-0.191363,-0.906673,0.000000,0.000000,1.000000,0.000000,0.000000
-1.395379,1.346806,-0.791649,0.541040,0.366052,0.820355,1.000000,0.000000,0.000000,0.000000,0.000000
-1.268234,-0.469640,-1.541806,-0.734663,1.597258,1.399277,0.000000,0.000000,0.000000,1.000000,0.000000
1.624908,2.094098,1.754000,2.367751,-2.843593,-2.297948,0.000000,0.000000,0.000000,0.000000,1.000000
1.133776,-0.163449,1.475925,1.483070,0.217132,0.236571,0.000000,0.000000,0.000000,0.000000,1.000000
0.973576,-2.007169,-0.116760,0.462389,2.092960,1.299726,0.000000,0.000000,0.000000,1.000000,0.000000
-1.047853,1.124801,0.373001,1.127729,0.821726,1.408883,0.000000,0.000000,0.000000,1.000000,0.000000
0.401455,0.296216,-0.463983,0.408230,-0.566908,-0.707344,1.000000,0.000000,0.000000,0.000000,0.000000
0.088290,1.489149,-0.012827,0.080611,-2.200411,-1.832405,0.000000,1.000000,0.000000,0.000000,0.000000
2.739504,0.187604,-1.846450,1.839096,-2.094513,-3.178528,0.000000,0.000000,1.000000,0.000000,0.000000
1.507369,1.052123,2.024016,0.685400,-2.793550,-2.373879,0.000000,0.000000,0.000000,0.000000,1.000000
-1.010196,1.223581,1.041739,-1.218734,-1.620100,-0.771033,0.000000,0.000000,1.000000,0.000000,0.000000
0.349187,1.794701,0.429906,1.246108,-1.853020,-1.391736,0.000000,0.000000,0.000000,0.000000,1.000000
-1.779104,1.355480,-0.366175,-1.377018,-0.988311,-0.276129,0.000000,1.000000,0.000000,0.000000,0.000000
4.001469,-1.881372,0.143043,3.498339,0.902268,-0.573215,0.000000,0.000000,0.000000,0.000000,1.000000
1.619861,-1.105426,-0.856272,0.923426,0.374302,-0.524306,0.000000,1.000000,0.000000,0.000000,0.000000
2.540647,-1.225515,-1.332442,1.438516,-0.160498,-1.432590,0.000000,1.000000,0.000000,0.000000,0.000000
-1.497490,-0.664838,-0.436522,-2.057514,0.923220,1.043440,0.000000,0.000000,0.000000,1.000000,0.000000
-2.087183,2.488844,1.402312,-1.482304,-2.305221,-0.781999,0.000000,0.000000,1.000000,0.000000,0.000000
0.340950,1.651377,0.865589,0.962164,-1.900270,-1.357438,0.000000,0.000000,0.000000,0.000000,1.000000
-0.634872,-0.541062,-1.612458,-0.175703,1.414719,1.019711,0.000000,0.000000,0.000000,1.000000,0.000000
2.469771,-0.904077,-0.830210,1.114733,-0.838625,-1.874423,0.000000,1.000000,0.000000,0.000000,0.000000
1.897737,0.663115,0.465734,2.401953,-1.108841,-1.323472,0.000000,0.000000,0.000000,0.000000,1.000000
1.080672,-0.833529,-1.524655,-0.552861,-0.753250,-1.575732,1.000000,0.000000,0.000000,0.000000,0.000000
0.000040,-2.616560,-1.108894,-0.973029,2.844193,1.909761,0.000000,0.000000,0.000000,1.000000,0.000000
-2.376225,1.598186,-2.111005,2.267577,2.917401,3.273002,1.000000,0.000000,0.000000,0.000000,0.000000
0.797569,3.348604,2.472475,1.695405,-4.225478,-2.962026,0.000000,0.000000,0.000000,0.000000,1.000000
0.079522,-1.705359,-1.051851,-0.601642,1.776078,1.066479,0.000000,0.000000,0.000000,1.000000,0.000000
-0.500515,-1.534855,-1.102437,-1.008977,1.889374,1.355899,0.000000,0.000000,0.000000,1.000000,0.000000
-1.888271,0.828740,0.532209,-2.163485,-0.823668,0.022914,0.000000,0.000000,1.000000,0.000000,0.000000
0.612711,-2.929054,0.395476,0.052935,3.515536,2.700255,0.000000,0.000000,0.000000,1.000000,0.000000
1.821427,-1.731455,-0.571640,-0.029826,0.107928,-0.898920,1.000000,0.000000,0.000000,0.000000,0.000000
0.926467,0.619005,-0.852417,1.638789,-0.539501,-0.849731,0.000000,0.000000,1.000000,0.000000,0.000000
-2.641083,2.249623,1.884162,-2.225690,-1.945472,-0.216960,0.000000,0.000000,1.000000,0.000000,0.000000
-0.078796,1.428126,0.096371,1.173286,-0.839856,-0.459887,0.000000,0.000000,1.000000,0.000000,0.000000
0.979752,1.382909,-0.911704,1.043887,-2.292582,-2.407676,0.000000,0.000000,1.000000,0.000000,0.000000
-1.122432,1.059162,1.694698,-3.110778,-3.047142,-1.991223,0.000000,0.000000,1.000000,0.000000,0.000000
1.358882,0.199741,-0.144485,1.596282,-0.521699,-0.862594,0.000000,0.000000,0.000000,1.000000,0.000000
2.525938,-2.055381,-1.841132,1.878456,1.479243,-0.149847,0.000000,1.000000,0.000000,0.000000,0.000000
-1.448405,-0.317223,-1.246815,-2.371287,0.038333,0.048836,0.000000,1.000000,0.000000,0.000000,0.000000
-2.533049,3.363425,-2.811739,3.765837,1.988856,2.622386,1.000000,0.000000,0.000000,0.000000,0.000000
1.673525,-1.032704,1.403937,1.556772,0.847648,0.495988,0.000000,0.000000,0.000000,1.000000,0.000000
-0.376221,0.471845,-0.586693,-0.471459,-0.660381,-0.581179,0.000000,1.000000,0.000000,0.000000,0.000000
-0.969649,1.985090,-1.800481,2.537816,0.791957,1.002605,1.000000,0.000000,0.000000,0.000000,0.000000
-1.786470,1.048177,-1.297446,1.042901,1.783309,2.104068,1.000000,0.000000,0.000000,0.000000,0.000000
2.457896,-0.763478,-0.256192,0.431566,-1.675841,-2.506571,0.000000,0.000000,1.000000,0.000000,0.000000
-2.716773,1.485006,1.990260,-3.123209,-1.599345,0.000272,0.000000,0.000000,1.000000,0.000000,0.000000
-1.373245,-1.044955,-2.061215,-1.849530,1.486468,1.068237,1.000000,0.000000,0.000000,0.000000,0.000000
-1.642570,1.570956,-0.707251,-0.288646,-0.436035,0.181555,1.000000,0.000000,0.000000,0.000000,0.000000
0.343226,0.069892,-0.359438,-0.623060,-1.154292,-1.281156,0.000000,1.000000,0.000000,0.000000,0.000000
2.982119,3.589157,2.077526,4.535627,-4.685917,-4.041296,0.000000,0.000000,0.000000,0.000000,1.000000
-0.308807,0.890966,1.642284,-0.247111,-1.102669,-0.382132,0.000000,0.000000,0.000000,0.000000,1.000000
-0.102704,0.296385,-0.340441,0.104006,-0.202551,-0.189130,1.000000,0.000000,0.000000,0.000000,0.000000
0.481107,-0.165461,0.153440,-0.325416,-0.696212,-0.798856,0.000000,1.000000,0.000000,0.000000,0.000000
0.459849,-1.677953,0.244039,-2.223643,-0.298980,-0.710886,0.000000,0.000000,1.000000,0.000000,0.000000
-0.464262,1.218627,2.141912,-1.039273,-2.131170,-1.138755,0.000000,0.000000,1.000000,0.000000,0.000000
-0.739949,0.863061,-2.050716,-1.460505,-1.733539,-1.799695,0.000000,1.000000,0.000000,0.000000,0.000000
0.375349,1.417984,1.539394,-0.131331,-2.648065,-1.970953,0.000000,0.000000,1.000000,0.000000,0.000000
-1.200617,1.145080,-0.537015,0.750525,0.611976,1.025496,1.000000,0.000000,0.000000,0.000000,0.000000
-0.053727,-0.563449,-1.461601,0.270027,1.123539,0.614917,0.000000,1.000000,0.000000,0.000000,0.000000
0.492251,-0.444650,0.458419,0.372775,0.372725,0.246165,0.000000,0.000000,0.000000,0.000000,1.000000
-0.151885,-0.469942,0.224859,-0.390070,0.508130,0.486755,1.000000,0.000000,0.000000,0.000000,0.000000
-0.010150,-2.308869,0.111609,-1.669708,1.760086,1.235396,0.000000,0.000000,0.000000,1.000000,0.000000
0.487633,-0.503341,1.423896,0.565217,0.665860,0.757987,0.000000,0.000000,0.000000,1.000000,0.000000
-1.228716,1.264552,1.210313,0.826775,0.578243,1.460709,0.000000,0.000000,0.000000,0.000000,1.000000
-2.785882,1.428271,-0.173042,0.824458,2.339555,3.271123,0.000000,0.000000,0.000000,0.000000,1.000000
3.168824,-0.183704,-1.872848,3.382423,-0.626944,-1.963388,0.000000,0.000000,1.000000,0.000000,0.000000
-0.293796,0.224305,-0.568361,-0.349920,-0.290593,-0.294811,0.000000,1.000000,0.000000,0.000000,0.000000
-0.795012,0.024745,-0.790547,-0.397391,0.601532,0.603352,0.000000,1.000000,0.000000,0.000000,0.000000
-2.688810,1.852232,-2.354644,-2.528786,-1.670495,-1.078108,0.000000,1.000000,0.000000,0.000000,0.000000
-1.612108,2.138190,-1.521342,1.561674,0.469294,0.966255,0.000000,0.000000,1.000000,0.000000,0.000000
3.375681,-1.591511,-0.178456,1.171877,-0.951979,-2.212730,1.000000,0.000000,0.000000,0.000000,0.000000
-0.901491,0.649103,-1.474874,-0.929296,-0.691058,-0.652391,0.000000,0.000000,1.000000,0.000000,0.000000
1.880788,-1.712703,-1.451445,-0.694068,-0.651493,-1.862855,1.000000,0.000000,0.000000,0.000000,0.000000
1.616187,-0.464035,0.584686,0.574514,-0.864162,-1.223168,0.000000,0.000000,1.000000,0.000000,0.000000
-0.597825,1.532509,2.091369,-0.493998,-1.888907,-0.814312,0.000000,0.000000,0.000000,0.000000,1.000000
-0.842481,3.418077,1.547848,0.293884,-3.559772,-2.093037,0.000000,0.000000,0.000000,0.000000,1.000000
0.180623,-1.170132,-2.412736,-0.951569,0.506812,-0.409992,1.000000,0.000000,0.000000,0.000000,0.000000
4.372626,-1.855454,-1.710512,4.522060,1.336697,-0.709251,0.000000,0.000000,0.000000,0.000000,1.000000
0.412193,1.474318,0.355474,1.089826,-1.621430,-1.272221,0.000000,1.000000,0.000000,0.000000,0.000000
-0.537250,-0.944291,-0.313063,-1.482377,0.636677,0.479237,0.000000,0.000000,0.000000,1.000000,0.000000
0.012439,1.059669,-1.025866,0.776715,-0.824527,-0.827671,0.000000,0.000000,1.000000,0.000000,0.000000
1.355005,0.064646,2.061047,-0.694377,-2.489829,-2.241831,0.000000,0.000000,1.000000,0.000000,0.000000
-0.988272,2.270029,-1.637457,1.832952,-0.274055,0.080065,0.000000,0.000000,1.000000,0.000000,0.000000
-1.694192,2.028951,1.067504,-1.119481,-1.804390,-0.586021,0.000000,0.000000,1.000000,0.000000,0.000000
0.081620,-2.458361,-1.037925,-0.706217,2.766595,1.864408,0.000000,0.000000,0.000000,1.000000,0.000000
1.507048,-2.245263,-0.503838,-1.051850,0.279525,-0.741761,1.000000,0.000000,0.000000,0.000000,0.000000
-3.075243,-0.034255,-0.302577,-3.401674,0.766199,1.484848,0.000000,0.000000,0.000000,1.000000,0.000000
-0.533568,1.649179,-1.989442,0.946957,-0.823189,-0.792903,0.000000,0.000000,1.000000,0.000000,0.000000
1.983534,0.173478,-1.583043,1.135476,-1.764362,-2.593823,0.000000,0.000000,1.000000,0.000000,0.000000
-4.142960,2.357819,1.445532,-3.331175,-1.222180,0.799605,0.000000,0.000000,1.000000,0.000000,0.000000
-1.120920,1.490369,1.176997,-0.639219,-1.302974,-0.344330,0.000000,0.000000,1.000000,0.000000,0.000000
-1.648273,0.498343,-2.110029,-1.936737,-0.482438,-0.440243,0.000000,1.000000,0.000000,0.000000,0.000000
0.532125,-0.463713,1.501985,-1.266618,-1.213169,-1.040044,0.000000,0.000000,1.000000,0.000000,0.000000
-1.300505,0.435085,-0.713933,-1.220706,-0.129101,0.140979,0.000000,0.000000,0.000000,1.000000,0.000000
-0.588643,-1.207791,-0.461521,-1.401769,1.161386,0.906277,0.000000,0.000000,0.000000,1.000000,0.000000
1.116827,-0.086555,0.474800,0.346034,-0.985107,-1.152040,0.000000,1.000000,0.000000,0.000000,0.000000
0.554668,0.785847,-0.156897,1.425427,-0.492065,-0.495138,0.000000,0.000000,1.000000,0.000000,0.000000
-1.483072,0.006103,-3.300860,-0.983342,0.916004,0.463723,1.000000,0.000000,0.000000,0.000000,0.000000
0.196229,0.587183,0.701758,0.625082,-0.493859,-0.229327,0.000000,1.000000,0.000000,0.000000,0.000000
3.630584,-1.393197,-0.117480,1.550924,-1.205269,-2.468245,0.000000,1.000000,0.000000,0.000000,0.000000
-0.405046,1.950676,0.709906,0.990391,-1.340375,-0.590786,0.000000,0.000000,1.000000,0.000000,0.000000
-1.972227,1.655415,-1.442654,1.526206,1.606012,2.076777,1.000000,0.000000,0.000000,0.000000,0.000000
-1.635867,1.741792,-2.154051,-1.552156,-1.934940,-1.590566,0.000000,1.000000,0.000000,0.000000,0.000000
1.252625,-1.066971,1.586094,0.707416,0.629530,0.436694,0.000000,0.000000,0.000000,1.000000,0.000000
0.413433,3.459998,2.612274,1.266121,-4.298974,-2.870958,0.000000,0.000000,0.000000,0.000000,1.000000
0.846553,0.406437,0.882848,0.890350,-0.818334,-0.711261,0.000000,0.000000,0.000000,0.000000,1.000000
4.076330,-2.758015,-1.978292,2.726868,1.298800,-0.925891,0.000000,1.000000,0.000000,0.000000,0.000000
2.140954,-2.062303,0.224911,-0.330942,-0.103553,-1.061769,1.000000,0.000000,0.000000,0.000000,0.000000
-2.934895,1.713240,0.994326,0.614025,1.936563,3.273573,0.000000,0.000000,0.000000,0.000000,1.000000
-0.437860,1.666630,1.235841,0.009735,-1.820993,-0.975907,0.000000,0.000000,0.000000,0.000000,1.000000
0.306012,1.002229,-1.793105,2.915178,0.924433,0.578561,1.000000,0.000000,0.000000,0.000000,0.000000
0.393996,-0.180729,1.132694,0.609070,0.356306,0.480980,0.000000,1.000000,0.000000,0.000000,0.000000
-1.407659,1.737647,-1.721963,2.041127,1.243755,1.523222,1.000000,0.000000,0.000000,0.000000,0.000000
1.126668,0.434311,0.286704,0.518858,-1.591176,-1.675063,0.000000,1.000000,0.000000,0.000000,0.000000
-0.364737,0.797606,1.665240,-1.123086,-1.737924,-0.994609,0.000000,0.000000,1.000000,0.000000,0.000000
0.197413,1.169411,-0.323179,1.327178,-0.682127,-0.541711,0.000000,0.000000,1.000000,0.000000,0.000000
-3.628277,2.745164,0.775573,0.183986,0.921264,2.646553,0.000000,0.000000,0.000000,0.000000,1.000000
0.169770,-1.662061,-1.749557,-1.379453,0.834522,-0.031048,1.000000,0.000000,0.000000,0.000000,0.000000
-0.907441,-0.341463,-0.769310,-1.188384,0.517920,0.479790,0.000000,0.000000,0.000000,1.000000,0.000000
0.084379,-0.465328,0.226927,0.060735,0.628566,0.540926,0.000000,0.000000,0.000000,1.000000,0.000000
1.186081,-1.212247,-2.370112,1.217760,1.351323,0.136219,0.000000,1.000000,0.000000,0.000000,0.000000
2.634027,-1.269744,1.407597,2.235104,0.596543,-0.054796,0.000000,0.000000,0.000000,0.000000,1.000000
-2.682704,1.120624,-2.490248,-3.024014,-1.095204,-0.714720,0.000000,1.000000,0.000000,0.000000,0.000000
1.095061,1.014093,-0.423004,0.499345,-2.423133,-2.522132,0.000000,0.000000,1.000000,0.000000,0.000000
-2.107519,2.435764,1.038241,-1.602943,-2.324117,-0.896690,0.000000,0.000000,0.000000,0.000000,1.000000
0.866521,-0.211642,0.386591,1.925264,1.042144,0.823670,0.000000,0.000000,0.000000,1.000000,0.000000
-2.176801,2.056256,0.753357,0.412994,0.254692,1.459369,0.000000,0.000000,0.000000,0.000000,1.000000
-3.095782,3.153769,-0.722923,-1.329476,-1.848457,-0.455871,0.000000,1.000000,0.000000,0.000000,0.000000
-2.073499,1.782405,-1.522354,-1.490217,-1.354384,-0.746489,0.000000,1.000000,0.000000,0.000000,0.000000
2.155911,0.201637,-2.609415,2.543919,-0.689916,-1.852261,0.000000,0.000000,1.000000,0.000000,0.000000
-0.563727,0.348095,-0.871632,0.700755,0.887752,0.866451,1.000000,0.000000,0.000000,0.000000,0.000000
1.865560,3.614846,2.748115,2.981473,-4.757219,-3.637274,0.000000,0.000000,0.000000,0.000000,1.000000
0.992373,0.872114,-1.200190,1.970445,-0.679241,-1.034699,1.000000,0.000000,0.000000,0.000000,0.000000
0.407763,2.008787,1.287327,0.887333,-2.571211,-1.841718,0.000000,0.000000,1.000000,0.000000,0.000000
1.320174,0.181436,1.598785,-0.185629,-2.131888,-1.976894,0.000000,0.000000,1.000000,0.000000,0.000000
-0.328541,-0.622996,0.486628,0.215487,1.548079,1.570596,0.000000,0.000000,0.000000,1.000000,0.000000
-1.067289,0.136923,-0.420157,0.528017,1.690591,1.844135,1.000000,0.000000,0.000000,0.000000,0.000000
1.723140,-1.093150,-0.000181,-0.329992,-0.970882,-1.635133,0.000000,0.000000,1.000000,0.000000,0.000000
-2.107802,1.087377,-3.278379,-3.078889,-1.860827,-1.811741,0.000000,1.000000,0.000000,0.000000,0.000000
-1.324909,0.981668,1.515838,-1.272032,-0.902723,0.072362,0.000000,0.000000,0.000000,0.000000,1.000000
-0.818223,-0.504228,-2.278061,0.019362,1.776237,1.260383,0.000000,0.000000,0.000000,1.000000,0.000000
-0.257566,-0.414280,-0.084685,-0.707802,0.253298,0.204111,0.000000,1.000000,0.000000,0.000000,0.000000
1.428124,-0.328919,-1.169638,1.991636,0.519591,-0.244166,1.000000,0.000000,0.000000,0.000000,0.000000
2.456898,-0.678916,4.302608,2.090987,-0.120804,0.146970,0.000000,0.000000,0.000000,1.000000,0.000000
2.130142,-1.045396,-0.522932,0.068026,-1.194945,-2.080801,1.000000,0.000000,0.000000,0.000000,0.000000
2.052851,0.454171,1.882563,1.959117,-1.409556,-1.347824,0.000000,1.000000,0.000000,0.000000,0.000000
2.057580,-0.399281,1.520280,1.687976,-0.443452,-0.689252,0.000000,0.000000,0.000000,0.000000,1.000000
1.892182,-0.032959,-2.753831,1.626613,-0.892475,-2.062956,0.000000,0.000000,1.000000,0.000000,0.000000
0.425544,1.501293,-1.914138,2.176704,-0.669488,-0.915618,0.000000,0.000000,1.000000,0.000000,0.000000
-0.304460,1.325956,0.491769,0.315078,-1.218122,-0.687830,0.000000,0.000000,0.000000,0.000000,1.000000
2.011212,2.094136,0.952337,2.910497,-2.836744,-2.594721,0.000000,0.000000,0.000000,0.000000,1.000000
2.077220,-0.319023,1.313880,0.369841,-1.859090,-2.095317,0.000000,0.000000,1.000000,0.000000,0.000000
-3.598643,3.753844,1.134414,-1.774265,-2.463039,-0.323358,0.000000,0.000000,1.000000,0.000000,0.000000
-1.250209,1.330008,1.509686,-1.227725,-1.463258,-0.415835,0.000000,0.000000,0.000000,0.000000,1.000000
1.908230,-2.945599,0.417347,-1.076849,0.766714,-0.300204,1.000000,0.000000,0.000000,0.000000,0.000000
-5.184511,4.694051,2.046012,-0.960674,-0.967030,1.975740,0.000000,0.000000,0.000000,0.000000,1.000000
1.613465,-1.614945,-0.060682,1.183515,1.386873,0.543755,0.000000,0.000000,0.000000,0.000000,1.000000
-2.381714,1.131834,-1.804008,-2.234944,-0.730936,-0.270987,0.000000,1.000000,0.000000,0.000000,0.000000
0.674178,-3.045763,-0.676842,-1.004203,2.568307,1.477564,0.000000,0.000000,0.000000,1.000000,0.000000
-1.023473,1.633689,-1.471705,1.519405,0.396758,0.642139,0.000000,0.000000,1.000000,0.000000,0.000000
1.686094,-0.109786,-0.169730,1.873989,-0.230473,-0.742067,0.000000,0.000000,0.000000,0.000000,1.000000
1.492195,-0.104742,1.644798,1.428054,-0.384359,-0.385996,0.000000,0.000000,0.000000,0.000000,1.000000
1.244577,-1.230490,-0.776721,1.050305,1.167586,0.335542,0.000000,0.000000,0.000000,0.000000,1.000000
0.207293,-0.301694,-1.185982,-0.948177,-0.765121,-1.154013,1.000000,0.000000,0.000000,0.000000,0.000000
-0.710289,1.311157,-0.566938,0.325026,-0.677354,-0.323064,0.000000,0.000000,1.000000,0.000000,0.000000
-1.478948,1.201335,2.161289,-1.986967,-1.699308,-0.447600,0.000000,0.000000,1.000000,0.000000,0.000000
-0.430819,0.809973,2.465189,0.862240,0.256515,1.150186,0.000000,0.000000,0.000000,0.000000,1.000000
-0.279279,-0.219167,-0.930205,-0.731221,-0.038860,-0.240638,1.000000,0.000000,0.000000,0.000000,0.000000
-1.309074,1.896725,-0.264103,-1.444405,-2.448903,-1.671415,0.000000,1.000000,0.000000,0.000000,0.000000
-0.172165,-1.914535,-1.018382,-0.790927,2.225407,1.531545,0.000000,0.000000,0.000000,1.000000,0.000000
0.660462,-0.555017,-0.953384,0.414056,0.329994,-0.215170,0.000000,1.000000,0.000000,0.000000,0.000000
1.506002,-0.738930,-1.275298,0.841264,-0.096292,-0.973735,0.000000,1.000000,0.000000,0.000000,0.000000
0.796272,0.078963,1.517575,0.956400,-0.202816,-0.015737,0.000000,1.000000,0.000000,0.000000,0.000000
4.711091,-3.108955,-1.624191,3.005809,1.257902,-1.123276,0.000000,1.000000,0.000000,0.000000,0.000000
-3.455202,-0.289010,-5.285799,-5.187952,-0.175689,-0.616236,0.000000,1.000000,0.000000,0.000000,0.000000
-1.743232,0.353073,-1.655233,-1.002044,0.760375,0.867126,0.000000,0.000000,0.000000,1.000000,0.000000
-3.680374,2.805516,1.369118,-2.280727,-1.463239,0.519204,0.000000,0.000000,1.000000,0.000000,0.000000
1.978645,-1.282340,-2.086457,1.421451,0.623573,-0.724115,0.000000,1.000000,0.000000,0.000000,0.000000
0.111509,-1.056370,-1.357740,-0.256177,1.119435,0.486798,0.000000,0.000000,0.000000,1.000000,0.000000
0.792141,-2.142448,-2.322543,1.294411,3.289421,1.925957,0.000000,0.000000,0.000000,1.000000,0.000000
0.286465,-0.137201,1.269279,1.557752,1.349282,1.511809,0.000000,0.000000,0.000000,0.000000,1.000000
0.110935,1.105140,-0.901050,-0.092352,-1.853863,-1.807095,0.000000,0.000000,1.000000,0.000000,0.000000
-0.719952,-0.161337,-2.188949,0.018087,1.150675,0.725596,0.000000,0.000000,0.000000,1.000000,0.000000
1.284089,-1.673877,-0.072402,1.219822,1.935580,1.146591,0.000000,0.000000,0.000000,1.000000,0.000000
-1.851250,-0.044663,-0.861021,-1.812429,0.711320,0.961263,0.000000,0.000000,0.000000,1.000000,0.000000
0.454422,1.475337,-0.747679,0.402032,-2.359316,-2.270108,0.000000,1.000000,0.000000,0.000000,0.000000
2.748004,-1.149561,0.225633,2.136894,0.158974,-0.776174,0.000000,0.000000,0.000000,0.000000,1.000000
1.101947,-0.458641,-1.221215,0.560860,-0.247230,-0.937233,0.000000,1.000000,0.000000,0.000000,0.000000
3.456756,-0.777582,1.100385,1.020737,-2.363484,-3.104846,1.000000,0.000000,0.000000,0.000000,0.000000
-0.372981,1.156838,-0.354917,1.253245,0.006103,0.265638,0.000000,0.000000,0.000000,0.000000,1.000000
1.487613,1.052270,-4.087404,4.366206,0.674104,-0.541142,0.000000,0.000000,1.000000,0.000000,0.000000
-0.020082,2.283121,3.068233,0.228844,-3.017394,-1.655569,0.000000,0.000000,0.000000,0.000000,1.000000
1.647087,0.361339,-1.746469,2.728127,-0.068016,-0.866093,0.000000,0.000000,1.000000,0.000000,0.000000
-0.565677,0.205846,-1.320548,-1.206128,-0.747996,-0.854245,0.000000,1.000000,0.000000,0.000000,0.000000
0.528900,-0.881674,0.006282,0.021083,0.613303,0.262530,1.000000,0.000000,0.000000,0.000000,0.000000
0.685613,-0.885511,-0.562994,0.542193,0.907457,0.361889,0.000000,0.000000,0.000000,0.000000,1.000000
0.267027,0.756912,1.890855,0.974020,-0.475989,0.100982,0.000000,0.000000,0.000000,0.000000,1.000000
0.136339,1.130299,1.311147,0.368474,-1.441719,-0.860401,0.000000,0.000000,0.000000,0.000000,1.000000
3.474105,-0.437763,2.598803,0.168366,-3.675338,-3.930477,1.000000,0.000000,0.000000,0.000000,0.000000
0.028701,-1.935724,-1.224195,-2.177502,0.655526,-0.093772,1.000000,0.000000,0.000000,0.000000,0.000000
-0.116538,-1.552324,-1.532131,-1.558718,0.878429,0.165980,1.000000,0.000000,0.000000,0.000000,0.000000
0.556167,0.989112,-0.720636,1.154355,-1.060052,-1.140576,1.000000,0.000000,0.000000,0.000000,0.000000
-0.584213,0.397110,-0.580010,0.394263,0.552870,0.631711,1.000000,0.000000,0.000000,0.000000,0.000000
-2.650785,1.841042,0.680982,-2.334340,-1.464576,-0.136852,0.000000,0.000000,1.000000,0.000000,0.000000
-0.321550,-0.777999,-1.443684,-1.082674,0.480460,0.024727,1.000000,0.000000,0.000000,0.000000,0.000000
0.204744,-1.295800,-0.226317,0.452853,2.048405,1.588687,0.000000,0.000000,0.000000,1.000000,0.000000
2.473360,-0.120542,-0.969342,1.665043,-1.453565,-2.335920,0.000000,0.000000,1.000000,0.000000,0.000000
0.123100,-1.174651,-0.285323,0.227773,1.760735,1.344210,1.000000,0.000000,0.000000,0.000000,0.000000
4.009693,-2.262387,1.552087,1.283258,-0.665152,-1.819639,1.000000,0.000000,0.000000,0.000000,0.000000
-3.035997,2.035220,-0.802273,0.287749,1.255349,2.265190,1.000000,0.000000,0.000000,0.000000,0.000000
0.660636,-1.385295,0.771043,-2.061809,-0.820271,-1.074435,0.000000,0.000000,1.000000,0.000000,0.000000
3.118278,-1.801970,-0.311637,1.236449,-0.251607,-1.545504,1.000000,0.000000,0.000000,0.000000,0.000000
-1.752014,2.152010,1.736415,0.344761,-0.485766,0.895237,0.000000,0.000000,0.000000,0.000000,1.000000
-2.032437,2.328474,-1.492219,0.608565,-0.178311,0.502194,0.000000,0.000000,1.000000,0.000000,0.000000
-0.314899,-1.242923,-0.980265,-2.004692,0.266685,-0.167683,0.000000,0.000000,1.000000,0.000000,0.000000
-0.582164,-2.332304,0.323748,-2.325362,1.909880,1.581728,0.000000,0.000000,0.000000,1.000000,0.000000
0.422261,-1.275436,-1.565783,0.246404,1.514214,0.685617,0.000000,0.000000,0.000000,1.000000,0.000000
-1.292215,-1.697822,-0.899097,-1.794720,2.402038,2.079611,0.000000,0.000000,0.000000,1.000000,0.000000
3.433296,-0.576445,-1.193660,1.802102,-1.911426,-3.189705,0.000000,0.000000,1.000000,0.000000,0.000000
-0.596456,0.487454,0.546389,1.341463,1.369384,1.722772,0.000000,0.000000,0.000000,0.000000,1.000000
0.073403,-1.876000,-1.249285,-0.569918,2.059096,1.255705,0.000000,0.000000,0.000000,1.000000,0.000000
-2.199323,-0.779988,-0.423948,-2.735607,1.350028,1.622863,0.000000,0.000000,0.000000,1.000000,0.000000
-0.954282,-0.831487,-1.637538,-2.223686,0.278308,-0.059779,1.000000,0.000000,0.000000,0.000000,0.000000
0.619047,0.310581,-0.492957,1.133902,-0.172053,-0.388865,0.000000,0.000000,1.000000,0.000000,0.000000
-0.376402,1.035545,-0.678335,0.400826,-0.640072,-0.463654,1.000000,0.000000,0.000000,0.000000,0.000000
-1.653419,0.832615,-1.866582,-0.609117,0.322003,0.469837,0.000000,0.000000,0.000000,1.000000,0.000000
-0.831970,1.176471,-1.010131,0.793600,0.120424,0.340769,1.000000,0.000000,0.000000,0.000000,0.000000
-1.106856,1.434964,1.063916,-0.825120,-1.421825,-0.502841,0.000000,0.000000,1.000000,0.000000,0.000000
-0.465118,0.379440,-0.925964,1.110328,1.107683,1.045417,1.000000,0.000000,0.000000,0.000000,0.000000
-0.436254,0.023901,-0.040129,-1.644259,-1.052311,-0.903309,0.000000,0.000000,1.000000,0.000000,0.000000
2.839087,-2.276975,1.066853,-0.173800,-0.533829,-1.501588,1.000000,0.000000,0.000000,0.000000,0.000000
2.167925,-0.929130,-1.002679,1.074982,-0.450955,-1.467191,0.000000,1.000000,0.000000,0.000000,0.000000
-0.484741,1.058717,1.269128,0.806567,-0.108710,0.567853,0.000000,0.000000,0.000000,0.000000,1.000000
3.866063,-1.373673,4.240752,3.744066,0.647532,0.345282,0.000000,0.000000,0.000000,1.000000,0.000000
-1.750897,0.479384,-0.699204,-1.617496,0.010196,0.409834,0.000000,0.000000,1.000000,0.000000,0.000000
-2.074765,1.334868,-2.006433,-2.360579,-1.549508,-1.150727,0.000000,1.000000,0.000000,0.000000,0.000000
-0.376399,1.512390,-2.520910,2.020045,0.195957,-0.012834,0.000000,0.000000,1.000000,0.000000,0.000000
-1.421591,0.881796,-0.979008,-1.341993,-0.741882,-0.388302,0.000000,1.000000,0.000000,0.000000,0.000000
3.677698,-2.735484,-1.380601,2.412199,1.491471,-0.479094,0.000000,1.000000,0.000000,0.000000,0.000000
-1.986981,0.539551,-3.806572,-1.355831,0.428925,0.117546,1.000000,0.000000,0.000000,0.000000,0.000000
-0.184362,1.636478,1.085535,-0.180488,-2.292686,-1.543344,0.000000,0.000000,1.000000,0.000000,0.000000
0.166769,-0.506916,-0.307035,0.327375,0.829633,0.571131,1.000000,0.000000,0.000000,0.000000,0.000000
4.328554,-2.658152,-1.846378,2.745768,0.846212,-1.376509,0.000000,1.000000,0.000000,0.000000,0.000000
-0.391330,0.739997,0.439997,-0.391744,-0.935922,-0.530326,0.000000,0.000000,1.000000,0.000000,0.000000
0.147092,-1.772851,-2.666082,0.629084,2.944500,1.760273,0.000000,0.000000,0.000000,1.000000,0.000000
1.078865,2.936430,2.097381,1.992090,-3.713123,-2.724663,0.000000,0.000000,0.000000,0.000000,1.000000
0.271544,1.791815,-1.405329,1.899772,-1.149363,-1.148669,1.000000,0.000000,0.000000,0.000000,0.000000
-0.189446,1.119238,-0.412592,-0.293783,-1.669469,-1.423712,1.000000,0.000000,0.000000,0.000000,0.000000
-0.834703,-0.196951,-1.437024,-0.612756,0.756645,0.555512,0.000000,0.000000,0.000000,1.000000,0.000000
-2.036906,1.418095,-1.930987,2.330426,2.801361,3.075873,1.000000,0.000000,0.000000,0.000000,0.000000
-0.507893,1.142979,-0.071973,-0.086124,-1.083961,-0.682951,0.000000,0.000000,1.000000,0.000000,0.000000
0.164654,-0.523203,1.100018,-0.185740,0.385656,0.489609,0.000000,0.000000,0.000000,0.000000,1.000000
-0.546205,-2.350454,-1.032460,-1.505284,2.656488,1.951566,0.000000,0.000000,0.000000,1.000000,0.000000
1.633504,0.142488,1.337560,1.842499,-0.533157,-0.591180,0.000000,0.000000,0.000000,1.000000,0.000000
0.001920,-0.857142,-1.709696,0.130203,1.338827,0.683191,0.000000,0.000000,0.000000,1.000000,0.000000
-1.915503,-0.414747,-1.227566,-1.529905,1.598391,1.664516,0.000000,0.000000,0.000000,1.000000,0.000000
-1.000884,-1.097463,-3.288336,-2.594521,0.339807,-0.455429,1.000000,0.000000,0.000000,0.000000,0.000000
1.218729,-0.415706,1.307271,-0.503006,-1.443356,-1.485234,0.000000,0.000000,0.000000,1.000000,0.000000
0.700174,0.350488,-0.076096,-0.292030,-1.702270,-1.775696,0.000000,0.000000,1.000000,0.000000,0.000000
-2.057201,2.393927,1.997024,0.115652,-0.656592,0.929086,0.000000,0.000000,0.000000,0.000000,1.000000
1.344369,-0.477671,0.913902,2.000827,0.888960,0.621385,0.000000,0.000000,0.000000,0.000000,1.000000
0.143933,0.411456,0.180801,0.028840,-0.753957,-0.633542,0.000000,1.000000,0.000000,0.000000,0.000000
-0.279640,0.643885,-1.189704,-0.347016,-0.926254,-0.977012,1.000000,0.000000,0.000000,0.000000,0.000000
-1.586027,-0.799091,-0.107810,-1.906898,1.384083,1.565203,0.000000,0.000000,0.000000,1.000000,0.000000
-1.781176,-0.495464,0.380214,-2.932914,0.216599,0.677063,0.000000,0.000000,0.000000,1.000000,0.000000
0.128870,1.861852,0.539573,0.957967,-1.939806,-1.374559,0.000000,0.000000,0.000000,0.000000,1.000000
-0.122015,0.837606,1.570062,0.852130,-0.210197,0.399768,0.000000,0.000000,0.000000,0.000000,1.000000
-3.617307,0.626190,0.475859,-4.052172,-0.101689,1.127930,0.000000,0.000000,1.000000,0.000000,0.000000
0.181472,1.099176,1.102261,-0.290979,-2.094138,-1.560998,0.000000,0.000000,1.000000,0.000000,0.000000
-0.043323,3.997888,2.061102,1.218632,-4.541467,-3.004068,0.000000,0.000000,0.000000,0.000000,1.000000
-0.756893,-1.201137,-1.689644,-0.489661,2.228371,1.677537,0.000000,0.000000,0.000000,1.000000,0.000000
-1.465336,0.422488,-1.105510,-1.114395,0.199296,0.402273,0.000000,0.000000,0.000000,1.000000,0.000000
-0.576063,0.551731,-0.289423,-0.650801,-0.684266,-0.459399,0.000000,1.000000,0.000000,0.000000,0.000000
1.947727,1.773241,0.378755,2.704121,-2.496698,-2.460728,0.000000,0.000000,0.000000,0.000000,1.000000
0.341711,-0.095539,0.801285,0.229451,-0.070851,0.018487,0.000000,0.000000,0.000000,0.000000,1.000000
2.932341,-1.228722,-0.164081,0.661809,-1.393620,-2.438509,0.000000,0.000000,1.000000,0.000000,0.000000
0.697873,1.217096,-1.545493,2.167200,-0.613690,-0.904192,0.000000,0.000000,1.000000,0.000000,0.000000
2.376248,-2.163370,0.142294,1.704203,1.696693,0.570618,0.000000,0.000000,0.000000,0.000000,1.000000
-0.299821,0.164620,-0.452754,0.320959,0.452288,0.439949,1.000000,0.000000,0.000000,0.000000,0.000000
0.337165,0.487755,-1.176999,1.620006,0.393844,0.101085,1.000000,0.000000,0.000000,0.000000,0.000000
0.543066,0.800415,-0.632490,1.307249,-0.620111,-0.730810,0.000000,0.000000,1.000000,0.000000,0.000000
-0.415349,0.563295,-0.749079,-0.506139,-0.778516,-0.705507,0.000000,1.000000,0.000000,0.000000,0.000000
-0.803540,1.414854,-0.033438,1.059479,0.010018,0.520510,0.000000,0.000000,0.000000,0.000000,1.000000
3.719198,-1.391582,-1.301815,1.886278,-1.019937,-2.607436,0.000000,1.000000,0.000000,0.000000,0.000000
0.759951,-3.390341,-0.758615,-2.142329,1.859321,0.675940,1.000000,0.000000,0.000000,0.000000,0.000000
1.585575,-0.124753,0.424830,1.639960,-0.293361,-0.631030,0.000000,0.000000,0.000000,0.000000,1.000000
-0.555070,-0.722095,-1.532437,-1.867544,-0.054795,-0.439245,1.000000,0.000000,0.000000,0.000000,0.000000
2.177774,1.420491,1.827908,2.634966,-2.325385,-2.072311,0.000000,0.000000,0.000000,0.000000,1.000000
-2.344411,0.986764,-1.021435,0.630045,2.204988,2.716840,1.000000,0.000000,0.000000,0.000000,0.000000
-0.737148,0.938471,0.940138,-1.348813,-1.688100,-0.996479,0.000000,0.000000,1.000000,0.000000,0.000000
0.365954,-0.829541,-0.549132,0.266194,0.976159,0.529686,0.000000,0.000000,0.000000,0.000000,1.000000
0.511573,-1.695092,-1.284480,-1.379186,0.446207,-0.389306,1.000000,0.000000,0.000000,0.000000,0.000000
2.446860,-1.962669,-1.789311,1.792203,1.365189,-0.205929,0.000000,1.000000,0.000000,0.000000,0.000000
1.937683,1.426480,3.170058,3.217017,-1.438186,-0.816071,0.000000,1.000000,0.000000,0.000000,0.000000
-0.816243,0.788029,-0.233407,-0.707717,-0.769051,-0.412082,0.000000,1.000000,0.000000,0.000000,0.000000
0.880760,-2.802508,0.215763,0.413937,3.327905,2.429355,0.000000,0.000000,0.000000,1.000000,0.000000
-1.349128,2.770825,2.414933,-0.694291,-2.898073,-1.240742,0.000000,0.000000,1.000000,0.000000,0.000000
2.709429,-2.618044,0.836712,-0.338100,-0.032030,-1.112520,1.000000,0.000000,0.000000,0.000000,0.000000
0.704014,0.102601,0.394318,-0.199015,-1.249558,-1.275744,0.000000,1.000000,0.000000,0.000000,0.000000
-2.017077,-1.102202,-0.612981,-2.670923,1.640162,1.737900,0.000000,0.000000,0.000000,1.000000,0.000000
-0.512116,0.448673,0.238851,-1.229368,-1.166159,-0.832473,0.000000,0.000000,1.000000,0.000000,0.000000
-1.171794,2.275340,-1.411813,1.252510,-0.598514,-0.126495,0.000000,0.000000,1.000000,0.000000,0.000000
1.258560,0.601819,3.050936,2.118367,-0.417762,0.145663,0.000000,0.000000,0.000000,1.000000,0.000000
0.559709,-0.354555,-0.027583,1.924891,1.641286,1.351035,0.000000,0.000000,0.000000,1.000000,0.000000
0.172725,-0.359264,1.157481,-0.042835,0.275700,0.430674,0.000000,1.000000,0.000000,0.000000,0.000000
1.700866,-2.102609,0.283453,1.070584,1.878630,0.976170,0.000000,0.000000,0.000000,1.000000,0.000000
2.942992,-0.561748,-0.350752,1.260035,-1.803076,-2.740314,1.000000,0.000000,0.000000,0.000000,0.000000
-0.115890,0.847844,-0.888812,1.260518,0.118509,0.106001,0.000000,0.000000,1.000000,0.000000,0.000000
-0.309035,0.526222,-0.927842,0.847220,0.437972,0.387837,1.000000,0.000000,0.000000,0.000000,0.000000
1.762551,-1.554805,-0.001690,-0.599071,-0.610840,-1.397364,1.000000,0.000000,0.000000,0.000000,0.000000
-1.605566,2.350675,2.008958,0.170300,-1.128218,0.345932,0.000000,0.000000,0.000000,0.000000,1.000000
-0.235963,0.157359,-2.552536,-0.270035,-0.225426,-0.755352,1.000000,0.000000,0.000000,0.000000,0.000000
-0.454611,1.561412,-2.905610,3.245174,1.400289,1.085648,0.000000,0.000000,1.000000,0.000000,0.000000
1.345128,0.039318,-0.324658,-0.387786,-2.185482,-2.544219,1.000000,0.000000,0.000000,0.000000,0.000000
0.765246,-1.069555,0.494721,1.896432,2.394058,1.999283,0.000000,0.000000,0.000000,0.000000,1.000000
-2.180549,1.604036,-1.297046,-1.572724,-1.031741,-0.388340,0.000000,1.000000,0.000000,0.000000,0.000000
-1.346735,1.740062,-1.715478,2.173179,1.288361,1.552015,1.000000,0.000000,0.000000,0.000000,0.000000
-2.480999,1.453115,-3.478746,-2.822484,-1.663144,-1.491999,0.000000,1.000000,0.000000,0.000000,0.000000
-2.201946,2.162828,-0.053618,0.492921,0.195836,1.231400,0.000000,0.000000,0.000000,0.000000,1.000000
-5.528499,3.753775,1.064431,-0.203734,1.558639,4.061104,0.000000,0.000000,0.000000,0.000000,1.000000
-1.330309,0.090361,-1.239826,-0.870178,0.739141,0.782573,0.000000,0.000000,0.000000,1.000000,0.000000
0.775267,-0.069075,-0.693732,0.164381,-0.761279,-1.130949,0.000000,1.000000,0.000000,0.000000,0.000000
1.060796,-1.718836,-0.126774,1.801256,2.850529,2.066814,0.000000,0.000000,0.000000,1.000000,0.000000
-2.562882,1.979776,0.878751,0.520140,0.973215,2.271754,0.000000,0.000000,0.000000,0.000000,1.000000
1.305654,0.098413,-1.436258,1.558350,-0.363874,-1.038920,0.000000,0.000000,1.000000,0.000000,0.000000
1.262722,-0.427946,1.807987,1.711834,0.659714,0.655099,0.000000,0.000000,0.000000,0.000000,1.000000
-2.344202,2.764921,1.769593,-0.113681,-1.047095,0.652201,0.000000,0.000000,0.000000,0.000000,1.000000
-2.559707,3.961534,1.521825,-0.057243,-2.454825,-0.454259,0.000000,0.000000,1.000000,0.000000,0.000000
1.840309,1.790115,1.807852,2.491203,-2.562293,-2.136044,0.000000,0.000000,0.000000,0.000000,1.000000
-6.819590,4.624313,0.332462,-0.425427,1.747011,4.594755,0.000000,0.000000,0.000000,0.000000,1.000000
0.574276,-0.942270,-0.943528,-0.047603,0.559937,-0.050433,0.000000,0.000000,0.000000,1.000000,0.000000
3.587457,-1.758492,-1.375185,1.992474,-0.214602,-1.891318,0.000000,1.000000,0.000000,0.000000,0.000000
-2.061926,2.048906,-1.090728,0.737234,0.396936,1.105484,1.000000,0.000000,0.000000,0.000000,0.000000
-0.712938,1.958608,3.659578,-1.069459,-2.885844,-1.264446,0.000000,0.000000,1.000000,0.000000,0.000000
-1.087272,1.412364,-0.577258,1.185733,0.494970,0.929236,0.000000,0.000000,1.000000,0.000000,0.000000
0.971630,0.363420,0.596705,1.441538,-0.392320,-0.414051,0.000000,0.000000,0.000000,0.000000,1.000000
0.785794,-1.006014,1.179750,0.652327,1.088049,0.916967,0.000000,0.000000,0.000000,1.000000,0.000000
-2.138796,2.101488,-1.595036,1.417887,1.067718,1.659542,1.000000,0.000000,0.000000,0.000000,0.000000
-0.414492,-1.320820,0.455771,1.302132,3.719904,3.533299,0.000000,0.000000,0.000000,1.000000,0.000000
2.715657,-0.349725,0.804173,2.718661,-0.390364,-0.982660,0.000000,0.000000,0.000000,0.000000,1.000000
0.318646,1.561608,1.933263,0.603473,-2.068258,-1.267242,0.000000,0.000000,0.000000,0.000000,1.000000
-0.143154,0.872892,-0.405367,-0.604989,-1.671561,-1.489127,0.000000,1.000000,0.000000,0.000000,0.000000
-1.831078,2.317451,-1.426879,1.262174,0.206707,0.833572,1.000000,0.000000,0.000000,0.000000,0.000000
-3.022188,3.437849,-1.716370,-1.370383,-2.413152,-1.207127,0.000000,1.000000,0.000000,0.000000,0.000000
1.610792,-1.165625,-0.532934,1.137280,0.685096,-0.154290,1.000000,0.000000,0.000000,0.000000,0.000000
-2.247531,1.084245,-1.148982,1.014994,2.306128,2.777539,1.000000,0.000000,0.000000,0.000000,0.000000
-0.207070,0.153235,-2.081944,0.647684,0.635224,0.183893,0.000000,0.000000,0.000000,1.000000,0.000000
-1.314966,-0.444240,-1.376461,-1.043475,1.326419,1.196962,0.000000,0.000000,0.000000,1.000000,0.000000
-4.613395,1.055120,-5.109726,-5.302314,-0.729152,-0.507256,0.000000,1.000000,0.000000,0.000000,0.000000
0.765350,-1.398332,-1.641503,-0.767005,0.268876,-0.654090,1.000000,0.000000,0.000000,0.000000,0.000000
-2.329882,1.657499,-1.341567,0.931622,1.496933,2.093338,1.000000,0.000000,0.000000,0.000000,0.000000
-2.986453,2.354049,0.631403,0.613102,1.065731,2.493671,0.000000,0.000000,0.000000,0.000000,1.000000
1.299918,-0.854247,-1.112542,0.768138,0.271522,-0.547385,0.000000,1.000000,0.000000,0.000000,0.000000
-0.160294,2.132248,-1.003788,0.054351,-2.853476,-2.504778,0.000000,1.000000,0.000000,0.000000,0.000000
2.363546,-0.495072,-0.220633,0.778053,-1.608576,-2.349938,0.000000,1.000000,0.000000,0.000000,0.000000
-1.801205,1.584630,2.749843,-2.391224,-2.216451,-0.631644,0.000000,0.000000,1.000000,0.000000,0.000000
4.818706,-2.698035,-1.406219,2.830518,0.355910,-1.880820,0.000000,1.000000,0.000000,0.000000,0.000000
-3.969139,1.004680,-4.779749,-1.722377,1.961157,1.987759,1.000000,0.000000,0.000000,0.000000,0.000000
1.832131,-0.656345,1.410219,1.806226,0.335173,0.040691,0.000000,0.000000,0.000000,1.000000,0.000000
1.467448,-0.194446,0.711752,1.583935,-0.087602,-0.344147,0.000000,0.000000,0.000000,0.000000,1.000000
1.673676,-0.961100,1.766259,1.084247,0.294354,0.067266,0.000000,0.000000,0.000000,1.000000,0.000000
2.122765,-0.869000,-0.144458,0.354845,-1.158774,-1.911994,0.000000,0.000000,1.000000,0.000000,0.000000
-2.964774,0.800440,-0.581955,-2.757078,0.026412,0.850123,0.000000,0.000000,0.000000,1.000000,0.000000
1.077825,1.689703,0.943264,1.597241,-2.300964,-1.915080,0.000000,1.000000,0.000000,0.000000,0.000000
0.898061,1.431058,0.917236,1.683286,-1.609048,-1.260575,0.000000,1.000000,0.000000,0.000000,0.000000
0.400865,0.158858,0.981995,-0.605657,-1.318828,-1.102791,0.000000,0.000000,1.000000,0.000000,0.000000
0.808889,-2.075901,0.015254,-0.835855,1.158369,0.459953,0.000000,0.000000,0.000000,1.000000,0.000000
-1.073012,-1.234725,0.099039,-2.444885,0.834917,0.855165,0.000000,0.000000,0.000000,1.000000,0.000000
-0.629393,-2.401617,-0.695757,-1.688095,2.668589,2.058443,0.000000,0.000000,0.000000,1.000000,0.000000
3.427746,-2.123207,-1.799097,2.200828,0.716365,-1.133114,0.000000,1.000000,0.000000,0.000000,0.000000
-2.870150,0.557801,-0.032198,-3.122028,-0.086445,0.800515,0.000000,0.000000,0.000000,1.000000,0.000000
1.035299,2.699339,1.935920,1.976557,-3.329805,-2.433806,0.000000,0.000000,0.000000,0.000000,1.000000
-1.686818,1.835732,-2.066055,-1.173328,-1.638639,-1.248813,0.000000,1.000000,0.000000,0.000000,0.000000
0.519421,0.929818,1.540178,-1.224516,-3.179589,-2.627153,0.000000,0.000000,1.000000,0.000000,0.000000
1.553629,-1.744970,0.574699,0.788913,1.284194,0.590953,0.000000,0.000000,0.000000,1.000000,0.000000
2.434313,-1.576966,-1.068711,1.881862,0.919929,-0.370584,0.000000,0.000000,0.000000,1.000000,0.000000
0.559873,-0.866570,0.076375,1.940029,2.401152,2.000802,0.000000,0.000000,0.000000,0.000000,1.000000
2.330906,-1.450137,-0.121845,2.241422,1.232754,0.221921,0.000000,0.000000,0.000000,0.000000,1.000000
-0.745651,1.423836,-1.529115,-1.309002,-2.385806,-2.178055,0.000000,1.000000,0.000000,0.000000,0.000000
1.689713,-0.584127,0.959092,1.377519,-0.005270,-0.346384,0.000000,0.000000,0.000000,0.000000,1.000000
1.598270,-0.817092,-0.775516,0.184073,-0.727413,-1.500251,1.000000,0.000000,0.000000,0.000000,0.000000
0.499500,0.671503,-0.220762,-0.149470,-1.772711,-1.756950,0.000000,1.000000,0.000000,0.000000,0.000000
-0.085122,0.813370,-0.193147,-0.905037,-1.946039,-1.729674,0.000000,0.000000,1.000000,0.000000,0.000000
-2.184122,1.672649,1.819959,0.735544,1.150376,2.509205,0.000000,0.000000,0.000000,0.000000,1.000000
0.234636,0.769993,0.352867,0.320449,-1.108801,-0.880965,0.000000,1.000000,0.000000,0.000000,0.000000
1.320918,1.095529,-2.021985,1.768595,-1.639495,-2.206731,0.000000,0.000000,1.000000,0.000000,0.000000
0.757660,1.036013,0.560184,1.149334,-1.373196,-1.168476,0.000000,0.000000,0.000000,0.000000,1.000000
1.195337,-1.309424,1.743528,0.238298,0.606894,0.417524,0.000000,0.000000,0.000000,1.000000,0.000000
-0.286844,0.981295,-0.292934,-0.522534,-1.560803,-1.292355,0.000000,1.000000,0.000000,0.000000,0.000000
-3.667450,2.832315,0.924997,0.269594,0.930646,2.721978,0.000000,0.000000,0.000000,0.000000,1.000000
0.301337,0.972035,2.584920,-1.045359,-2.766882,-1.901122,0.000000,0.000000,1.000000,0.000000,0.000000
-1.850133,2.638163,1.458962,-0.992219,-2.357218,-0.849949,0.000000,0.000000,1.000000,0.000000,0.000000
-1.063101,0.752069,-1.544484,-1.731990,-1.405029,-1.293412,1.000000,0.000000,0.000000,0.000000,0.000000
-0.021071,0.373583,-2.480477,-1.562508,-2.062994,-2.522924,0.000000,1.000000,0.000000,0.000000,0.000000
-0.790413,1.110561,1.518579,-0.652637,-1.188184,-0.318814,0.000000,0.000000,0.000000,0.000000,1.000000
-0.142437,-0.728674,-1.964554,0.880255,2.058261,1.380675,0.000000,0.000000,0.000000,1.000000,0.000000
1.006252,2.397222,0.231731,2.280304,-2.589604,-2.199998,0.000000,0.000000,0.000000,0.000000,1.000000
-0.212145,1.630211,-1.993110,3.272552,1.026992,0.901719,1.000000,0.000000,0.000000,0.000000,0.000000
-1.132620,-0.351331,-1.010396,-1.173936,0.834887,0.784312,0.000000,0.000000,0.000000,1.000000,0.000000
1.630160,-0.901239,-0.296810,1.593555,0.719518,-0.010944,0.000000,0.000000,0.000000,0.000000,1.000000
-2.402308,2.068395,1.919254,0.366044,0.504956,2.054277,0.000000,0.000000,0.000000,0.000000,1.000000
-0.006054,-2.565442,-0.555444,-1.675128,2.110843,1.352057,0.000000,0.000000,0.000000,1.000000,0.000000
2.522668,-1.602472,0.656942,2.296679,1.271179,0.368508,0.000000,0.000000,0.000000,0.000000,1.000000
-1.403481,2.251100,1.474426,0.521724,-0.916900,0.341259,0.000000,0.000000,0.000000,0.000000,1.000000
2.369571,-1.445061,1.954814,-0.877777,-1.794781,-2.193539,0.000000,0.000000,1.000000,0.000000,0.000000
-2.065580,1.903481,0.927743,0.579437,0.495310,1.672391,0.000000,0.000000,0.000000,0.000000,1.000000
-2.503878,-0.130764,1.818115,-4.316286,-0.681671,0.440171,0.000000,0.000000,1.000000,0.000000,0.000000
-4.185338,3.408829,-0.181189,0.159952,0.642200,2.431172,0.000000,0.000000,0.000000,0.000000,1.000000
-0.713459,0.247363,-1.034330,-0.687082,-0.111151,-0.119591,0.000000,0.000000,0.000000,1.000000,0.000000
2.633276,-1.393251,-0.432731,2.579525,1.077376,-0.074621,0.000000,0.000000,0.000000,0.000000,1.000000
0.668166,0.421926,2.104233,-1.359139,-2.755373,-2.226078,0.000000,0.000000,1.000000,0.000000,0.000000
1.647063,-1.725533,0.510307,0.766828,1.112084,0.387796,0.000000,0.000000,0.000000,1.000000,0.000000
-1.713775,1.792442,0.232388,-0.447071,-0.801772,0.128792,0.000000,1.000000,0.000000,0.000000,0.000000
1.678055,-0.228861,0.675136,1.724144,-0.177022,-0.503635,0.000000,0.000000,0.000000,0.000000,1.000000
4.982748,-1.720674,3.062794,1.724386,-2.266594,-3.135808,0.000000,0.000000,0.000000,0.000000,1.000000
0.683487,-0.121906,2.131429,-0.989265,-1.628528,-1.252025,0.000000,0.000000,1.000000,0.000000,0.000000
2.722317,-1.858890,-0.734898,1.587231,0.676734,-0.660195,0.000000,1.000000,0.000000,0.000000,0.000000
1.464978,-0.069709,2.096078,-0.461345,-2.212562,-2.023813,0.000000,0.000000,1.000000,0.000000,0.000000
-0.964557,-0.906131,-0.255752,-1.401493,1.215828,1.175778,0.000000,0.000000,0.000000,0.000000,1.000000
-4.781233,1.229007,-5.206517,-5.719602,-1.167173,-0.871786,0.000000,1.000000,0.000000,0.000000,0.000000
0.392340,1.365358,0.829735,0.893985,-1.617945,-1.168866,0.000000,0.000000,0.000000,0.000000,1.000000
1.404055,1.851346,2.020417,1.264399,-3.262307,-2.628408,0.000000,0.000000,1.000000,0.000000,0.000000
-1.853389,0.264058,-0.721550,0.469940,2.467076,2.757574,1.000000,0.000000,0.000000,0.000000,0.000000
0.294629,0.736594,0.641679,1.122097,-0.361003,-0.110519,0.000000,0.000000,0.000000,0.000000,1.000000
-0.718337,1.443805,-0.435000,1.046779,-0.161917,0.237904,0.000000,0.000000,1.000000,0.000000,0.000000
2.350732,0.365622,-1.553659,3.718378,-0.031882,-0.971737,0.000000,0.000000,1.000000,0.000000,0.000000
-1.219746,1.144448,-0.699732,0.682844,0.569785,0.949305,1.000000,0.000000,0.000000,0.000000,0.000000
-0.731791,-1.294722,-1.707594,-0.730979,2.098850,1.521247,0.000000,0.000000,0.000000,1.000000,0.000000
2.637166,-0.480681,-1.960100,0.827131,-1.967673,-3.199856,0.000000,0.000000,1.000000,0.000000,0.000000
-1.246065,1.310372,-1.616997,-0.338697,-0.636880,-0.401140,0.000000,0.000000,0.000000,1.000000,0.000000
2.325570,-2.812086,-1.073221,1.630303,2.612948,1.027569,0.000000,0.000000,0.000000,0.000000,1.000000
-1.100855,-0.543564,-0.808912,-1.312142,0.943081,0.889178,0.000000,0.000000,0.000000,1.000000,0.000000
2.703296,0.468338,0.251756,2.059445,-2.207122,-2.695478,0.000000,0.000000,1.000000,0.000000,0.000000
0.069246,-0.473774,-0.582964,1.383837,1.921490,1.589888,0.000000,0.000000,0.000000,1.000000,0.000000
1.724555,-0.609475,1.299751,2.278689,0.860311,0.559157,0.000000,0.000000,0.000000,1.000000,0.000000
-0.183228,-0.555552,-0.236246,-0.194589,0.853719,0.695791,1.000000,0.000000,0.000000,0.000000,0.000000
-1.450540,1.056004,1.955657,-2.034453,-1.574408,-0.416933,0.000000,0.000000,1.000000,0.000000,0.000000
2.140845,0.292434,-0.142751,1.463728,-1.800892,-2.287703,0.000000,0.000000,1.000000,0.000000,0.000000
1.077951,1.743655,1.354619,1.995858,-1.988420,-1.499520,0.000000,0.000000,0.000000,0.000000,1.000000
3.404811,-2.971603,-1.860619,2.544607,2.308692,0.213337,0.000000,1.000000,0.000000,0.000000,0.000000
-0.402509,-0.418901,-1.742809,0.056816,1.156915,0.702013,0.000000,0.000000,0.000000,1.000000,0.000000
2.389826,-0.875434,0.891448,0.184079,-1.643579,-2.195598,0.000000,0.000000,1.000000,0.000000,0.000000
-0.080804,-0.022373,-0.033576,-0.026895,0.111090,0.115853,1.000000,0.000000,0.000000,0.000000,0.000000
-3.139314,2.241426,-1.080005,0.033020,0.840018,1.867106,1.000000,0.000000,0.000000,0.000000,0.000000
-1.156055,1.583373,-0.282092,-0.675949,-1.452647,-0.822397,0.000000,1.000000,0.000000,0.000000,0.000000
-1.542511,2.635986,0.856796,-0.569350,-2.356930,-1.082727,0.000000,0.000000,0.000000,0.000000,1.000000
-0.158506,-1.263277,-0.754960,-1.732323,0.359141,-0.068839,1.000000,0.000000,0.000000,0.000000,0.000000
0.604789,-1.720131,-2.477907,1.005974,2.639069,1.400311,0.000000,0.000000,0.000000,1.000000,0.000000
-1.103878,0.916391,-0.005190,-0.459133,-0.338061,0.165653,0.000000,1.000000,0.000000,0.000000,0.000000
0.732213,-0.185123,-1.338808,-0.768311,-1.446359,-1.966018,1.000000,0.000000,0.000000,0.000000,0.000000
-2.702118,1.338086,0.707967,0.843990,2.395468,3.502395,0.000000,0.000000,0.000000,0.000000,1.000000
-0.784506,1.558327,-1.684735,2.371758,1.013065,1.103659,1.000000,0.000000,0.000000,0.000000,0.000000
0.296690,1.570080,-1.612329,0.090441,-2.606774,-2.661337,1.000000,0.000000,0.000000,0.000000,0.000000
-0.123973,0.618276,1.091096,-0.056744,-0.772919,-0.309031,0.000000,0.000000,0.000000,0.000000,1.000000
-0.103964,1.032199,-0.476153,0.252949,-1.128520,-0.958946,1.000000,0.000000,0.000000,0.000000,0.000000
-0.653537,0.709454,1.130416,-1.731372,-1.829517,-1.157197,0.000000,0.000000,1.000000,0.000000,0.000000
-0.024473,2.786763,-0.066606,1.292421,-2.771964,-2.089423,0.000000,1.000000,0.000000,0.000000,0.000000
-0.327996,1.750958,-2.008987,0.685978,-1.490137,-1.475166,0.000000,0.000000,1.000000,0.000000,0.000000
0.531101,-0.378693,-0.325265,0.066741,-0.081822,-0.383919,1.000000,0.000000,0.000000,0.000000,0.000000
1.817777,-1.602338,-2.069670,1.492892,1.366693,-0.027750,0.000000,1.000000,0.000000,0.000000,0.000000
-0.830965,0.919893,-2.069051,-1.608158,-1.840306,-1.870661,0.000000,1.000000,0.000000,0.000000,0.000000
-2.475691,2.463291,-2.261960,-1.703953,-2.038929,-1.337293,0.000000,1.000000,0.000000,0.000000,0.000000
2.354422,-0.489111,0.655109,0.933528,-1.440638,-1.966247,0.000000,0.000000,1.000000,0.000000,0.000000
1.125349,-1.178987,2.686479,0.948012,1.208323,1.279441,0.000000,0.000000,0.000000,1.000000,0.000000
-0.053164,0.709011,0.819960,0.337561,-0.621515,-0.229950,0.000000,0.000000,0.000000,0.000000,1.000000
-0.106140,-0.127884,-0.832663,0.784484,1.065419,0.822600,1.000000,0.000000,0.000000,0.000000,0.000000
-2.365007,2.678735,-1.937460,2.349860,1.415511,2.094570,1.000000,0.000000,0.000000,0.000000,0.000000
-1.373970,2.163559,-1.757258,2.407191,0.933386,1.296924,1.000000,0.000000,0.000000,0.000000,0.000000
-1.499961,1.722515,-2.097829,0.756585,0.141721,0.387460,0.000000,0.000000,1.000000,0.000000,0.000000
4.856316,-2.583482,-1.210507,2.739714,0.056457,-2.106824,0.000000,1.000000,0.000000,0.000000,0.000000
1.707412,0.400400,-0.324714,1.965172,-0.914048,-1.337051,0.000000,0.000000,1.000000,0.000000,0.000000
-0.182987,-0.735235,-1.739012,-0.830675,0.475916,-0.081264,1.000000,0.000000,0.000000,0.000000,0.000000
4.084051,-2.371402,0.233729,0.876613,-1.017778,-2.531340,1.000000,0.000000,0.000000,0.000000,0.000000
0.148794,1.930146,1.356079,0.695501,-2.303873,-1.513661,0.000000,0.000000,0.000000,0.000000,1.000000
0.579271,-0.069627,0.972551,1.588867,0.895281,0.935368,0.000000,0.000000,0.000000,0.000000,1.000000
1.567176,3.051265,2.338520,2.572333,-3.951759,-3.001913,0.000000,0.000000,0.000000,0.000000,1.000000
1.593571,0.612582,-1.957029,1.668706,-1.387688,-2.124258,0.000000,0.000000,1.000000,0.000000,0.000000
-0.177617,-1.623679,-1.008634,-0.785811,1.815113,1.201612,0.000000,0.000000,0.000000,1.000000,0.000000
-2.947134,0.314861,-0.040887,-3.156200,0.333474,1.172450,0.000000,0.000000,0.000000,1.000000,0.000000
-1.899342,0.579349,-0.057821,-2.127342,-0.422258,0.213252,0.000000,0.000000,0.000000,1.000000,0.000000
2.243303,-0.769050,-0.818218,0.999184,-0.851382,-1.793892,0.000000,1.000000,0.000000,0.000000,0.000000
-2.221587,1.403214,0.291364,0.875220,1.698968,2.610979,0.000000,0.000000,0.000000,0.000000,1.000000
-0.567055,-1.744547,-0.431580,-1.598979,1.723471,1.335637,0.000000,0.000000,0.000000,1.000000,0.000000
2.177482,3.081022,2.165984,3.345594,-4.046547,-3.294246,0.000000,0.000000,0.000000,0.000000,1.000000
2.718823,-1.775548,0.140944,2.704162,1.651301,0.517267,0.000000,0.000000,0.000000,0.000000,1.000000
-5.005240,5.005255,1.303181,-0.773328,-1.484352,1.309916,0.000000,0.000000,0.000000,0.000000,1.000000
-0.066135,-0.533104,-1.773566,-1.508196,-0.623011,-1.138918,1.000000,0.000000,0.000000,0.000000,0.000000
0.649349,0.956951,-1.604502,1.328032,-0.982248,-1.317291,0.000000,0.000000,1.000000,0.000000,0.000000
1.107022,-1.203618,-0.113042,-0.902817,-0.563052,-1.127302,1.000000,0.000000,0.000000,0.000000,0.000000
-0.219597,0.284748,2.284036,0.905341,0.783189,1.444275,0.000000,0.000000,0.000000,0.000000,1.000000
-0.283877,-0.556701,0.136514,-0.595842,0.606029,0.576245,0.000000,0.000000,0.000000,0.000000,1.000000
-2.414671,0.754744,-0.468735,-0.591493,1.465867,2.110040,1.000000,0.000000,0.000000,0.000000,0.000000
-1.411424,0.753889,-1.721073,-1.914907,-1.133962,-0.981507,0.000000,1.000000,0.000000,0.000000,0.000000
-0.095688,1.705136,0.523108,0.674132,-1.693905,-1.114370,0.000000,0.000000,1.000000,0.000000,0.000000
-2.061676,0.690760,-0.336252,-0.533754,1.157660,1.736747,1.000000,0.000000,0.000000,0.000000,0.000000
2.408811,-1.609805,0.046229,-0.293047,-1.075684,-2.019922,0.000000,0.000000,1.000000,0.000000,0.000000
2.230325,-1.266872,-1.257348,1.298049,0.169062,-1.021085,0.000000,1.000000,0.000000,0.000000,0.000000
0.328529,-0.672134,-0.116813,0.348541,0.882900,0.590962,0.000000,0.000000,0.000000,0.000000,1.000000
1.972552,-2.035621,0.119387,-1.217943,-0.779731,-1.689739,1.000000,0.000000,0.000000,0.000000,0.000000
-0.843763,0.851910,1.142842,-1.407717,-1.477021,-0.732119,0.000000,0.000000,1.000000,0.000000,0.000000
0.660298,1.291650,0.874518,0.645269,-2.098207,-1.709263,0.000000,0.000000,1.000000,0.000000,0.000000
1.205185,0.068362,2.482206,-0.627527,-2.228808,-1.843963,0.000000,0.000000,1.000000,0.000000,0.000000
-1.272783,1.181005,1.717961,0.622722,0.568958,1.571998,0.000000,0.000000,0.000000,0.000000,1.000000
-1.928743,0.851232,0.248847,-2.211697,-0.854990,-0.062101,0.000000,0.000000,1.000000,0.000000,0.000000
0.526373,0.147046,-0.700436,0.059791,-0.852425,-1.107348,0.000000,0.000000,0.000000,1.000000,0.000000
4.047441,-1.972707,-1.175416,2.186676,-0.311095,-2.104449,0.000000,1.000000,0.000000,0.000000,0.000000
-1.431209,-2.106995,0.110903,-2.859782,2.168180,2.054909,0.000000,0.000000,0.000000,1.000000,0.000000
-0.422523,3.499899,0.482209,1.166768,-3.401900,-2.301232,0.000000,0.000000,0.000000,0.000000,1.000000
1.031474,-1.209957,0.295399,0.491150,0.894427,0.400284,0.000000,0.000000,0.000000,1.000000,0.000000
-0.704922,-1.428217,1.732465,-1.114298,1.947159,2.194699,0.000000,0.000000,0.000000,1.000000,0.000000
-0.825131,-0.426458,0.859792,0.583866,2.269658,2.535751,0.000000,0.000000,0.000000,1.000000,0.000000
-1.957958,0.673719,-0.178321,-1.068558,0.534955,1.143323,1.000000,0.000000,0.000000,0.000000,0.000000
1.006831,1.616857,0.573524,1.785989,-1.927282,-1.642792,0.000000,0.000000,0.000000,0.000000,1.000000
3.234055,-1.042993,2.408594,2.415273,-0.322441,-0.805938,0.000000,0.000000,0.000000,1.000000,0.000000
0.907461,0.586306,-0.019624,1.382910,-0.699621,-0.799037,0.000000,0.000000,0.000000,0.000000,1.000000
3.549493,-2.847005,3.005099,1.528615,1.043650,0.190152,0.000000,0.000000,0.000000,1.000000,0.000000
-1.515341,1.343542,0.906839,-1.443564,-1.356376,-0.388346,0.000000,0.000000,0.000000,0.000000,1.000000
1.712880,-0.281203,-0.983959,0.641578,-1.217608,-1.941459,0.000000,1.000000,0.000000,0.000000,0.000000
2.341247,-0.926402,1.382666,0.252784,-1.431800,-1.866798,0.000000,0.000000,1.000000,0.000000,0.000000
0.650131,-2.568075,0.881590,0.328281,3.216121,2.599325,0.000000,0.000000,0.000000,1.000000,0.000000
-0.584949,-0.516209,0.621112,-0.182590,1.345152,1.500025,0.000000,0.000000,0.000000,1.000000,0.000000
-0.304150,-0.430909,-0.810933,-0.681154,0.351320,0.127068,0.000000,0.000000,0.000000,1.000000,0.000000
-0.808689,1.749562,-1.035651,0.458704,-1.065390,-0.693922,0.000000,0.000000,1.000000,0.000000,0.000000
-0.144844,1.295212,-1.890259,0.918665,-0.840106,-0.964967,0.000000,0.000000,0.000000,1.000000,0.000000
-1.835795,1.054929,-0.582495,0.318561,1.151946,1.687132,1.000000,0.000000,0.000000,0.000000,0.000000
2.775202,-1.157556,0.944329,0.192721,-1.725702,-2.425848,0.000000,0.000000,1.000000,0.000000,0.000000
2.160396,-0.503655,-0.446646,0.972248,-1.148682,-1.909343,0.000000,0.000000,1.000000,0.000000,0.000000
1.411374,1.399920,1.611554,1.326999,-2.562770,-2.153400,0.000000,0.000000,1.000000,0.000000,0.000000
2.332905,-3.208917,-0.119046,-1.054478,0.609352,-0.756220,1.000000,0.000000,0.000000,0.000000,0.000000
-3.352553,3.666948,1.960923,-1.548255,-2.424985,-0.165873,0.000000,0.000000,1.000000,0.000000,0.000000
-0.879263,2.252494,3.373698,-1.020838,-3.054464,-1.390659,0.000000,0.000000,1.000000,0.000000,0.000000
-3.391110,3.286770,-2.025986,2.000125,1.528193,2.587687,1.000000,0.000000,0.000000,0.000000,0.000000
3.779109,-2.755178,-1.044636,3.337715,2.285650,0.339641,0.000000,0.000000,0.000000,0.000000,1.000000
0.172244,0.811651,-0.236152,-0.519825,-1.907811,-1.773111,0.000000,1.000000,0.000000,0.000000,0.000000
-0.427170,1.460548,-1.773153,1.560514,-0.092716,-0.102942,0.000000,0.000000,1.000000,0.000000,0.000000
0.629385,-0.482306,0.274006,0.259197,0.136518,-0.072709,0.000000,0.000000,0.000000,1.000000,0.000000
3.657214,-1.807268,2.396104,2.277072,0.104051,-0.674825,0.000000,0.000000,0.000000,0.000000,1.000000
-1.013870,-0.506036,-0.771627,-1.523555,0.572399,0.525225,0.000000,1.000000,0.000000,0.000000,0.000000
2.196614,-2.032812,0.587820,-0.804128,-0.668488,-1.525539,1.000000,0.000000,0.000000,0.000000,0.000000
-0.119188,-0.034809,-1.596412,-1.567317,-1.331754,-1.658108,0.000000,1.000000,0.000000,0.000000,0.000000
-1.481980,1.594987,2.153526,-1.795135,-2.082465,-0.734339,0.000000,0.000000,1.000000,0.000000,0.000000
0.526684,-0.459288,0.800546,2.072558,1.992759,1.882801,0.000000,0.000000,0.000000,1.000000,0.000000
-0.179061,0.249136,2.318058,1.257779,1.122352,1.761622,0.000000,1.000000,0.000000,0.000000,0.000000
2.197895,-1.737240,-0.078169,-0.371489,-0.694001,-1.652905,1.000000,0.000000,0.000000,0.000000,0.000000
-1.374047,2.982635,1.519178,-0.078936,-2.595720,-1.119626,0.000000,0.000000,1.000000,0.000000,0.000000
6.220508,-3.618596,-1.730170,3.753197,0.753611,-2.151857,0.000000,1.000000,0.000000,0.000000,0.000000
-0.223448,-1.244792,0.256860,-0.872985,1.261954,1.075835,0.000000,0.000000,0.000000,0.000000,1.000000
-1.208188,1.775241,-1.724381,1.452752,0.362824,0.626550,0.000000,0.000000,1.000000,0.000000,0.000000
-0.495826,-1.122233,-1.071917,-0.797667,1.488043,1.063119,0.000000,0.000000,0.000000,1.000000,0.000000
0.063769,0.772622,-1.499558,-0.106896,-1.333753,-1.512354,0.000000,0.000000,1.000000,0.000000,0.000000
-0.518003,-0.444116,0.943443,-2.077410,-0.666752,-0.364620,1.000000,0.000000,0.000000,0.000000,0.000000
-2.831538,-0.436082,-0.942734,-4.015198,0.430917,0.850326,0.000000,0.000000,1.000000,0.000000,0.000000
1.377969,-2.357833,2.326478,0.430028,2.086922,1.717726,0.000000,0.000000,0.000000,1.000000,0.000000
2.265498,-1.122569,-1.601336,1.342047,-0.049757,-1.296471,0.000000,1.000000,0.000000,0.000000,0.000000
-1.083274,1.261768,-1.120360,0.479221,0.018544,0.300901,1.000000,0.000000,0.000000,0.000000,0.000000
-0.333441,0.500118,2.825759,-0.188010,-0.425788,0.488659,0.000000,0.000000,0.000000,1.000000,0.000000
-0.714739,0.751759,0.129676,-0.174988,-0.328897,0.068060,0.000000,1.000000,0.000000,0.000000,0.000000
-1.434208,-0.039774,-1.741775,-1.585822,0.365207,0.296841,0.000000,0.000000,1.000000,0.000000,0.000000
0.510645,-0.588649,1.690207,1.504823,1.669686,1.768841,0.000000,0.000000,0.000000,0.000000,1.000000
1.851806,1.656896,1.601878,2.085176,-2.778450,-2.427564,0.000000,1.000000,0.000000,0.000000,0.000000
0.066006,-0.636845,0.837742,0.267693,1.111411,1.127220,0.000000,0.000000,0.000000,1.000000,0.000000
0.651986,2.010187,1.757982,1.171000,-2.609499,-1.827046,0.000000,0.000000,0.000000,0.000000,1.000000
-0.859919,1.574902,-1.539533,2.117767,0.844817,1.001203,1.000000,0.000000,0.000000,0.000000,0.000000
-1.844905,2.055190,0.569126,-1.129655,-1.664818,-0.529066,0.000000,0.000000,1.000000,0.000000,0.000000
-0.627241,1.072202,0.028899,1.205683,0.420403,0.811387,0.000000,0.000000,0.000000,0.000000,1.000000
0.785998,-0.798152,0.357282,-1.418261,-1.223147,-1.474342,1.000000,0.000000,0.000000,0.000000,0.000000
0.046018,-2.151291,-1.034451,-2.436847,0.699488,-0.054940,1.000000,0.000000,0.000000,0.000000,0.000000
-0.680783,0.634557,0.780397,-1.516047,-1.483802,-0.919218,0.000000,0.000000,1.000000,0.000000,0.000000
1.867793,-2.158290,0.592993,-1.659567,-0.882742,-1.669436,0.000000,0.000000,1.000000,0.000000,0.000000
-1.861314,0.453353,-0.670968,0.342807,2.080794,2.439903,1.000000,0.000000,0.000000,0.000000,0.000000
0.553626,-0.952480,0.298652,-0.953587,-0.250097,-0.520058,0.000000,0.000000,0.000000,1.000000,0.000000
-2.567401,2.447777,1.232111,-1.813804,-1.943389,-0.354562,0.000000,0.000000,1.000000,0.000000,0.000000
-3.878461,-0.153099,-4.602652,-3.491777,1.823190,1.626380,1.000000,0.000000,0.000000,0.000000,0.000000
0.518585,-1.793606,1.560603,0.555950,2.493172,2.271503,0.000000,0.000000,0.000000,1.000000,0.000000
0.389680,1.110033,-1.620696,1.678581,-0.529460,-0.781546,0.000000,0.000000,1.000000,0.000000,0.000000
0.435239,-0.699716,1.644504,-1.896934,-1.349242,-1.160395,0.000000,0.000000,1.000000,0.000000,0.000000
2.085182,-1.426608,1.255421,-0.718360,-1.310096,-1.819107,1.000000,0.000000,0.000000,0.000000,0.000000
-1.140213,1.034736,0.492241,-1.110384,-1.081698,-0.393387,0.000000,0.000000,1.000000,0.000000,0.000000
0.171372,-0.336507,-1.410495,0.260506,0.492877,0.006793,0.000000,1.000000,0.000000,0.000000,0.000000
0.655918,-1.212754,-0.905948,0.533244,1.406935,0.696707,0.000000,0.000000,0.000000,1.000000,0.000000
-1.400420,-0.320002,-2.959451,-2.069956,0.241091,-0.194949,1.000000,0.000000,0.000000,0.000000,0.000000
-0.904488,1.541587,-0.798845,-0.994055,-2.034392,-1.589198,0.000000,1.000000,0.000000,0.000000,0.000000
-3.720758,3.249352,0.913596,-0.271742,-0.127556,1.801203,0.000000,0.000000,0.000000,0.000000,1.000000
1.596216,-0.652411,1.782363,2.828251,1.627294,1.444983,0.000000,0.000000,0.000000,1.000000,0.000000
3.559701,0.217548,0.034901,2.314197,-2.714761,-3.523687,0.000000,0.000000,1.000000,0.000000,0.000000
-1.222786,0.192730,-1.273307,-0.678941,0.634306,0.666011,0.000000,0.000000,0.000000,0.000000,1.000000
-0.004697,1.358081,-1.722703,0.931547,-1.098403,-1.196908,0.000000,0.000000,1.000000,0.000000,0.000000
-3.061961,1.975111,2.536567,-3.224881,-1.951001,-0.005487,0.000000,0.000000,1.000000,0.000000,0.000000
2.102032,-1.064921,0.708779,2.048877,0.799493,0.154343,0.000000,0.000000,0.000000,0.000000,1.000000
3.766407,0.310532,-0.384006,1.757795,-3.661853,-4.577920,1.000000,0.000000,0.000000,0.000000,0.000000
1.334363,0.836120,0.844820,1.750938,-1.248301,-1.175127,0.000000,0.000000,0.000000,0.000000,1.000000
1.217579,-0.638210,-0.651250,-0.522823,-1.171158,-1.756956,1.000000,0.000000,0.000000,0.000000,0.000000
1.274789,0.041638,0.788594,1.207094,-0.541759,-0.661067,0.000000,0.000000,0.000000,0.000000,1.000000
-1.980094,0.824239,-1.178305,-1.047275,0.348558,0.752818,0.000000,1.000000,0.000000,0.000000,0.000000
0.715779,0.994799,-1.924734,0.534897,-1.893244,-2.286177,0.000000,0.000000,1.000000,0.000000,0.000000
-0.731094,0.890402,-0.539187,1.447110,1.042446,1.259619,0.000000,0.000000,1.000000,0.000000,0.000000
-1.413459,0.448293,-0.289111,-0.545502,0.656393,1.038178,1.000000,0.000000,0.000000,0.000000,0.000000
-0.429980,-1.146789,-1.664922,-1.722243,0.537158,-0.025326,1.000000,0.000000,0.000000,0.000000,0.000000
-3.271661,1.002720,-0.297117,-3.372194,-0.456127,0.581052,0.000000,0.000000,1.000000,0.000000,0.000000
0.517846,-0.332858,-0.440731,1.607096,1.350973,0.983920,0.000000,0.000000,0.000000,1.000000,0.000000
-1.520269,1.856346,1.521938,0.406485,-0.301852,0.893763,0.000000,0.000000,0.000000,0.000000,1.000000
1.267604,0.111906,2.757225,1.595274,-0.226906,0.149546,0.000000,0.000000,0.000000,1.000000,0.000000
0.141266,-0.977183,1.739316,1.175561,2.397987,2.500397,0.000000,0.000000,0.000000,1.000000,0.000000
-0.750295,-0.228057,-0.458044,-1.379501,-0.029989,0.010256,0.000000,0.000000,0.000000,1.000000,0.000000
0.292593,3.356436,2.298698,1.318076,-3.946696,-2.598520,0.000000,0.000000,0.000000,0.000000,1.000000
-0.103501,1.245667,1.377881,-0.681521,-2.307921,-1.590754,0.000000,0.000000,1.000000,0.000000,0.000000
-1.320812,1.145598,0.733997,-1.484153,-1.363875,-0.533313,0.000000,0.000000,1.000000,0.000000,0.000000
-2.451380,1.634172,-0.557156,-0.498565,0.324228,1.184071,1.000000,0.000000,0.000000,0.000000,0.000000
0.353021,-0.139600,-1.037548,0.134308,-0.144585,-0.522571,0.000000,1.000000,0.000000,0.000000,0.000000
1.172287,-2.046373,-1.548285,-1.458580,0.016267,-1.123021,1.000000,0.000000,0.000000,0.000000,0.000000
2.710850,2.653682,2.162799,3.918637,-3.567350,-3.067480,0.000000,0.000000,0.000000,0.000000,1.000000
0.480350,0.700699,0.370466,0.096794,-1.542864,-1.376593,0.000000,0.000000,1.000000,0.000000,0.000000
-2.194830,1.595511,0.597806,-0.664977,-0.093875,0.990405,0.000000,1.000000,0.000000,0.000000,0.000000
-1.525104,1.588714,-2.046507,2.489652,2.039423,2.210342,1.000000,0.000000,0.000000,0.000000,0.000000
1.215999,-0.496625,-0.741495,1.103662,0.190791,-0.433883,1.000000,0.000000,0.000000,0.000000,0.000000
0.380302,-2.052044,-1.089760,-0.605952,1.883717,1.005788,0.000000,0.000000,0.000000,1.000000,0.000000
2.023991,-1.553394,-0.071915,-0.406766,-0.768781,-1.637375,1.000000,0.000000,0.000000,0.000000,0.000000
-3.731965,2.779014,0.969820,0.352943,1.173034,2.973079,0.000000,0.000000,0.000000,0.000000,1.000000
-2.290975,0.808685,-0.624643,-2.308966,-0.430754,0.218564,0.000000,0.000000,1.000000,0.000000,0.000000
-0.014374,0.660646,1.540863,1.000212,0.049043,0.575915,0.000000,0.000000,0.000000,0.000000,1.000000
0.667848,0.190414,-0.360735,-0.062102,-1.211043,-1.397846,0.000000,1.000000,0.000000,0.000000,0.000000
-0.319226,-1.851712,-0.243494,-1.462265,1.691784,1.262184,0.000000,0.000000,0.000000,1.000000,0.000000
0.580647,-1.392665,1.332877,0.814641,2.075445,1.880715,0.000000,0.000000,0.000000,1.000000,0.000000
1.033740,1.327881,0.564040,1.747441,-1.579828,-1.378830,0.000000,0.000000,0.000000,0.000000,1.000000
-0.985759,2.010906,2.428823,-1.125545,-2.682057,-1.289229,0.000000,0.000000,1.000000,0.000000,0.000000
0.631804,-0.786097,0.249144,-0.338408,-0.001567,-0.277877,1.000000,0.000000,0.000000,0.000000,0.000000
-1.772684,1.782330,1.146979,0.660667,0.372406,1.503503,0.000000,0.000000,0.000000,0.000000,1.000000
-0.254509,-1.070469,-0.455099,-1.054392,0.862212,0.558515,0.000000,0.000000,0.000000,1.000000,0.000000
-0.293653,1.176959,0.127385,0.407611,-0.932810,-0.537839,0.000000,0.000000,0.000000,0.000000,1.000000
-1.778896,-0.309424,-0.793849,-1.899923,0.918653,1.101974,0.000000,0.000000,0.000000,1.000000,0.000000
1.420912,2.008820,1.304175,2.057544,-2.760997,-2.293449,0.000000,0.000000,0.000000,0.000000,1.000000
2.682805,-0.997905,-0.497967,1.174942,-0.915690,-1.943604,0.000000,1.000000,0.000000,0.000000,0.000000
-6.017933,4.576386,-0.200764,-0.480601,0.711896,3.236801,0.000000,0.000000,0.000000,0.000000,1.000000
-1.988578,0.774368,1.653566,0.852810,2.311024,3.343352,0.000000,0.000000,0.000000,0.000000,1.000000
1.974496,0.139278,1.655365,1.095287,-1.686428,-1.717937,0.000000,0.000000,0.000000,0.000000,1.000000
0.025847,1.117346,0.979798,0.873080,-0.798692,-0.295093,0.000000,0.000000,0.000000,0.000000,1.000000
-3.928568,2.987946,2.460940,-2.736857,-1.826327,0.546133,0.000000,0.000000,1.000000,0.000000,0.000000
-2.040912,1.096066,0.877762,1.038101,2.077095,3.007495,0.000000,0.000000,0.000000,0.000000,1.000000
1.712448,-1.461532,-0.122506,-1.290717,-1.349618,-2.107159,1.000000,0.000000,0.000000,0.000000,0.000000
-1.583543,2.805910,-1.960985,2.304493,0.170455,0.703649,1.000000,0.000000,0.000000,0.000000,0.000000
-0.292839,-0.344175,0.299899,1.679921,2.504426,2.497452,0.000000,0.000000,0.000000,0.000000,1.000000
-2.297508,1.280545,-0.637552,-0.086719,1.033223,1.731401,1.000000,0.000000,0.000000,0.000000,0.000000
0.184188,-1.307146,1.082867,-0.984946,0.728646,0.643387,0.000000,0.000000,0.000000,1.000000,0.000000
-0.117830,0.903317,0.802274,-0.928103,-2.039406,-1.544143,0.000000,1.000000,0.000000,0.000000,0.000000
1.434932,-1.333160,1.165819,1.325427,1.367382,0.938402,0.000000,0.000000,0.000000,1.000000,0.000000
1.329023,-1.222930,-0.960222,-0.428107,-0.380763,-1.225948,1.000000,0.000000,0.000000,0.000000,0.000000
-1.081934,0.765266,-2.739462,0.672170,0.896281,0.638858,0.000000,0.000000,0.000000,1.000000,0.000000
1.477716,-0.865061,-1.734553,0.153333,-0.546940,-1.542402,1.000000,0.000000,0.000000,0.000000,0.000000
0.275558,0.767259,1.648124,0.905136,-0.572620,-0.052762,0.000000,0.000000,0.000000,0.000000,1.000000
1.677882,0.599713,1.697885,1.814377,-1.275954,-1.132698,0.000000,0.000000,0.000000,0.000000,1.000000
-0.072802,2.998615,1.900869,2.072923,-2.231287,-1.019711,0.000000,1.000000,0.000000,0.000000,0.000000
2.214609,-2.012219,0.851038,0.526990,0.565197,-0.269534,0.000000,0.000000,0.000000,1.000000,0.000000
-1.177857,2.355944,-1.501349,-0.373395,-2.275770,-1.749057,0.000000,1.000000,0.000000,0.000000,0.000000
-2.516396,-0.785735,1.468198,-3.227104,1.329418,2.157747,1.000000,0.000000,0.000000,0.000000,0.000000
0.132637,0.764911,0.640985,-0.536851,-1.789859,-1.440404,0.000000,0.000000,1.000000,0.000000,0.000000
0.369161,2.049493,-0.286942,1.106159,-2.396153,-2.045210,0.000000,1.000000,0.000000,0.000000,0.000000
-0.675107,-0.018468,-0.152106,-1.171740,-0.226809,-0.079022,0.000000,1.000000,0.000000,0.000000,0.000000
1.928581,-1.424788,0.966450,2.146386,1.646112,1.005395,0.000000,0.000000,0.000000,0.000000,1.000000
1.249049,-0.993244,-1.177582,0.830382,0.598433,-0.264034,0.000000,1.000000,0.000000,0.000000,0.000000
1.109547,-0.468017,-1.810195,0.736854,-0.083972,-0.930187,0.000000,1.000000,0.000000,0.000000,0.000000
6.360698,-3.867684,3.819493,0.848115,-1.771240,-3.299880,1.000000,0.000000,0.000000,0.000000,0.000000
-0.283709,0.001249,-1.213801,1.731597,2.014788,1.719727,1.000000,0.000000,0.000000,0.000000,0.000000
-0.300191,0.982199,-1.728568,-0.559457,-1.604817,-1.688166,1.000000,0.000000,0.000000,0.000000,0.000000
-1.285365,-0.401024,1.727404,-3.147092,-0.748717,-0.032961,0.000000,0.000000,1.000000,0.000000,0.000000
0.834545,-0.123195,1.707099,1.482459,0.551135,0.705674,0.000000,0.000000,0.000000,0.000000,1.000000
-0.349174,0.026817,1.134369,-1.759455,-1.260747,-0.835191,0.000000,0.000000,1.000000,0.000000,0.000000
-0.072073,0.392064,-1.728387,0.431665,-0.089337,-0.412846,0.000000,0.000000,0.000000,1.000000,0.000000
-1.154097,1.067955,-3.243918,-1.922791,-1.958350,-2.158186,0.000000,1.000000,0.000000,0.000000,0.000000
0.069891,0.524687,2.177433,-0.953162,-1.734238,-1.039057,0.000000,0.000000,1.000000,0.000000,0.000000
-0.667395,-2.395048,-2.144734,-1.834446,2.542748,1.588168,1.000000,0.000000,0.000000,0.000000,0.000000
0.958452,0.431713,0.296130,1.235093,-0.678413,-0.746839,0.000000,0.000000,0.000000,0.000000,1.000000
-0.920227,-0.252338,-1.064621,-1.795685,-0.185070,-0.249795,0.000000,1.000000,0.000000,0.000000,0.000000
-1.521278,0.533319,-0.813691,0.683569,1.848341,2.105587,1.000000,0.000000,0.000000,0.000000,0.000000
-0.623250,1.042622,1.803268,0.858503,0.153934,0.988105,0.000000,0.000000,0.000000,0.000000,1.000000
-0.160180,2.112472,1.758685,0.330691,-2.511539,-1.491793,0.000000,0.000000,0.000000,0.000000,1.000000
1.516211,-1.793040,-0.943609,1.399941,1.965499,0.870776,0.000000,0.000000,0.000000,0.000000,1.000000
2.385727,-0.793412,0.472577,1.972412,-0.041502,-0.734529,0.000000,0.000000,0.000000,0.000000,1.000000
-1.432679,1.471902,-1.756750,2.149396,1.766017,1.968596,1.000000,0.000000,0.000000,0.000000,0.000000
0.703444,-1.019122,0.192657,-2.003694,-1.361689,-1.674117,1.000000,0.000000,0.000000,0.000000,0.000000
-1.597524,1.319624,-0.362034,-0.504240,-0.331377,0.302535,1.000000,0.000000,0.000000,0.000000,0.000000
-0.258018,1.729991,0.671826,0.249678,-1.925333,-1.251775,0.000000,1.000000,0.000000,0.000000,0.000000
-0.024388,-0.313834,-0.364528,-1.120997,-0.598708,-0.729265,0.000000,0.000000,1.000000,0.000000,0.000000
0.170872,-0.257538,-1.008811,-0.968332,-0.798294,-1.122711,0.000000,1.000000,0.000000,0.000000,0.000000
-1.127098,0.513321,-0.472526,-1.290984,-0.531835,-0.217690,0.000000,1.000000,0.000000,0.000000,0.000000
0.714855,0.104702,-0.168001,0.074680,-1.012596,-1.189330,0.000000,1.000000,0.000000,0.000000,0.000000
-1.786913,1.246783,-0.904827,-1.279143,-0.735154,-0.186891,0.000000,0.000000,0.000000,1.000000,0.000000
0.751461,-0.519319,2.698200,-0.095539,-0.268909,0.098128,0.000000,0.000000,0.000000,1.000000,0.000000
1.064639,-0.197606,0.562265,-0.151126,-1.233450,-1.379751,0.000000,0.000000,0.000000,1.000000,0.000000
2.647188,-0.762180,-0.003214,1.050029,-1.323689,-2.154360,0.000000,0.000000,1.000000,0.000000,0.000000
3.625151,-1.861041,-1.299148,2.037161,-0.070312,-1.765208,0.000000,1.000000,0.000000,0.000000,0.000000
2.363582,-0.847150,-0.938381,2.008724,0.076274,-0.977343,1.000000,0.000000,0.000000,0.000000,0.000000
-5.059951,4.722123,1.296737,-0.912439,-1.136088,1.598638,0.000000,0.000000,0.000000,0.000000,1.000000
-0.522263,1.426488,-0.433906,1.843722,0.376121,0.701098,0.000000,0.000000,1.000000,0.000000,0.000000
2.253779,-1.666712,-0.180963,-0.882965,-1.363670,-2.324899,1.000000,0.000000,0.000000,0.000000,0.000000
4.156648,-2.690467,1.602093,0.567690,-0.923037,-2.187346,1.000000,0.000000,0.000000,0.000000,0.000000
2.189749,-0.967046,0.317466,0.027743,-1.410744,-2.079356,1.000000,0.000000,0.000000,0.000000,0.000000
0.696369,-2.120032,-0.746846,-2.105613,0.132405,-0.699213,1.000000,0.000000,0.000000,0.000000,0.000000
0.505061,-1.323049,1.545521,1.802112,3.027656,2.888095,0.000000,0.000000,0.000000,1.000000,0.000000
2.051325,1.854278,1.443451,2.662591,-2.770983,-2.471217,0.000000,0.000000,0.000000,0.000000,1.000000
0.424055,0.807776,-2.314303,1.989703,0.152811,-0.369386,0.000000,0.000000,1.000000,0.000000,0.000000
0.691869,-2.220289,-1.533150,0.071923,2.368496,1.243608,0.000000,0.000000,0.000000,1.000000,0.000000
-1.033056,1.963580,0.508291,0.622388,-0.900456,-0.044444,0.000000,0.000000,0.000000,0.000000,1.000000
1.728602,0.633846,-1.785341,0.972892,-2.261647,-2.957042,0.000000,0.000000,1.000000,0.000000,0.000000
-0.709667,-1.864406,-1.429766,-1.151631,2.497015,1.846830,0.000000,0.000000,0.000000,1.000000,0.000000
5.351138,-2.369881,-0.593915,2.674752,-0.949349,-3.011897,0.000000,1.000000,0.000000,0.000000,0.000000
-2.836640,1.322211,-0.333722,-0.599713,1.184713,2.107262,1.000000,0.000000,0.000000,0.000000,0.000000
1.177116,-0.540086,-1.973080,0.350273,-0.442396,-1.350332,1.000000,0.000000,0.000000,0.000000,0.000000
2.220885,-0.183723,-1.225888,0.250650,-2.400592,-3.259533,1.000000,0.000000,0.000000,0.000000,0.000000
0.496311,-0.872552,0.986210,1.676110,2.253732,2.100633,0.000000,0.000000,0.000000,1.000000,0.000000
-2.210143,2.458508,0.264792,0.400055,-0.307034,0.890646,0.000000,0.000000,0.000000,0.000000,1.000000
-1.234871,-0.047636,-1.855150,-2.157501,-0.435329,-0.559515,0.000000,1.000000,0.000000,0.000000,0.000000
-0.308233,-2.385608,-1.166291,-1.050698,2.833794,2.017862,0.000000,0.000000,0.000000,1.000000,0.000000
-3.785334,2.366335,2.334813,-3.470017,-1.818215,0.350974,0.000000,0.000000,1.000000,0.000000,0.000000
0.690446,0.133680,-1.540983,0.033449,-1.086086,-1.589025,0.000000,0.000000,1.000000,0.000000,0.000000
0.187362,1.339275,-0.698683,0.774179,-1.455000,-1.342159,0.000000,0.000000,1.000000,0.000000,0.000000
-2.140251,4.277272,1.104573,0.590734,-2.841709,-0.976855,0.000000,0.000000,1.000000,0.000000,0.000000
-0.292851,0.467245,-0.571759,0.790493,0.454011,0.474914,1.000000,0.000000,0.000000,0.000000,0.000000
0.756853,-1.404210,-0.346561,0.188817,1.231466,0.598307,0.000000,0.000000,0.000000,1.000000,0.000000
5.765375,-3.922208,-2.764689,3.979705,1.987070,-1.160923,0.000000,1.000000,0.000000,0.000000,0.000000
1.458706,1.124869,1.834539,0.767097,-2.760451,-2.360387,0.000000,0.000000,1.000000,0.000000,0.000000
-0.121898,-0.446618,-0.508015,-0.002910,0.795780,0.579066,0.000000,0.000000,0.000000,0.000000,1.000000
-1.067643,-1.206533,-1.819276,-0.842667,2.297981,1.794982,0.000000,0.000000,0.000000,1.000000,0.000000
-2.279113,2.807893,1.662610,-1.016952,-2.066267,-0.366613,0.000000,0.000000,1.000000,0.000000,0.000000
2.170268,-1.030143,1.565600,-1.096043,-2.355225,-2.688927,1.000000,0.000000,0.000000,0.000000,0.000000
1.291001,-2.086396,-0.424203,-0.629125,0.738361,-0.186844,1.000000,0.000000,0.000000,0.000000,0.000000
-1.704892,-2.031251,-1.164148,-2.071333,3.151970,2.777352,0.000000,0.000000,0.000000,1.000000,0.000000
-0.903643,0.152326,-0.163344,-0.885911,0.097496,0.329333,0.000000,0.000000,0.000000,0.000000,1.000000
-4.745298,4.121632,2.188129,-0.729721,-0.481781,2.238780,0.000000,0.000000,0.000000,0.000000,1.000000
-2.350402,-0.599845,0.472957,-3.475904,0.586858,1.188449,0.000000,0.000000,0.000000,1.000000,0.000000
-2.700778,0.899117,-2.426298,-2.540262,-0.282775,0.042932,0.000000,1.000000,0.000000,0.000000,0.000000
0.850002,1.380618,-2.753275,1.655244,-1.562898,-2.126908,0.000000,0.000000,1.000000,0.000000,0.000000
-0.635678,1.739922,0.723759,-0.388676,-2.062805,-1.267787,0.000000,0.000000,1.000000,0.000000,0.000000
0.260203,1.105657,0.452466,0.489511,-1.465025,-1.135109,0.000000,1.000000,0.000000,0.000000,0.000000
-0.707148,1.414533,-0.316230,-0.739336,-1.852816,-1.374177,0.000000,0.000000,1.000000,0.000000,0.000000
-0.848292,1.973121,1.424129,0.458961,-1.296423,-0.246580,0.000000,0.000000,0.000000,0.000000,1.000000
-2.023885,1.626881,-2.365162,-2.490163,-2.170802,-1.790926,0.000000,1.000000,0.000000,0.000000,0.000000
1.841675,-0.034046,-1.884207,1.249709,-1.173528,-2.104599,1.000000,0.000000,0.000000,0.000000,0.000000
-5.187800,4.115562,0.988621,-0.568986,0.236878,2.751992,0.000000,0.000000,0.000000,0.000000,1.000000
0.304356,1.831366,1.497540,0.896927,-2.166203,-1.408589,0.000000,0.000000,0.000000,0.000000,1.000000
1.535218,0.121816,0.299052,1.551670,-0.673238,-0.962704,0.000000,0.000000,0.000000,0.000000,1.000000
-1.819244,1.711304,0.545858,-1.623349,-1.674744,-0.624955,0.000000,0.000000,1.000000,0.000000,0.000000
1.500116,-1.591928,2.828612,1.278680,1.641804,1.543995,0.000000,0.000000,0.000000,1.000000,0.000000
-1.023702,0.844874,-0.126911,-1.588834,-1.428965,-0.954644,0.000000,0.000000,0.000000,1.000000,0.000000
0.152711,-0.093167,-0.065301,0.305305,0.229784,0.144535,1.000000,0.000000,0.000000,0.000000,0.000000
5.652867,-3.036479,-1.275057,3.225743,0.145796,-2.348015,0.000000,1.000000,0.000000,0.000000,0.000000
2.997473,-0.311156,-2.680398,3.330640,-0.282654,-1.813053,0.000000,0.000000,1.000000,0.000000,0.000000
-3.370647,2.222650,0.821962,-2.478410,-1.219169,0.410580,0.000000,0.000000,1.000000,0.000000,0.000000
0.953865,-1.744615,-1.263254,-1.218517,0.098145,-0.849691,1.000000,0.000000,0.000000,0.000000,0.000000
-0.913481,-0.185663,-1.510714,-1.866096,-0.366139,-0.523100,0.000000,1.000000,0.000000,0.000000,0.000000
0.980727,-0.077293,-0.977252,0.290727,-0.899625,-1.392092,0.000000,1.000000,0.000000,0.000000,0.000000
-1.898040,1.844254,0.289018,0.716790,0.484914,1.445699,0.000000,0.000000,0.000000,0.000000,1.000000
2.106771,-0.554637,0.451905,0.332680,-1.605784,-2.123585,0.000000,0.000000,1.000000,0.000000,0.000000
-1.025716,1.957555,0.516773,0.574255,-0.947479,-0.090995,0.000000,0.000000,0.000000,0.000000,1.000000
-3.927980,2.847169,0.335900,0.159906,1.132135,2.843263,0.000000,0.000000,0.000000,0.000000,1.000000
-0.816188,4.308487,3.609968,0.333772,-4.813721,-2.607098,0.000000,0.000000,0.000000,0.000000,1.000000
-0.079486,-0.648169,-1.843118,-1.222026,-0.163979,-0.734119,1.000000,0.000000,0.000000,0.000000,0.000000
3.231932,-1.207218,-0.617809,1.446350,-1.066289,-2.311415,0.000000,1.000000,0.000000,0.000000,0.000000
-0.509297,1.309694,-1.562784,2.265867,0.916386,0.913361,1.000000,0.000000,0.000000,0.000000,0.000000
-0.199567,-0.406383,-0.634306,-0.726348,0.139164,-0.056708,0.000000,0.000000,0.000000,1.000000,0.000000
-1.433095,-0.340820,-1.060390,-1.502550,0.892891,0.911002,0.000000,0.000000,0.000000,1.000000,0.000000
-0.571213,0.550216,0.881583,-0.403599,-0.430229,0.075494,0.000000,1.000000,0.000000,0.000000,0.000000
2.083177,3.396940,2.642475,2.994674,-4.712774,-3.725868,0.000000,0.000000,0.000000,0.000000,1.000000
1.086216,-1.416903,-1.997560,1.147434,1.717053,0.565027,0.000000,1.000000,0.000000,0.000000,0.000000
2.033489,0.302351,-0.852003,2.261327,-0.919312,-1.582053,0.000000,0.000000,1.000000,0.000000,0.000000
1.643494,-0.312090,0.624861,1.677185,-0.057287,-0.409065,0.000000,0.000000,0.000000,0.000000,1.000000
0.507565,1.562364,1.250755,1.010834,-1.934181,-1.358269,0.000000,0.000000,0.000000,0.000000,1.000000
-1.187884,0.384553,-1.175431,-0.578434,0.408794,0.504321,0.000000,1.000000,0.000000,0.000000,0.000000
0.113618,2.125035,-0.806654,0.487907,-2.778109,-2.458259,0.000000,1.000000,0.000000,0.000000,0.000000
-0.656877,-0.367095,0.244410,-0.748766,0.670169,0.805993,1.000000,0.000000,0.000000,0.000000,0.000000
-1.671585,0.057477,-1.103560,-1.271443,0.846416,1.004853,0.000000,0.000000,0.000000,1.000000,0.000000
-1.298036,2.572882,0.318314,-0.226356,-2.261899,-1.204246,0.000000,0.000000,1.000000,0.000000,0.000000
-2.846126,2.046735,2.499812,0.031845,0.801467,2.599760,0.000000,0.000000,0.000000,0.000000,1.000000
-0.791497,0.604426,-1.934619,-1.357606,-1.189708,-1.287304,1.000000,0.000000,0.000000,0.000000,0.000000
-0.244513,0.379146,1.391576,-1.030411,-1.201812,-0.667071,0.000000,0.000000,1.000000,0.000000,0.000000
-0.698327,0.438852,-0.316445,-0.036450,0.230143,0.425372,1.000000,0.000000,0.000000,0.000000,0.000000
-1.433377,-1.064484,-0.196706,-2.491021,1.006761,1.080935,0.000000,0.000000,0.000000,1.000000,0.000000
2.004676,-0.459052,-0.156441,0.625139,-1.340454,-1.970824,0.000000,1.000000,0.000000,0.000000,0.000000
-1.161461,0.889496,-2.337000,-1.974595,-1.724002,-1.742580,0.000000,1.000000,0.000000,0.000000,0.000000
-0.017024,1.844882,-0.267952,0.842468,-1.850490,-1.453566,0.000000,0.000000,1.000000,0.000000,0.000000
-0.425165,0.790417,3.209830,0.589884,0.027857,1.108964,0.000000,0.000000,0.000000,0.000000,1.000000
3.810554,-0.912693,1.920418,0.824537,-2.802361,-3.448702,1.000000,0.000000,0.000000,0.000000,0.000000
3.657871,-1.133791,1.196766,1.702094,-1.449488,-2.328911,0.000000,0.000000,0.000000,0.000000,1.000000
-1.048295,-1.527178,-2.418151,-3.166299,0.489578,-0.173612,0.000000,1.000000,0.000000,0.000000,0.000000
0.923326,-2.791514,-1.225992,-0.106587,2.730480,1.484883,0.000000,0.000000,0.000000,1.000000,0.000000
0.364205,0.379742,1.442753,-0.899167,-1.866933,-1.460154,0.000000,0.000000,1.000000,0.000000,0.000000
1.841136,0.233315,0.004820,0.228912,-2.512485,-2.869929,0.000000,1.000000,0.000000,0.000000,0.000000
-0.126402,-3.545410,-0.973145,-1.589720,3.765953,2.668575,0.000000,0.000000,0.000000,1.000000,0.000000
1.156365,-1.395645,-1.139146,0.660306,1.140254,0.207396,0.000000,0.000000,0.000000,1.000000,0.000000
0.109728,-2.306748,-0.726254,-0.955220,2.275224,1.492467,0.000000,0.000000,0.000000,1.000000,0.000000
-0.883155,1.468627,-1.335368,-0.856923,-1.833182,-1.549772,0.000000,1.000000,0.000000,0.000000,0.000000
1.365610,-0.239247,-0.349630,1.860009,0.357795,-0.160364,0.000000,0.000000,0.000000,0.000000,1.000000
-1.761803,-0.020919,-1.149382,-2.518255,-0.124457,0.063704,0.000000,1.000000,0.000000,0.000000,0.000000
2.458793,0.375299,-0.112273,0.961358,-2.818223,-3.330070,0.000000,0.000000,0.000000,1.000000,0.000000
-1.094112,-0.919377,-0.719847,-1.525328,1.276314,1.150765,0.000000,0.000000,0.000000,1.000000,0.000000
-1.391926,1.388316,-1.402549,1.294145,1.016454,1.304232,1.000000,0.000000,0.000000,0.000000,0.000000
2.751665,1.736834,2.995524,2.181627,-3.948050,-3.435107,0.000000,0.000000,1.000000,0.000000,0.000000
2.186309,-0.183123,-0.078525,0.935987,-1.676622,-2.265796,0.000000,0.000000,1.000000,0.000000,0.000000
0.814122,-0.478081,-1.022804,0.428753,0.031397,-0.545587,0.000000,1.000000,0.000000,0.000000,0.000000
-1.291647,0.920278,-0.904664,1.266489,1.547738,1.813785,1.000000,0.000000,0.000000,0.000000,0.000000
0.157884,-0.065376,-1.142450,1.832180,1.635439,1.238136,1.000000,0.000000,0.000000,0.000000,0.000000
-0.473642,1.433888,-1.373431,0.355613,-1.147646,-1.015110,0.000000,0.000000,1.000000,0.000000,0.000000
3.771339,-1.133430,0.347997,1.356268,-1.945238,-3.049087,0.000000,1.000000,0.000000,0.000000,0.000000
-1.441865,0.695146,-0.557260,-0.965661,-0.074620,0.326265,0.000000,1.000000,0.000000,0.000000,0.000000
2.794297,-0.968048,-1.180601,1.352111,-0.944985,-2.165306,0.000000,1.000000,0.000000,0.000000,0.000000
1.749851,-0.001029,1.253328,1.414579,-0.889722,-1.018389,0.000000,0.000000,0.000000,0.000000,1.000000
-1.265162,0.943021,-0.610937,-1.164504,-0.856951,-0.436832,0.000000,1.000000,0.000000,0.000000,0.000000
-1.015658,-0.161227,-0.498426,-1.680878,-0.073045,0.044381,0.000000,1.000000,0.000000,0.000000,0.000000
-2.870401,2.583772,1.699503,0.216699,0.217423,1.958359,0.000000,0.000000,0.000000,0.000000,1.000000
3.007429,0.833799,2.977649,3.363581,-1.830465,-1.657444,0.000000,0.000000,0.000000,1.000000,0.000000
-1.844290,1.480385,0.189994,0.932465,1.149662,1.970439,0.000000,0.000000,0.000000,0.000000,1.000000
-0.827065,-1.400485,-0.768559,-1.633561,1.522761,1.201693,0.000000,0.000000,0.000000,1.000000,0.000000
-0.088897,1.308225,-0.262947,0.107675,-1.685386,-1.388465,0.000000,1.000000,0.000000,0.000000,0.000000
-0.602691,1.840965,-2.812065,-1.563866,-3.445043,-3.468932,0.000000,1.000000,0.000000,0.000000,0.000000
-1.069663,0.726068,-0.003056,-0.976420,-0.604463,-0.140944,0.000000,1.000000,0.000000,0.000000,0.000000
4.649475,-2.226126,-0.974960,2.440659,-0.477757,-2.431775,0.000000,1.000000,0.000000,0.000000,0.000000
3.586454,-1.498681,1.864841,2.038668,-0.490924,-1.296244,0.000000,0.000000,0.000000,0.000000,1.000000
1.130998,0.245891,-0.123661,0.859538,-1.001879,-1.249747,0.000000,0.000000,1.000000,0.000000,0.000000
-1.143800,1.048968,-1.408639,2.074300,1.938268,2.053181,1.000000,0.000000,0.000000,0.000000,0.000000
-0.374754,0.528259,-1.546265,-0.651378,-0.933945,-1.072277,0.000000,1.000000,0.000000,0.000000,0.000000
0.055297,1.318891,2.026929,-0.518230,-2.452388,-1.595840,0.000000,0.000000,1.000000,0.000000,0.000000
2.205719,-1.851310,1.234974,1.846342,1.620751,0.881807,0.000000,0.000000,0.000000,1.000000,0.000000
1.588156,-1.102164,0.236186,-0.652279,-1.088743,-1.655712,0.000000,0.000000,1.000000,0.000000,0.000000
0.153582,-0.352151,-1.837040,0.649486,0.906236,0.301177,0.000000,0.000000,0.000000,1.000000,0.000000
1.465830,-1.544194,-1.568305,-0.329067,-0.006966,-1.121949,1.000000,0.000000,0.000000,0.000000,0.000000
-2.371958,1.350904,1.393640,-2.927084,-1.674167,-0.341887,0.000000,0.000000,1.000000,0.000000,0.000000
-0.710700,0.019492,-1.242401,-0.421307,0.468774,0.338974,0.000000,0.000000,0.000000,1.000000,0.000000
2.807112,-1.398061,-1.706243,1.665060,-0.044483,-1.522235,0.000000,1.000000,0.000000,0.000000,0.000000
-0.724369,2.443326,3.284184,-0.810291,-3.331747,-1.681451,0.000000,0.000000,1.000000,0.000000,0.000000
-1.980048,-0.132597,-3.266568,-3.636068,-0.791532,-1.072072,0.000000,1.000000,0.000000,0.000000,0.000000
1.166932,-1.535394,1.098145,-1.317026,-0.537472,-0.888476,1.000000,0.000000,0.000000,0.000000,0.000000
2.944617,-1.049333,-0.360262,1.224551,-1.131305,-2.198981,0.000000,1.000000,0.000000,0.000000,0.000000
-0.328398,2.087080,0.935593,0.715078,-1.899592,-1.065933,0.000000,1.000000,0.000000,0.000000,0.000000
-0.592001,0.982324,0.206317,-0.501017,-1.136226,-0.675932,0.000000,0.000000,1.000000,0.000000,0.000000
-1.722997,2.460612,1.007133,0.292564,-1.034484,0.242363,0.000000,0.000000,0.000000,0.000000,1.000000
0.574151,0.560100,-0.451886,0.508120,-1.078336,-1.188052,1.000000,0.000000,0.000000,0.000000,0.000000
-1.426608,1.582151,0.941692,0.742877,0.288841,1.235762,0.000000,0.000000,0.000000,0.000000,1.000000
0.931173,-0.581167,-1.234029,0.558146,0.149986,-0.537220,0.000000,1.000000,0.000000,0.000000,0.000000
0.637095,1.229736,0.110930,1.371577,-1.291336,-1.127279,0.000000,0.000000,0.000000,0.000000,1.000000
1.036452,-1.012691,1.307611,1.287462,1.385913,1.167421,0.000000,0.000000,0.000000,1.000000,0.000000
1.345380,0.446496,-1.056226,0.314220,-2.113357,-2.569473,1.000000,0.000000,0.000000,0.000000,0.000000
2.401359,0.014577,0.996107,2.352722,-0.860114,-1.225818,0.000000,0.000000,0.000000,0.000000,1.000000
0.834389,-1.490728,1.233380,0.179973,1.274730,0.993686,0.000000,0.000000,0.000000,1.000000,0.000000
0.421030,-2.307470,-0.765321,-0.695095,2.121416,1.250318,0.000000,0.000000,0.000000,1.000000,0.000000
0.333093,0.563026,0.487360,-0.439485,-1.666097,-1.456314,0.000000,0.000000,1.000000,0.000000,0.000000
0.412498,2.188801,1.348034,1.648420,-2.104516,-1.338824,0.000000,1.000000,0.000000,0.000000,0.000000
-0.501654,0.110006,-1.016305,-1.450635,-0.922429,-0.984708,0.000000,1.000000,0.000000,0.000000,0.000000
0.872954,-0.728501,0.662663,0.318949,0.241585,0.007134,0.000000,0.000000,0.000000,1.000000,0.000000
-0.209822,1.094472,0.120259,-0.849220,-2.133067,-1.738529,0.000000,1.000000,0.000000,0.000000,0.000000
-1.032833,2.152682,0.421951,-0.220653,-1.989151,-1.076498,0.000000,0.000000,1.000000,0.000000,0.000000
1.121248,-1.375124,-0.233425,-1.227117,-0.646944,-1.278775,1.000000,0.000000,0.000000,0.000000,0.000000
-0.762209,-0.152663,0.324290,-0.800004,0.447668,0.685321,0.000000,0.000000,0.000000,0.000000,1.000000
-2.178453,2.195568,-0.942272,0.252453,-0.129111,0.697341,1.000000,0.000000,0.000000,0.000000,0.000000
-2.891677,2.218596,-2.219529,-0.882622,-0.350487,0.362830,0.000000,0.000000,1.000000,0.000000,0.000000
-0.610632,0.760812,-1.047421,-0.936736,-1.231433,-1.122106,0.000000,1.000000,0.000000,0.000000,0.000000
0.188168,1.259502,-0.531105,0.355274,-1.740925,-1.593792,0.000000,1.000000,0.000000,0.000000,0.000000
1.022679,-0.744146,2.665869,0.049227,-0.156105,0.077853,0.000000,0.000000,0.000000,1.000000,0.000000
2.414271,-1.507449,-0.899368,1.356745,0.341963,-0.866137,0.000000,1.000000,0.000000,0.000000,0.000000
0.756301,1.795799,-0.069848,0.669672,-2.947935,-2.682398,0.000000,1.000000,0.000000,0.000000,0.000000
-2.619720,0.880582,-3.513880,-3.377967,-1.186922,-1.126224,0.000000,1.000000,0.000000,0.000000,0.000000
-0.145227,-2.668747,0.907447,-2.654848,1.522882,1.163691,0.000000,0.000000,0.000000,1.000000,0.000000
1.224732,-1.261132,-1.587363,0.982870,1.159105,0.124494,0.000000,0.000000,0.000000,1.000000,0.000000
0.516000,-0.510992,-1.890356,-0.380932,-0.328031,-1.035167,1.000000,0.000000,0.000000,0.000000,0.000000
-1.342513,2.177593,-1.868995,1.157206,-0.334151,0.040022,0.000000,0.000000,1.000000,0.000000,0.000000
0.805119,-1.026551,0.475302,0.219739,0.663945,0.322723,0.000000,0.000000,0.000000,1.000000,0.000000
-0.283113,2.919847,2.341673,0.406427,-3.441509,-2.038627,0.000000,0.000000,0.000000,0.000000,1.000000
5.090828,-2.158192,-1.921944,2.822531,-0.798591,-3.081317,0.000000,1.000000,0.000000,0.000000,0.000000
2.226363,3.169277,2.617797,3.175817,-4.394178,-3.511718,0.000000,0.000000,0.000000,0.000000,1.000000
1.723345,-0.113712,0.664942,1.340090,-0.773379,-1.069420,0.000000,0.000000,1.000000,0.000000,0.000000
-0.535844,-0.324981,-0.046275,-0.425634,0.757980,0.794892,1.000000,0.000000,0.000000,0.000000,0.000000
-2.132782,1.267545,-3.853719,-2.752068,-1.784968,-1.836333,0.000000,1.000000,0.000000,0.000000,0.000000
1.053991,-0.340977,-0.364322,0.294835,-0.597476,-1.024108,0.000000,1.000000,0.000000,0.000000,0.000000
-1.413582,-0.575135,-1.153260,-1.731165,0.986017,0.922393,1.000000,0.000000,0.000000,0.000000,0.000000
1.513386,-0.878347,0.110397,1.353927,0.614187,0.024996,0.000000,1.000000,0.000000,0.000000,0.000000
2.453087,-2.700647,0.035948,0.498449,1.213648,-0.057845,0.000000,0.000000,0.000000,1.000000,0.000000
0.847173,-3.100839,-0.890260,-0.324596,3.074494,1.854780,0.000000,0.000000,0.000000,1.000000,0.000000
-0.870836,1.027474,0.182988,0.059448,-0.299609,0.210631,0.000000,1.000000,0.000000,0.000000,0.000000
-0.249540,0.330605,-1.096932,1.654504,1.419667,1.235589,1.000000,0.000000,0.000000,0.000000,0.000000
-1.071889,0.521009,-0.440773,-1.222899,-0.548655,-0.239244,0.000000,0.000000,0.000000,1.000000,0.000000
0.153613,-0.834084,-1.053957,-0.050434,0.945214,0.430423,0.000000,0.000000,0.000000,1.000000,0.000000
0.378359,-2.127541,-1.360655,-0.191514,2.390591,1.412088,0.000000,0.000000,0.000000,1.000000,0.000000
1.911948,0.129553,1.239022,1.350913,-1.351775,-1.483681,0.000000,0.000000,0.000000,0.000000,1.000000
1.060516,-1.113454,1.076173,0.977916,1.198793,0.901165,0.000000,0.000000,0.000000,1.000000,0.000000
4.523445,-1.612474,0.424950,3.600171,-0.064174,-1.519011,0.000000,0.000000,0.000000,1.000000,0.000000
2.944922,-1.175982,-0.043738,1.200964,-0.965068,-1.986959,0.000000,1.000000,0.000000,0.000000,0.000000
-1.102277,-0.008844,1.953516,-0.342506,1.149567,1.890501,0.000000,1.000000,0.000000,0.000000,0.000000
-3.220715,-0.682521,0.721490,-4.471902,0.883319,1.753034,0.000000,0.000000,0.000000,1.000000,0.000000
-2.011354,2.294118,1.551338,0.223634,-0.474798,0.960016,0.000000,0.000000,0.000000,0.000000,1.000000
-0.186489,-0.772424,0.903829,0.542639,1.902723,1.946513,0.000000,0.000000,0.000000,1.000000,0.000000
4.358769,-2.849604,-1.503728,2.741845,1.087076,-1.107869,0.000000,1.000000,0.000000,0.000000,0.000000
0.535829,0.022178,0.825982,0.288840,-0.436630,-0.355535,0.000000,0.000000,0.000000,0.000000,1.000000
-2.668531,1.633419,-0.556343,0.071282,1.156757,2.046264,1.000000,0.000000,0.000000,0.000000,0.000000
-1.355453,2.460143,-0.967681,-0.366851,-2.180771,-1.454490,0.000000,1.000000,0.000000,0.000000,0.000000
3.339646,-1.698770,2.346904,2.468731,0.543242,-0.154374,0.000000,0.000000,0.000000,1.000000,0.000000
3.331969,-2.262923,-1.925441,2.232311,1.072035,-0.825315,0.000000,1.000000,0.000000,0.000000,0.000000
0.536142,0.561719,0.076515,0.105340,-1.410322,-1.366527,0.000000,0.000000,1.000000,0.000000,0.000000
-1.388704,1.097213,-1.219239,1.069487,1.221775,1.484861,1.000000,0.000000,0.000000,0.000000,0.000000
0.971258,-0.154920,1.546776,-0.432177,-1.428019,-1.288416,0.000000,0.000000,1.000000,0.000000,0.000000
0.529030,0.349531,1.270821,1.122903,-0.092091,0.159628,0.000000,0.000000,0.000000,0.000000,1.000000
-0.065938,-2.846500,-1.581951,-0.753395,3.467534,2.362385,0.000000,0.000000,0.000000,1.000000,0.000000
0.989578,-1.276450,2.022603,0.910051,1.478552,1.390861,0.000000,0.000000,0.000000,1.000000,0.000000
-0.587268,-0.419779,-0.793677,0.665912,2.001491,1.802980,1.000000,0.000000,0.000000,0.000000,0.000000
1.191978,0.639069,-1.825750,2.533004,-0.068952,-0.704763,0.000000,0.000000,1.000000,0.000000,0.000000
0.242280,-0.969753,-0.033200,-2.745817,-1.552574,-1.779871,1.000000,0.000000,0.000000,0.000000,0.000000
3.249443,-1.040495,2.199557,1.896711,-0.849272,-1.370130,0.000000,0.000000,0.000000,1.000000,0.000000
-0.933340,-0.299810,0.115054,-0.945827,0.739878,0.929931,1.000000,0.000000,0.000000,0.000000,0.000000
-1.234745,1.725708,-0.375652,-0.582215,-1.468349,-0.809178,0.000000,1.000000,0.000000,0.000000,0.000000
-0.354718,2.758653,1.110334,0.744079,-2.809930,-1.750440,0.000000,0.000000,0.000000,0.000000,1.000000
-0.986526,1.173171,-0.568811,0.016709,-0.414794,-0.025244,1.000000,0.000000,0.000000,0.000000,0.000000
-1.924424,2.328775,-1.224173,0.254073,-0.656186,0.078532,0.000000,0.000000,1.000000,0.000000,0.000000
2.103674,0.294738,-2.142843,3.268035,-0.051589,-1.085990,0.000000,0.000000,1.000000,0.000000,0.000000
2.026601,-0.155623,-1.929073,1.697914,-0.806337,-1.837086,0.000000,0.000000,1.000000,0.000000,0.000000
1.163933,0.920622,1.898552,2.062340,-0.831414,-0.446601,0.000000,0.000000,0.000000,1.000000,0.000000
-1.371920,1.205762,1.579763,0.935566,0.960979,1.948053,0.000000,0.000000,0.000000,0.000000,1.000000
-0.933727,-0.256170,-0.806365,-1.673640,-0.039956,-0.042652,0.000000,1.000000,0.000000,0.000000,0.000000
-1.503840,-1.687083,-1.122624,-1.606991,2.838697,2.504811,0.000000,0.000000,0.000000,1.000000,0.000000
0.725720,-0.867535,-1.019832,0.701293,0.974691,0.306211,0.000000,0.000000,0.000000,1.000000,0.000000
0.320258,0.737685,1.313290,1.025910,-0.477137,-0.062237,0.000000,0.000000,0.000000,0.000000,1.000000
1.559487,-2.068743,1.241549,-1.399788,-0.350536,-0.892177,1.000000,0.000000,0.000000,0.000000,0.000000
0.402914,0.061786,0.523267,1.383859,0.728551,0.738254,0.000000,0.000000,0.000000,1.000000,0.000000
2.934969,-1.731406,-1.089879,1.687577,0.305654,-1.136677,0.000000,1.000000,0.000000,0.000000,0.000000
2.109168,-1.142733,-0.653914,0.877607,-0.248500,-1.214901,1.000000,0.000000,0.000000,0.000000,0.000000
0.955281,-0.768297,1.827735,1.489456,1.339965,1.326606,0.000000,0.000000,0.000000,1.000000,0.000000
-0.712646,1.320328,0.075271,-0.489615,-1.461551,-0.917761,0.000000,0.000000,1.000000,0.000000,0.000000
-0.556432,1.821221,0.177721,0.268170,-1.660398,-1.019067,0.000000,0.000000,1.000000,0.000000,0.000000
3.790531,-2.050387,0.472978,2.572272,0.535450,-0.824662,0.000000,0.000000,0.000000,0.000000,1.000000
0.606210,0.497909,-1.479203,-0.085268,-1.618929,-1.987408,1.000000,0.000000,0.000000,0.000000,0.000000
1.242195,-0.219307,-0.888434,0.210207,-1.109424,-1.673313,1.000000,0.000000,0.000000,0.000000,0.000000
2.572335,-1.592519,-0.997953,1.480033,0.377089,-0.917507,0.000000,1.000000,0.000000,0.000000,0.000000
0.499428,0.133832,-1.115930,0.088206,-0.777899,-1.134330,0.000000,1.000000,0.000000,0.000000,0.000000
-0.729978,0.053007,-2.439443,-2.379808,-1.462235,-1.810563,0.000000,1.000000,0.000000,0.000000,0.000000
0.884206,0.312407,-1.610659,1.529165,-0.157750,-0.724064,0.000000,0.000000,1.000000,0.000000,0.000000
2.362193,-0.462242,-0.406361,2.725516,0.218677,-0.624766,0.000000,0.000000,0.000000,0.000000,1.000000
0.094168,-0.461163,-0.862550,0.322075,0.843005,0.475195,0.000000,0.000000,0.000000,1.000000,0.000000
-1.457408,0.658318,-0.372684,-0.305933,0.637871,1.056296,1.000000,0.000000,0.000000,0.000000,0.000000
0.810744,0.875570,-1.522481,1.490249,-0.916226,-1.294017,0.000000,0.000000,1.000000,0.000000,0.000000
-0.559082,0.763102,-1.255630,-1.225790,-1.583844,-1.527491,0.000000,1.000000,0.000000,0.000000,0.000000
-1.053884,2.178782,-3.879545,-1.168936,-2.986697,-3.098225,0.000000,1.000000,0.000000,0.000000,0.000000
0.167536,-0.489584,-0.797518,1.566800,1.989259,1.572100,0.000000,0.000000,0.000000,1.000000,0.000000
1.691762,2.554946,1.892164,2.550050,-3.421932,-2.741239,0.000000,0.000000,0.000000,0.000000,1.000000
-0.694559,3.093256,2.055873,0.031001,-3.524936,-2.042387,0.000000,0.000000,0.000000,0.000000,1.000000
0.908170,0.595019,0.139147,1.259955,-0.828957,-0.882727,0.000000,0.000000,1.000000,0.000000,0.000000
-1.216248,1.155362,1.567947,-0.843936,-0.882973,0.112322,0.000000,0.000000,0.000000,1.000000,0.000000
0.902654,-0.562275,2.795813,0.765798,0.428421,0.745700,0.000000,0.000000,0.000000,1.000000,0.000000
-0.111582,-0.107878,2.697714,1.102304,1.409856,2.039022,0.000000,0.000000,0.000000,0.000000,1.000000
0.293655,0.157174,2.146867,-1.009702,-1.546392,-1.004220,0.000000,0.000000,1.000000,0.000000,0.000000
1.018565,-0.207346,-0.050797,0.426960,-0.612866,-0.922836,0.000000,1.000000,0.000000,0.000000,0.000000
4.619740,-2.994694,1.976249,0.928510,-0.729318,-2.097041,1.000000,0.000000,0.000000,0.000000,0.000000
-2.030855,1.323283,-3.229924,-2.457895,-1.704409,-1.618901,0.000000,1.000000,0.000000,0.000000,0.000000
0.684653,0.097709,-0.061776,-0.326082,-1.347481,-1.479563,0.000000,0.000000,1.000000,0.000000,0.000000
0.270240,-1.866121,0.834640,-0.583451,1.811278,1.483968,0.000000,0.000000,0.000000,1.000000,0.000000
-0.260030,1.017341,0.760495,0.603226,-0.545415,-0.049594,0.000000,1.000000,0.000000,0.000000,0.000000
1.440584,-0.878167,-0.521406,1.439811,0.780573,0.048097,0.000000,0.000000,0.000000,0.000000,1.000000
-0.993443,1.960365,-1.440497,-0.845439,-2.394759,-1.983105,0.000000,1.000000,0.000000,0.000000,0.000000
-3.062289,2.102474,-0.469449,-1.957015,-0.965266,0.225731,0.000000,0.000000,1.000000,0.000000,0.000000
-1.584450,-0.161240,-1.400816,-1.240520,1.075523,1.081813,0.000000,0.000000,0.000000,1.000000,0.000000
0.950027,0.506870,-1.094208,0.935445,-1.089040,-1.470731,0.000000,0.000000,1.000000,0.000000,0.000000
1.938499,-2.004395,0.046835,1.299530,1.643502,0.647385,0.000000,0.000000,0.000000,0.000000,1.000000
-2.416858,2.660161,0.071995,0.357405,-0.375511,0.875391,0.000000,0.000000,0.000000,0.000000,1.000000
0.458216,0.245973,-1.113460,1.768818,0.732088,0.359082,1.000000,0.000000,0.000000,0.000000,0.000000
-1.401703,0.955800,-0.588920,0.232764,0.648665,1.061614,1.000000,0.000000,0.000000,0.000000,0.000000
-1.002182,1.651218,1.050981,-0.609530,-1.664566,-0.722277,0.000000,0.000000,1.000000,0.000000,0.000000
-1.229618,0.992553,0.220063,-1.081268,-0.880751,-0.252065,1.000000,0.000000,0.000000,0.000000,0.000000
-1.372831,0.501711,-0.181674,-1.240304,-0.141631,0.295011,0.000000,1.000000,0.000000,0.000000,0.000000
-0.322135,-1.564795,-1.305635,-0.692398,2.002450,1.360089,0.000000,0.000000,0.000000,1.000000,0.000000
-1.085615,2.123213,-1.993848,0.361611,-1.357904,-1.060129,0.000000,0.000000,1.000000,0.000000,0.000000
0.764980,-0.919002,0.482915,1.810668,2.092885,1.737901,0.000000,0.000000,0.000000,0.000000,1.000000
3.181546,-0.641202,-1.846121,2.308821,-1.012898,-2.430685,0.000000,0.000000,1.000000,0.000000,0.000000
-0.155767,0.265916,-1.114966,1.047059,0.806116,0.599710,1.000000,0.000000,0.000000,0.000000,0.000000
1.594333,-0.526593,-0.538410,0.888316,-0.461685,-1.121502,1.000000,0.000000,0.000000,0.000000,0.000000
0.156185,0.558828,3.034355,1.807983,0.778885,1.584277,0.000000,0.000000,0.000000,1.000000,0.000000
0.071349,-2.689767,-1.182967,-0.835514,2.989028,1.996290,0.000000,0.000000,0.000000,1.000000,0.000000
1.087881,-2.330178,-1.093349,-0.057723,1.895726,0.766488,0.000000,0.000000,0.000000,1.000000,0.000000
-1.355770,1.681222,-2.922484,-1.685449,-2.352730,-2.273394,0.000000,1.000000,0.000000,0.000000,0.000000
-0.521070,1.822114,-2.580206,3.630018,1.484374,1.321459,1.000000,0.000000,0.000000,0.000000,0.000000
4.522537,-3.305257,-2.073701,3.124365,1.894796,-0.611517,0.000000,1.000000,0.000000,0.000000,0.000000
5.377262,-2.893685,-1.759985,3.165768,0.230725,-2.281898,0.000000,1.000000,0.000000,0.000000,0.000000
-1.153605,0.441908,-0.857336,-1.051399,-0.169362,0.028360,0.000000,0.000000,0.000000,1.000000,0.000000
-1.874246,1.491329,-0.806857,0.099009,0.352700,0.963518,1.000000,0.000000,0.000000,0.000000,0.000000
-0.106102,1.564290,-2.035095,2.141774,-0.105356,-0.244517,0.000000,0.000000,1.000000,0.000000,0.000000
1.883428,-0.881342,-2.113199,2.213505,0.927604,-0.325797,0.000000,0.000000,0.000000,1.000000,0.000000
-1.837019,0.896998,-2.946564,-2.538953,-1.410545,-1.408155,0.000000,1.000000,0.000000,0.000000,0.000000
1.176818,2.428762,1.981284,2.061098,-3.038588,-2.237402,0.000000,0.000000,0.000000,0.000000,1.000000
-2.067213,1.188288,-0.967804,0.954447,1.865269,2.370748,1.000000,0.000000,0.000000,0.000000,0.000000
-2.098830,1.609866,-1.302814,-1.195695,-0.783312,-0.170697,0.000000,0.000000,0.000000,1.000000,0.000000
-2.203855,0.637338,0.002950,-2.041553,-0.026807,0.704506,0.000000,0.000000,0.000000,0.000000,1.000000
1.628277,0.131017,0.644169,1.840305,-0.523638,-0.755517,0.000000,0.000000,0.000000,0.000000,1.000000
2.608798,-1.982931,-0.586658,2.195832,1.593434,0.265640,0.000000,0.000000,0.000000,0.000000,1.000000
0.605299,-0.896617,0.331553,0.288687,0.799036,0.498979,0.000000,0.000000,0.000000,0.000000,1.000000
-2.163519,3.436886,1.508052,-0.370269,-2.509788,-0.729695,0.000000,0.000000,0.000000,0.000000,1.000000
-1.891047,0.695109,-2.285652,-2.258344,-0.765401,-0.649626,0.000000,1.000000,0.000000,0.000000,0.000000
0.036703,-0.549632,-1.261434,0.050281,0.777566,0.309331,0.000000,0.000000,0.000000,1.000000,0.000000
-1.532582,0.609712,0.172320,-1.121215,0.030013,0.614885,0.000000,1.000000,0.000000,0.000000,0.000000
4.774179,-2.092137,-0.950442,2.433983,-0.840560,-2.780802,0.000000,1.000000,0.000000,0.000000,0.000000
5.227826,-3.266833,-1.436462,3.191992,0.997846,-1.500517,0.000000,1.000000,0.000000,0.000000,0.000000
-2.013059,2.481980,1.664507,0.276424,-0.692664,0.818516,0.000000,0.000000,0.000000,0.000000,1.000000
0.671314,-0.636992,0.423409,-1.206968,-1.103396,-1.276922,1.000000,0.000000,0.000000,0.000000,0.000000
-0.948963,1.920506,-1.336266,2.426682,0.759708,1.067551,1.000000,0.000000,0.000000,0.000000,0.000000
1.067913,-1.511004,1.605564,0.877212,1.678633,1.408982,0.000000,0.000000,0.000000,1.000000,0.000000
-1.064746,2.899701,2.504214,-0.531699,-3.296903,-1.652514,0.000000,0.000000,0.000000,0.000000,1.000000
0.497242,0.855088,2.310892,0.853407,-1.027011,-0.367428,0.000000,0.000000,0.000000,0.000000,1.000000
-5.108837,2.452390,-3.828919,-4.524209,-1.342932,-0.348727,0.000000,1.000000,0.000000,0.000000,0.000000
1.112003,0.208487,0.395613,0.622299,-1.142566,-1.259289,0.000000,0.000000,1.000000,0.000000,0.000000
-0.613950,0.092717,0.940944,-1.709910,-0.967715,-0.515043,0.000000,0.000000,1.000000,0.000000,0.000000
3.295691,-1.064413,0.626012,1.380471,-1.398894,-2.309701,0.000000,0.000000,1.000000,0.000000,0.000000
-1.264243,0.778278,0.872754,-0.575440,-0.025995,0.698899,0.000000,1.000000,0.000000,0.000000,0.000000
0.408346,0.311572,2.847087,1.447874,0.459970,1.109021,0.000000,1.000000,0.000000,0.000000,0.000000
-0.507332,-0.369246,-1.988108,-1.358768,-0.146973,-0.578896,1.000000,0.000000,0.000000,0.000000,0.000000
-0.577467,-2.169317,-0.932673,-1.428888,2.509341,1.881525,0.000000,0.000000,0.000000,1.000000,0.000000
-2.619442,1.628894,-0.320207,-0.518522,0.535255,1.490839,1.000000,0.000000,0.000000,0.000000,0.000000
3.565676,-3.037463,1.278384,-0.175637,-0.372212,-1.651320,1.000000,0.000000,0.000000,0.000000,0.000000
-1.432260,0.648914,-1.026655,1.160034,2.020110,2.219217,1.000000,0.000000,0.000000,0.000000,0.000000
2.388882,-0.332644,0.169256,3.605348,0.853245,0.151568,0.000000,0.000000,0.000000,1.000000,0.000000
3.132382,-0.594883,3.001186,2.844524,-0.417442,-0.626954,0.000000,0.000000,0.000000,1.000000,0.000000
0.240173,-0.949836,-0.980405,-0.216400,0.842134,0.301131,0.000000,0.000000,0.000000,1.000000,0.000000
-1.387514,1.259227,-1.301930,-1.385817,-1.382160,-1.015114,0.000000,1.000000,0.000000,0.000000,0.000000
0.723341,-3.547131,-1.155844,-0.492343,3.717631,2.347383,0.000000,0.000000,0.000000,1.000000,0.000000
1.004318,1.106715,-1.802297,1.476516,-1.521701,-1.950755,0.000000,0.000000,1.000000,0.000000,0.000000
-6.972309,6.114273,1.610181,-1.188390,-0.931928,2.686457,0.000000,0.000000,0.000000,0.000000,1.000000
3.538575,-0.862367,-1.558133,1.949594,-1.497127,-2.969956,0.000000,0.000000,1.000000,0.000000,0.000000
-3.645417,2.372124,-4.616077,-1.538741,-0.266355,0.083671,1.000000,0.000000,0.000000,0.000000,0.000000
0.242945,-0.282840,1.971901,1.971338,2.027888,2.322229,0.000000,0.000000,0.000000,1.000000,0.000000
-2.081150,2.006928,-1.062344,0.958668,0.696741,1.398157,1.000000,0.000000,0.000000,0.000000,0.000000
1.661459,-0.077047,-1.456909,1.735960,-0.400931,-1.213163,0.000000,0.000000,1.000000,0.000000,0.000000
2.977148,-1.453239,1.174258,2.326867,0.501312,-0.336409,0.000000,0.000000,0.000000,0.000000,1.000000
0.956675,-0.315565,-0.210486,1.464757,0.621986,0.223028,0.000000,0.000000,0.000000,1.000000,0.000000
-0.639195,-1.868116,-1.692585,-0.745317,2.797757,2.052021,0.000000,0.000000,0.000000,1.000000,0.000000
0.979764,0.299111,1.511384,0.887954,-0.827256,-0.622360,0.000000,0.000000,0.000000,1.000000,0.000000
-4.114332,3.342731,0.724903,0.096824,0.600501,2.583042,0.000000,0.000000,0.000000,0.000000,1.000000
-0.019403,-0.054929,-3.223366,-0.257753,-0.198292,-0.999758,1.000000,0.000000,0.000000,0.000000,0.000000
2.315988,-0.784615,0.109217,2.419338,0.460817,-0.319333,0.000000,0.000000,0.000000,0.000000,1.000000
0.275684,0.899688,0.849656,0.908909,-0.775124,-0.418555,0.000000,1.000000,0.000000,0.000000,0.000000
-2.086464,0.761582,-0.776378,-2.125143,-0.453760,0.093480,0.000000,0.000000,1.000000,0.000000,0.000000
-1.654606,1.317948,-1.098768,1.114393,1.292249,1.701685,1.000000,0.000000,0.000000,0.000000,0.000000
-2.239532,2.255695,-0.034908,-0.922340,-1.253440,-0.133040,0.000000,0.000000,1.000000,0.000000,0.000000
-0.265229,2.332607,1.631302,0.196262,-2.826381,-1.752020,0.000000,0.000000,1.000000,0.000000,0.000000
4.172811,-1.311713,2.471486,0.963020,-2.551026,-3.251919,1.000000,0.000000,0.000000,0.000000,0.000000
0.812546,-0.710493,1.322429,-0.169772,-0.165641,-0.201762,0.000000,1.000000,0.000000,0.000000,0.000000
2.980356,-0.416964,1.119484,0.374942,-2.889669,-3.402632,1.000000,0.000000,0.000000,0.000000,0.000000
-2.350649,0.784089,-1.453531,-2.364106,-0.384690,0.067649,0.000000,1.000000,0.000000,0.000000,0.000000
-1.538027,0.896192,-2.217014,-2.263003,-1.519868,-1.412874,0.000000,1.000000,0.000000,0.000000,0.000000
2.374944,-1.351550,-1.848385,0.892770,-0.296562,-1.674657,0.000000,0.000000,1.000000,0.000000,0.000000
0.050254,1.770335,0.231559,0.615888,-2.039482,-1.545830,0.000000,1.000000,0.000000,0.000000,0.000000
2.915079,1.041351,1.574585,3.261057,-2.134556,-2.230725,0.000000,0.000000,0.000000,0.000000,1.000000
0.292774,1.565185,1.412964,0.202504,-2.435010,-1.742987,0.000000,0.000000,1.000000,0.000000,0.000000
0.957524,-0.924590,-0.858445,0.611393,0.672262,-0.020210,0.000000,1.000000,0.000000,0.000000,0.000000
0.166084,0.018781,1.039284,-1.309262,-1.486986,-1.217663,0.000000,0.000000,1.000000,0.000000,0.000000
-0.137235,-1.063209,-2.081656,-1.833600,-0.079330,-0.785035,1.000000,0.000000,0.000000,0.000000,0.000000
-1.588474,-0.323927,-0.973309,-1.503302,1.071170,1.150209,0.000000,0.000000,0.000000,1.000000,0.000000
-1.101730,-2.208584,-0.764313,-2.376209,2.338275,1.890975,1.000000,0.000000,0.000000,0.000000,0.000000
-0.338412,0.657078,1.554755,-1.569041,-1.999590,-1.311864,0.000000,0.000000,1.000000,0.000000,0.000000
-0.140849,0.211685,-0.920808,-0.825100,-0.934993,-1.048437,0.000000,1.000000,0.000000,0.000000,0.000000
2.302221,-1.981857,1.852923,1.507149,1.368616,0.738195,0.000000,0.000000,0.000000,1.000000,0.000000
-2.279817,2.759553,-2.206907,0.496126,-0.603298,0.073013,0.000000,0.000000,1.000000,0.000000,0.000000
-3.220045,2.796392,0.524546,0.190591,0.318072,1.902886,0.000000,0.000000,0.000000,0.000000,1.000000
-1.064119,-0.820176,-0.424886,-1.939759,0.698950,0.679926,0.000000,0.000000,0.000000,1.000000,0.000000
0.970462,-0.191811,0.953775,0.233146,-0.742483,-0.781808,0.000000,1.000000,0.000000,0.000000,0.000000
-1.319483,0.211250,-1.985343,-0.321451,1.065444,0.935096,0.000000,0.000000,0.000000,1.000000,0.000000
-0.954906,-0.147744,0.208305,-1.668362,-0.147520,0.134814,1.000000,0.000000,0.000000,0.000000,0.000000
2.112443,-1.125422,0.621029,1.093325,-0.048319,-0.701691,0.000000,0.000000,0.000000,1.000000,0.000000
1.919235,-1.116708,2.795224,1.555130,0.672288,0.588656,0.000000,0.000000,0.000000,1.000000,0.000000
-0.527076,1.267458,-1.938184,2.516726,1.236153,1.124420,1.000000,0.000000,0.000000,0.000000,0.000000
2.570114,-0.457025,0.639642,0.562211,-2.125753,-2.682675,0.000000,0.000000,1.000000,0.000000,0.000000
-2.061684,1.175556,-1.135246,1.041756,1.957837,2.414247,1.000000,0.000000,0.000000,0.000000,0.000000
-0.138796,-0.613941,-0.259469,-1.431960,-0.311831,-0.459635,0.000000,1.000000,0.000000,0.000000,0.000000
0.776101,0.593764,1.188781,0.779090,-1.100797,-0.848781,0.000000,0.000000,0.000000,0.000000,1.000000
-0.435238,-1.397691,-1.306210,-1.937001,0.707641,0.176188,1.000000,0.000000,0.000000,0.000000,0.000000
-1.750505,2.421722,1.122012,0.243660,-0.987383,0.315488,0.000000,0.000000,0.000000,0.000000,1.000000
-3.669534,2.390222,0.233970,-2.588976,-1.190456,0.408362,0.000000,1.000000,0.000000,0.000000,0.000000
-0.289739,1.072985,-2.204552,3.487580,2.140856,1.826024,1.000000,0.000000,0.000000,0.000000,0.000000
-0.049875,2.060879,-0.026806,0.880029,-2.081211,-1.561235,0.000000,1.000000,0.000000,0.000000,0.000000
-1.115574,-1.456589,-0.256153,-2.198215,1.444136,1.318899,0.000000,0.000000,0.000000,1.000000,0.000000
-1.522953,0.673001,1.001116,-1.407813,-0.336437,0.478239,0.000000,0.000000,0.000000,0.000000,1.000000
0.582495,-0.904816,-0.248319,1.769482,2.257433,1.767017,0.000000,0.000000,0.000000,1.000000,0.000000
0.354362,-1.979488,-0.186265,-2.277861,0.216610,-0.356337,1.000000,0.000000,0.000000,0.000000,0.000000
-1.003376,0.447744,-1.312780,-0.407714,0.239217,0.270313,0.000000,0.000000,0.000000,1.000000,0.000000
-0.256624,0.279726,-0.149813,-0.874493,-0.917712,-0.794244,0.000000,0.000000,1.000000,0.000000,0.000000
-0.411981,-0.218141,-0.164441,-1.435513,-0.533299,-0.491536,0.000000,0.000000,1.000000,0.000000,0.000000
0.228246,-1.078634,-1.073134,-0.217374,1.042208,0.446851,0.000000,0.000000,0.000000,1.000000,0.000000
-0.120098,0.327351,1.013462,1.360623,1.008907,1.328465,0.000000,0.000000,0.000000,0.000000,1.000000
-0.673410,2.233792,1.252664,0.278938,-2.078848,-1.035838,0.000000,0.000000,0.000000,0.000000,1.000000
0.108952,2.231366,-2.721130,2.556180,-0.966391,-1.161478,0.000000,0.000000,1.000000,0.000000,0.000000
-0.437282,0.391036,1.437773,0.231487,0.248200,0.798656,0.000000,1.000000,0.000000,0.000000,0.000000
-1.479047,-0.660563,-1.345919,-2.767033,0.193910,0.109126,0.000000,1.000000,0.000000,0.000000,0.000000
-0.765055,2.296682,1.931253,1.297871,-1.057725,0.156852,0.000000,1.000000,0.000000,0.000000,0.000000
-0.694497,0.498354,0.460371,-1.348830,-1.112476,-0.665820,0.000000,0.000000,1.000000,0.000000,0.000000
3.602110,-1.937435,-0.935324,1.942059,-0.014810,-1.631279,0.000000,1.000000,0.000000,0.000000,0.000000
-0.520257,-0.949543,-1.860675,-0.090474,1.936890,1.343767,0.000000,0.000000,0.000000,1.000000,0.000000
1.987046,-0.705879,0.493742,1.799242,0.183313,-0.386182,1.000000,0.000000,0.000000,0.000000,0.000000
0.040746,-0.357573,0.367177,1.484940,1.903379,1.841293,0.000000,0.000000,0.000000,1.000000,0.000000
2.106953,-0.537359,-0.539127,0.789419,-1.207958,-1.982400,0.000000,0.000000,1.000000,0.000000,0.000000
2.939586,3.952731,3.435832,4.182752,-5.475538,-4.376426,0.000000,0.000000,0.000000,0.000000,1.000000
2.058987,1.386084,1.463023,2.575559,-2.184397,-2.002359,0.000000,0.000000,0.000000,0.000000,1.000000
-2.119725,2.614683,1.852281,-0.037592,-1.046059,0.581185,0.000000,0.000000,0.000000,0.000000,1.000000
0.598673,-2.761083,-1.872414,0.164615,3.358733,2.024488,0.000000,0.000000,0.000000,1.000000,0.000000
-0.494565,0.454714,1.381566,-1.739616,-1.669886,-1.037943,0.000000,0.000000,1.000000,0.000000,0.000000
-1.164134,1.102513,1.621461,0.719197,0.632988,1.563759,0.000000,0.000000,0.000000,0.000000,1.000000
-0.581250,1.171044,0.213437,0.993590,0.015821,0.475496,0.000000,0.000000,1.000000,0.000000,0.000000
0.906203,-0.301840,-0.507362,0.251504,-0.506329,-0.923538,0.000000,1.000000,0.000000,0.000000,0.000000
-0.087792,-0.051610,1.840289,0.704224,0.899021,1.338237,0.000000,0.000000,0.000000,1.000000,0.000000
0.811364,-2.051370,-1.928659,1.291020,3.135579,1.889741,0.000000,1.000000,0.000000,0.000000,0.000000
0.680661,0.353409,1.079103,0.724114,-0.682401,-0.497914,0.000000,0.000000,0.000000,1.000000,0.000000
2.247410,-1.280411,-0.971587,2.421759,1.254059,0.089925,0.000000,0.000000,0.000000,0.000000,1.000000
0.277587,1.567467,-0.350177,0.141754,-2.507174,-2.246649,0.000000,0.000000,1.000000,0.000000,0.000000
-2.656223,3.055109,0.728943,-1.833146,-2.737273,-1.092201,0.000000,0.000000,0.000000,0.000000,1.000000
1.700061,-1.153958,0.022005,1.479714,0.891456,0.161431,0.000000,0.000000,0.000000,0.000000,1.000000
-0.606363,0.145520,-0.343270,0.395918,0.952750,1.028739,1.000000,0.000000,0.000000,0.000000,0.000000
0.834293,0.080826,0.101258,-0.708654,-1.883370,-2.000234,1.000000,0.000000,0.000000,0.000000,0.000000
-3.030656,2.125801,-2.217147,-2.465816,-1.560312,-0.786962,0.000000,1.000000,0.000000,0.000000,0.000000
0.498625,1.516189,-1.555382,1.035243,-1.879821,-2.011283,0.000000,0.000000,1.000000,0.000000,0.000000
-1.305307,1.125607,-0.749631,0.291301,0.330320,0.724717,1.000000,0.000000,0.000000,0.000000,0.000000
-4.801787,4.364773,1.680015,-0.784208,-0.822656,1.850569,0.000000,0.000000,0.000000,0.000000,1.000000
-0.390642,1.614244,0.853981,0.628129,-1.217003,-0.511741,0.000000,0.000000,0.000000,0.000000,1.000000
0.209583,-0.524650,2.190946,1.584502,2.053535,2.358693,0.000000,0.000000,0.000000,1.000000,0.000000
-0.771874,2.325423,2.152306,-0.307520,-2.633602,-1.301481,0.000000,0.000000,1.000000,0.000000,0.000000
1.649144,-0.486546,-0.523160,0.585105,-0.883010,-1.530625,0.000000,1.000000,0.000000,0.000000,0.000000
-0.781443,-0.736039,-1.944262,-0.247429,1.813766,1.320121,1.000000,0.000000,0.000000,0.000000,0.000000
2.019144,0.173551,-1.402105,3.226106,0.206596,-0.655678,0.000000,0.000000,1.000000,0.000000,0.000000
-1.249321,1.424808,0.647414,0.638327,0.181092,0.977142,0.000000,0.000000,0.000000,0.000000,1.000000
1.161258,0.750865,-0.501598,0.266295,-2.352748,-2.547899,0.000000,0.000000,1.000000,0.000000,0.000000
0.186136,-1.823876,-0.750253,0.310752,2.693806,1.973382,0.000000,0.000000,0.000000,1.000000,0.000000
-5.523033,3.091222,0.188774,0.191469,2.879755,4.975359,0.000000,0.000000,0.000000,0.000000,1.000000
-0.799330,1.869473,-0.757132,0.434974,-1.269850,-0.798873,0.000000,0.000000,1.000000,0.000000,0.000000
-1.555537,1.428210,-1.818995,1.903135,1.750918,1.962254,1.000000,0.000000,0.000000,0.000000,0.000000
2.003310,-1.518694,0.934860,3.038736,2.544562,1.824659,0.000000,0.000000,0.000000,1.000000,0.000000
-0.498255,2.803599,2.018380,0.294696,-3.106046,-1.762172,0.000000,0.000000,0.000000,0.000000,1.000000
0.885744,0.558588,0.516369,1.256984,-0.743307,-0.707972,0.000000,0.000000,0.000000,0.000000,1.000000
-1.706955,-1.047369,-2.620685,-2.077278,1.694961,1.219654,1.000000,0.000000,0.000000,0.000000,0.000000
-0.756615,0.630437,-0.943926,1.146218,1.156437,1.220208,1.000000,0.000000,0.000000,0.000000,0.000000
3.115825,-0.553617,0.481651,0.608760,-2.652939,-3.398473,1.000000,0.000000,0.000000,0.000000,0.000000
0.070838,0.625947,0.829826,-0.373899,-1.347424,-0.979428,0.000000,0.000000,1.000000,0.000000,0.000000
1.850193,-1.748902,0.702206,-1.189152,-0.999406,-1.662524,1.000000,0.000000,0.000000,0.000000,0.000000
1.511256,-0.100280,0.564603,0.502744,-1.325570,-1.567484,0.000000,0.000000,1.000000,0.000000,0.000000
-0.069953,0.574550,1.241857,-0.602592,-1.302998,-0.807154,0.000000,0.000000,1.000000,0.000000,0.000000
0.947719,-0.981539,-0.704426,-0.949641,-0.733671,-1.348699,0.000000,0.000000,1.000000,0.000000,0.000000
1.271363,-0.719854,1.985584,1.965233,1.319659,1.271557,0.000000,0.000000,0.000000,1.000000,0.000000
1.046566,-2.549919,0.585966,0.683796,3.011713,2.225636,0.000000,0.000000,0.000000,1.000000,0.000000
-4.572733,2.944563,-1.702622,0.824893,2.435046,3.788383,1.000000,0.000000,0.000000,0.000000,0.000000
0.534820,0.923608,-0.839280,0.713505,-1.363919,-1.471710,1.000000,0.000000,0.000000,0.000000,0.000000
0.575729,0.991155,2.536412,-0.100457,-2.241906,-1.476158,0.000000,0.000000,1.000000,0.000000,0.000000
0.137812,0.407601,-0.135592,-0.396860,-1.155948,-1.099492,0.000000,1.000000,0.000000,0.000000,0.000000
-1.807201,1.833041,1.087255,0.634355,0.317263,1.455560,0.000000,0.000000,0.000000,0.000000,1.000000
-0.764120,-1.870640,0.923550,-1.085026,2.681186,2.623324,0.000000,0.000000,0.000000,1.000000,0.000000
1.208466,-0.049011,-0.674199,1.192669,-0.362684,-0.853609,1.000000,0.000000,0.000000,0.000000,0.000000
3.329603,-2.417489,-1.899017,2.291873,1.357462,-0.575648,0.000000,1.000000,0.000000,0.000000,0.000000
-0.236202,-0.124777,0.104641,-0.363963,0.139514,0.197582,0.000000,0.000000,0.000000,0.000000,1.000000
-1.816762,0.142332,-1.255167,-1.340841,0.842500,1.020603,0.000000,0.000000,0.000000,1.000000,0.000000
2.118099,-0.750829,0.291097,1.950608,0.220565,-0.445524,0.000000,0.000000,0.000000,0.000000,1.000000
0.616394,-2.505864,0.916346,-0.796073,2.086924,1.540273,0.000000,0.000000,0.000000,1.000000,0.000000
-1.084084,1.516964,-1.493039,1.927672,1.038117,1.247312,1.000000,0.000000,0.000000,0.000000,0.000000
0.657634,-0.272136,-0.178401,0.775953,0.284673,-0.004833,0.000000,0.000000,0.000000,0.000000,1.000000
-1.234637,-0.993705,-0.810181,-0.750817,2.311706,2.149749,0.000000,0.000000,0.000000,1.000000,0.000000
2.293823,-0.852755,0.857318,1.241843,-0.533123,-1.101388,0.000000,0.000000,0.000000,1.000000,0.000000
-2.054350,-1.776822,-3.561741,-2.164343,3.106338,2.285438,1.000000,0.000000,0.000000,0.000000,0.000000
-1.718812,1.084871,-1.757945,-1.448904,-0.766640,-0.482485,0.000000,1.000000,0.000000,0.000000,0.000000
-1.971726,2.689224,2.493642,-0.126828,-1.421830,0.354081,0.000000,0.000000,0.000000,0.000000,1.000000
0.238977,0.357440,-0.805613,1.197626,0.310193,0.111246,1.000000,0.000000,0.000000,0.000000,0.000000
2.262515,-2.037559,1.998190,-0.871241,-0.787904,-1.308751,1.000000,0.000000,0.000000,0.000000,0.000000
1.353641,-0.183136,1.301621,1.496306,-0.030405,-0.109148,0.000000,0.000000,0.000000,0.000000,1.000000
2.355384,-0.002719,1.153673,2.233426,-0.887458,-1.204349,0.000000,0.000000,0.000000,1.000000,0.000000
-0.385276,0.622399,0.790749,-0.091366,-0.477589,-0.027418,0.000000,1.000000,0.000000,0.000000,0.000000
-0.890069,0.373048,-1.208586,-0.477202,0.135196,0.149323,0.000000,1.000000,0.000000,0.000000,0.000000
1.561346,-0.336342,-0.518594,1.404677,-0.197292,-0.811731,0.000000,0.000000,1.000000,0.000000,0.000000
2.231327,0.840033,2.544473,0.815208,-3.292975,-2.966820,0.000000,0.000000,1.000000,0.000000,0.000000
-2.066446,2.455960,-1.663585,1.891718,0.914110,1.550604,1.000000,0.000000,0.000000,0.000000,0.000000
-0.295855,-0.287812,-0.083166,-0.619059,0.204917,0.195162,1.000000,0.000000,0.000000,0.000000,0.000000
4.214518,-1.175668,-2.194098,4.429800,0.457748,-1.489981,0.000000,0.000000,1.000000,0.000000,0.000000
0.841784,-0.057232,1.363397,2.675352,1.589380,1.634644,0.000000,0.000000,0.000000,1.000000,0.000000
-1.454621,0.985535,-1.567328,1.762093,2.131087,2.269937,1.000000,0.000000,0.000000,0.000000,0.000000
2.738318,-1.728340,-0.969252,1.588992,0.463997,-0.900221,0.000000,1.000000,0.000000,0.000000,0.000000
0.953132,0.882580,0.855326,0.829588,-1.707557,-1.503304,0.000000,1.000000,0.000000,0.000000,0.000000
5.592405,-3.401758,-1.451047,3.380664,0.901264,-1.724400,0.000000,1.000000,0.000000,0.000000,0.000000
-0.991446,1.356353,2.079391,0.532905,-0.131968,0.947054,0.000000,0.000000,0.000000,0.000000,1.000000
-0.776368,0.708471,-0.720108,1.040622,0.970853,1.118745,1.000000,0.000000,0.000000,0.000000,0.000000
2.484238,-1.334749,-0.396580,0.426289,-0.887781,-1.910097,1.000000,0.000000,0.000000,0.000000,0.000000
1.802267,-0.927836,0.307946,0.091374,-0.902670,-1.478550,0.000000,0.000000,1.000000,0.000000,0.000000
-0.573719,1.646401,-1.751737,2.518491,0.751259,0.796366,0.000000,0.000000,1.000000,0.000000,0.000000
-0.582130,1.506600,1.088474,-0.226344,-1.630906,-0.824481,0.000000,0.000000,0.000000,0.000000,1.000000
0.466405,0.036041,-2.347152,0.004543,-0.694516,-1.372139,0.000000,1.000000,0.000000,0.000000,0.000000
-1.228457,2.565552,-1.802203,2.513740,0.262143,0.684627,1.000000,0.000000,0.000000,0.000000,0.000000
0.943726,-0.526033,-1.664386,-0.512098,-0.984923,-1.731456,1.000000,0.000000,0.000000,0.000000,0.000000
1.603610,-0.743076,-0.864807,0.750963,-0.297203,-1.092743,0.000000,1.000000,0.000000,0.000000,0.000000
3.333856,-1.756582,-0.670838,1.724898,-0.133387,-1.569040,0.000000,1.000000,0.000000,0.000000,0.000000
-1.042452,-1.167963,-0.679778,-1.432119,1.660704,1.464694,0.000000,0.000000,0.000000,1.000000,0.000000
-0.747848,2.033327,1.805754,-0.439447,-2.373585,-1.205664,0.000000,0.000000,1.000000,0.000000,0.000000
-1.009101,1.688323,1.140391,0.513045,-0.626357,0.312026,0.000000,1.000000,0.000000,0.000000,0.000000
-0.095905,0.230419,0.552745,-0.589595,-0.768616,-0.529369,0.000000,1.000000,0.000000,0.000000,0.000000
1.001773,-1.695994,-0.650171,-0.145213,1.009787,0.180397,0.000000,0.000000,0.000000,1.000000,0.000000
-2.273297,0.587465,0.348556,1.305516,3.366676,4.074464,0.000000,0.000000,0.000000,0.000000,1.000000
-3.168542,2.192919,-0.546488,-2.533546,-1.515262,-0.276421,0.000000,0.000000,0.000000,1.000000,0.000000
4.008896,-3.264110,-1.701850,2.807537,2.204053,-0.073405,0.000000,1.000000,0.000000,0.000000,0.000000
1.121055,-0.159557,1.728453,0.821700,-0.404891,-0.296840,0.000000,0.000000,0.000000,1.000000,0.000000
-0.848064,0.173923,-0.255165,-0.035900,0.811256,0.985200,1.000000,0.000000,0.000000,0.000000,0.000000
0.686330,-0.793047,0.210031,1.900116,2.093736,1.718976,0.000000,0.000000,0.000000,0.000000,1.000000
2.640409,-0.089573,-0.561431,1.275573,-2.084072,-2.881463,1.000000,0.000000,0.000000,0.000000,0.000000
-0.347123,-0.153742,-1.025163,-0.121920,0.539767,0.326598,0.000000,1.000000,0.000000,0.000000,0.000000
-0.773351,1.957602,1.129664,-0.219127,-2.029682,-1.051190,0.000000,0.000000,0.000000,0.000000,1.000000
-0.927218,1.229054,-1.994651,2.706432,1.994097,1.941560,1.000000,0.000000,0.000000,0.000000,0.000000
0.569486,-2.844777,-0.508957,-1.971554,1.483346,0.543137,1.000000,0.000000,0.000000,0.000000,0.000000
-0.128544,-1.049147,-0.183285,-2.468637,-0.690531,-0.902190,1.000000,0.000000,0.000000,0.000000,0.000000
1.009480,0.406443,1.727168,1.399048,-0.525693,-0.262587,0.000000,0.000000,0.000000,1.000000,0.000000
-1.956701,0.088941,-1.973684,-2.714525,-0.233745,-0.170863,1.000000,0.000000,0.000000,0.000000,0.000000
0.605884,-0.850682,0.928527,-0.400090,0.078107,-0.038816,0.000000,0.000000,0.000000,1.000000,0.000000
-0.359255,1.288673,-0.045724,0.150346,-1.260592,-0.855759,0.000000,0.000000,1.000000,0.000000,0.000000
3.220030,1.644044,1.881083,3.722741,-2.956500,-2.901039,0.000000,0.000000,0.000000,0.000000,1.000000
2.048146,-0.516555,-0.078897,2.237372,0.241223,-0.448638,0.000000,0.000000,0.000000,0.000000,1.000000
-0.045742,0.953251,-0.811871,0.754152,-0.612383,-0.576761,0.000000,0.000000,1.000000,0.000000,0.000000
0.221414,1.594884,0.720057,0.571148,-2.041986,-1.510364,0.000000,0.000000,1.000000,0.000000,0.000000
-1.465122,0.224876,-2.080338,-0.382997,1.174121,1.058500,0.000000,0.000000,0.000000,1.000000,0.000000
-1.374510,0.652656,-2.070129,-0.101320,0.706488,0.676780,0.000000,0.000000,0.000000,1.000000,0.000000
2.553752,-1.833702,-2.105912,1.861301,1.100032,-0.541823,0.000000,1.000000,0.000000,0.000000,0.000000
0.949298,1.022356,-2.420832,2.530540,-0.322631,-0.950312,0.000000,0.000000,1.000000,0.000000,0.000000
-0.757469,2.007364,0.900245,0.047084,-1.870040,-0.947765,0.000000,0.000000,0.000000,0.000000,1.000000
-1.670721,2.160807,-1.304949,1.118877,0.089724,0.674275,1.000000,0.000000,0.000000,0.000000,0.000000
0.273105,-0.962949,-1.499006,-1.039274,0.016687,-0.636404,1.000000,0.000000,0.000000,0.000000,0.000000
0.213439,-2.387289,-0.172755,-1.390655,1.847252,1.171839,0.000000,0.000000,0.000000,1.000000,0.000000
-0.771778,0.905965,-2.100405,3.005070,2.547192,2.338195,1.000000,0.000000,0.000000,0.000000,0.000000
-1.599439,1.757349,1.401778,-1.282877,-1.684826,-0.471091,0.000000,0.000000,0.000000,0.000000,1.000000
1.873359,-0.203001,1.626839,0.339727,-1.786192,-1.867386,0.000000,0.000000,1.000000,0.000000,0.000000
-0.010840,-2.015578,-1.222607,-0.622310,2.321366,1.508327,0.000000,0.000000,0.000000,1.000000,0.000000
0.469483,1.499734,0.537732,1.192956,-1.630374,-1.245499,0.000000,0.000000,0.000000,0.000000,1.000000
0.794559,1.183580,1.116243,1.099624,-1.673937,-1.298830,0.000000,0.000000,0.000000,0.000000,1.000000
-2.941170,2.988799,0.205107,-0.221258,-0.726315,0.781326,0.000000,0.000000,1.000000,0.000000,0.000000
-0.078698,0.911607,0.850717,1.092401,-0.154786,0.278508,0.000000,0.000000,0.000000,0.000000,1.000000
-1.147934,1.367125,0.938958,0.829762,0.322452,1.146489,0.000000,0.000000,0.000000,0.000000,1.000000
-0.351991,1.703473,0.984613,0.083345,-1.919536,-1.148756,0.000000,0.000000,0.000000,0.000000,1.000000
-0.884049,0.306415,-1.473663,-0.238321,0.449791,0.371204,0.000000,0.000000,0.000000,1.000000,0.000000
-0.112797,-1.201046,-1.939869,0.272714,2.120921,1.338210,0.000000,0.000000,0.000000,1.000000,0.000000
1.905001,-1.140159,-1.394768,1.174327,0.286513,-0.827191,0.000000,1.000000,0.000000,0.000000,0.000000
2.091485,-0.298847,1.367684,0.381668,-1.894636,-2.115770,0.000000,0.000000,1.000000,0.000000,0.000000
0.834796,1.523399,0.018018,0.838841,-2.489850,-2.297758,0.000000,1.000000,0.000000,0.000000,0.000000
0.204554,-1.427010,0.540974,-0.447538,1.384813,1.110899,0.000000,0.000000,0.000000,1.000000,0.000000
4.626644,-1.354013,1.100488,1.654358,-2.437039,-3.614123,1.000000,0.000000,0.000000,0.000000,0.000000
-1.104265,-2.251869,-2.113528,-0.909722,3.794372,2.952456,0.000000,0.000000,0.000000,1.000000,0.000000
-1.082244,1.596057,1.232502,0.675763,-0.238874,0.708941,0.000000,0.000000,0.000000,0.000000,1.000000
-2.414501,-0.038359,0.548230,-2.723287,0.581053,1.339014,0.000000,0.000000,0.000000,0.000000,1.000000
-0.352080,-1.011152,-1.333802,-0.521443,1.401435,0.899453,0.000000,0.000000,0.000000,1.000000,0.000000
-0.837532,1.281047,-0.285373,-0.979604,-1.720338,-1.232089,0.000000,0.000000,1.000000,0.000000,0.000000
-1.146899,-0.789521,0.852604,-0.297898,2.365762,2.635634,0.000000,0.000000,0.000000,1.000000,0.000000
-0.692652,1.461561,-0.064949,-0.307440,-1.519566,-0.983796,0.000000,0.000000,1.000000,0.000000,0.000000
-1.965246,1.742740,0.142526,0.839266,0.835268,1.743843,0.000000,0.000000,0.000000,0.000000,1.000000
-5.451774,4.947571,2.203566,-1.236495,-1.250789,1.867207,0.000000,0.000000,0.000000,0.000000,1.000000
-0.435505,0.776091,-1.610615,0.447182,-0.157583,-0.269403,0.000000,0.000000,0.000000,1.000000,0.000000
1.153413,-1.591568,0.498425,0.850638,1.639986,1.056018,0.000000,0.000000,0.000000,1.000000,0.000000
1.472501,-0.082882,-0.656112,-0.028047,-1.832668,-2.346513,1.000000,0.000000,0.000000,0.000000,0.000000
-0.661370,1.923622,-0.253227,0.202593,-1.743209,-1.156040,0.000000,1.000000,0.000000,0.000000,0.000000
-0.538694,1.746387,0.910867,0.613157,-1.229875,-0.441879,0.000000,0.000000,0.000000,0.000000,1.000000
2.167499,-1.454268,0.286348,-0.305796,-0.995991,-1.785010,1.000000,0.000000,0.000000,0.000000,0.000000
0.535570,0.830396,0.186374,1.031038,-0.906073,-0.794746,0.000000,0.000000,1.000000,0.000000,0.000000
3.239996,-1.616218,-0.482302,1.596388,-0.335818,-1.662252,0.000000,1.000000,0.000000,0.000000,0.000000
0.642672,0.385789,-0.438104,-0.114217,-1.513623,-1.660595,0.000000,1.000000,0.000000,0.000000,0.000000
0.492768,-0.573125,0.496259,-0.515401,-0.296428,-0.418045,0.000000,0.000000,0.000000,1.000000,0.000000
-0.947311,2.383030,-1.244285,1.182772,-1.111192,-0.617121,1.000000,0.000000,0.000000,0.000000,0.000000
0.235481,1.615531,-0.455013,-0.069065,-2.727143,-2.463455,0.000000,1.000000,0.000000,0.000000,0.000000
0.299257,0.608038,2.801014,-1.005501,-2.193370,-1.371075,0.000000,0.000000,1.000000,0.000000,0.000000
-0.540380,-0.403554,-1.160558,-1.737531,-0.404982,-0.620570,1.000000,0.000000,0.000000,0.000000,0.000000
-3.514651,2.665524,0.626833,0.289574,0.988381,2.626715,0.000000,0.000000,0.000000,0.000000,1.000000
-0.859787,1.751753,-1.033642,-0.508849,-1.934311,-1.518031,0.000000,1.000000,0.000000,0.000000,0.000000
0.837084,2.698152,1.939071,1.610148,-3.423297,-2.470176,0.000000,0.000000,0.000000,0.000000,1.000000
-0.473550,0.470479,-2.279062,0.653430,0.523123,0.166280,0.000000,0.000000,0.000000,1.000000,0.000000
0.325600,0.680962,1.237899,0.999851,-0.428086,-0.047217,0.000000,0.000000,0.000000,0.000000,1.000000
-0.454442,1.677923,0.522895,-0.377986,-2.201556,-1.513753,0.000000,0.000000,1.000000,0.000000,0.000000
-0.927971,2.656535,0.697840,0.155886,-2.489886,-1.411639,0.000000,0.000000,0.000000,0.000000,1.000000
1.395222,-1.118237,-1.326904,2.396857,2.096634,1.079042,0.000000,0.000000,0.000000,0.000000,1.000000
3.402107,-3.485996,-3.474509,3.170306,3.634713,0.982609,0.000000,1.000000,0.000000,0.000000,0.000000
2.736894,-1.189331,-1.054952,1.082663,-0.806381,-2.032163,0.000000,0.000000,1.000000,0.000000,0.000000
0.359932,0.616586,-1.471573,0.559608,-0.849594,-1.151120,0.000000,0.000000,0.000000,1.000000,0.000000
0.901593,-1.007809,1.159802,0.994111,1.269032,1.055166,0.000000,0.000000,0.000000,1.000000,0.000000
-0.848503,-0.174155,-1.210717,-2.204298,-0.788088,-0.870842,1.000000,0.000000,0.000000,0.000000,0.000000
2.594990,0.533521,1.299054,2.315225,-1.896661,-2.092151,0.000000,0.000000,0.000000,1.000000,0.000000
0.880735,-0.424217,0.159980,-0.275284,-0.791623,-1.052296,1.000000,0.000000,0.000000,0.000000,0.000000
-1.434514,-2.205170,-1.378444,-1.671578,3.434496,2.886782,0.000000,0.000000,0.000000,1.000000,0.000000
2.186081,-1.489959,-1.295557,1.394794,0.643200,-0.608715,0.000000,1.000000,0.000000,0.000000,0.000000
-0.037252,-2.156168,-0.170501,-1.561151,1.673308,1.121432,0.000000,0.000000,0.000000,1.000000,0.000000
-1.351718,0.937335,0.999918,-2.027260,-1.539913,-0.673370,0.000000,0.000000,1.000000,0.000000,0.000000
-2.689050,2.242606,1.125636,0.455555,0.697496,2.157216,0.000000,0.000000,0.000000,0.000000,1.000000
-5.294391,3.802926,0.838778,-0.116834,1.262691,3.666779,0.000000,0.000000,0.000000,0.000000,1.000000
-1.092914,0.226791,-2.323017,-1.352532,-0.250949,-0.477368,1.000000,0.000000,0.000000,0.000000,0.000000
-0.482498,1.405275,-0.311096,-0.316339,-1.723865,-1.310866,0.000000,1.000000,0.000000,0.000000,0.000000
0.915747,-0.739824,0.886837,0.889609,0.756028,0.545583,0.000000,0.000000,0.000000,1.000000,0.000000
-0.506415,-0.488597,-0.686784,-1.024138,0.369799,0.217884,0.000000,0.000000,0.000000,1.000000,0.000000
-2.005974,0.036236,-0.245988,-2.303372,0.332488,0.807500,0.000000,0.000000,0.000000,1.000000,0.000000
-0.070360,-1.504286,-0.640731,-0.920963,1.378269,0.868095,0.000000,0.000000,0.000000,1.000000,0.000000
0.644758,1.528710,-2.860167,0.833244,-2.304914,-2.782871,0.000000,0.000000,1.000000,0.000000,0.000000
0.345601,0.293726,0.117395,-0.347265,-1.208652,-1.167749,0.000000,1.000000,0.000000,0.000000,0.000000
0.229143,-0.204790,0.344737,0.522766,0.509043,0.471650,0.000000,0.000000,0.000000,1.000000,0.000000
-1.610967,0.930396,-0.560624,-1.091007,-0.317254,0.187072,0.000000,1.000000,0.000000,0.000000,0.000000
1.668411,-0.462665,1.202126,1.423368,-0.105679,-0.351128,0.000000,0.000000,0.000000,0.000000,1.000000
-0.335968,0.746840,1.323579,-1.068025,-1.654372,-1.017548,0.000000,0.000000,1.000000,0.000000,0.000000
-1.648994,2.503052,0.829948,-0.572736,-2.029087,-0.772708,0.000000,0.000000,1.000000,0.000000,0.000000
0.307600,0.074360,-1.928283,-0.807605,-1.319012,-1.819870,1.000000,0.000000,0.000000,0.000000,0.000000
-0.417023,2.537084,-0.872684,0.373898,-2.797550,-2.262414,0.000000,1.000000,0.000000,0.000000,0.000000
-1.115945,1.290857,-0.609432,-0.619637,-1.031242,-0.570421,0.000000,0.000000,1.000000,0.000000,0.000000
2.760315,-1.745913,1.036707,-0.599415,-1.613367,-2.416361,1.000000,0.000000,0.000000,0.000000,0.000000
-1.485843,-0.802579,-1.333306,-1.127202,1.989196,1.816812,0.000000,0.000000,0.000000,1.000000,0.000000
-2.017551,1.807573,0.204706,-1.792952,-1.725926,-0.685238,0.000000,1.000000,0.000000,0.000000,0.000000
0.365141,-0.973837,-1.630575,-1.390698,-0.428016,-1.125539,1.000000,0.000000,0.000000,0.000000,0.000000
1.019271,0.637275,-2.371404,2.127386,-0.241870,-0.961317,0.000000,0.000000,1.000000,0.000000,0.000000
-0.930087,0.365920,-2.413340,-1.164243,-0.484907,-0.739738,1.000000,0.000000,0.000000,0.000000,0.000000
-0.440498,-1.159030,-0.299226,-0.882961,1.400539,1.148080,0.000000,0.000000,0.000000,0.000000,1.000000
0.783949,0.287757,0.759991,-0.094272,-1.515297,-1.423203,0.000000,0.000000,1.000000,0.000000,0.000000
-3.587367,1.227878,-1.609683,-1.636641,1.277162,2.061003,0.000000,1.000000,0.000000,0.000000,0.000000
-0.563661,-0.639598,0.625628,0.027625,1.699313,1.810903,0.000000,0.000000,0.000000,1.000000,0.000000
-2.649816,1.689086,-1.288733,-1.651785,-0.621073,0.154696,0.000000,0.000000,0.000000,1.000000,0.000000
2.326854,-0.280146,2.159797,1.178763,-1.446377,-1.545351,0.000000,0.000000,0.000000,0.000000,1.000000
-1.629648,1.916819,2.339521,-1.185084,-1.766963,-0.274858,0.000000,0.000000,1.000000,0.000000,0.000000
-1.820047,-1.321218,-0.720831,-2.503051,1.861975,1.825287,0.000000,0.000000,0.000000,1.000000,0.000000
-0.162773,1.671192,0.317112,0.248707,-1.970765,-1.422092,0.000000,1.000000,0.000000,0.000000,0.000000
0.221277,0.088466,1.606312,-0.821896,-1.180739,-0.780915,0.000000,0.000000,1.000000,0.000000,0.000000
-0.135525,1.006958,-1.101568,1.630634,0.265895,0.234707,1.000000,0.000000,0.000000,0.000000,0.000000
0.406703,0.348980,-1.231760,1.467948,0.357554,0.004006,1.000000,0.000000,0.000000,0.000000,0.000000
0.039279,-0.305759,-0.036848,-0.736112,-0.316813,-0.391031,0.000000,1.000000,0.000000,0.000000,0.000000
-0.515725,1.985230,1.413485,0.091124,-2.101069,-1.112938,0.000000,0.000000,0.000000,0.000000,1.000000
-2.760038,1.568548,1.946631,-2.842602,-1.394815,0.216395,0.000000,0.000000,1.000000,0.000000,0.000000
3.929497,1.854887,1.974980,4.871958,-3.076498,-3.139363,0.000000,0.000000,0.000000,0.000000,1.000000
-0.319264,1.755637,0.923628,0.692124,-1.452356,-0.710566,0.000000,1.000000,0.000000,0.000000,0.000000
-2.099593,1.730796,-3.609181,-2.835298,-2.577040,-2.449918,0.000000,1.000000,0.000000,0.000000,0.000000
-1.109743,0.196872,0.693671,0.232673,1.393156,1.858319,0.000000,0.000000,0.000000,1.000000,0.000000
1.399461,-0.696295,0.530039,-0.540267,-1.319969,-1.668165,0.000000,0.000000,1.000000,0.000000,0.000000
-0.525147,1.858202,-1.967553,2.814099,0.661580,0.688374,1.000000,0.000000,0.000000,0.000000,0.000000
4.157593,-2.416850,0.850748,0.812930,-1.098233,-2.485054,1.000000,0.000000,0.000000,0.000000,0.000000
0.365480,1.310420,-0.022860,0.762362,-1.644574,-1.411182,0.000000,1.000000,0.000000,0.000000,0.000000
-3.488402,1.299208,-0.448223,-2.835333,-0.090257,1.018473,0.000000,0.000000,1.000000,0.000000,0.000000
-1.979131,1.492818,-2.136342,-2.097688,-1.652223,-1.274131,0.000000,1.000000,0.000000,0.000000,0.000000
-1.171191,2.607008,1.612371,-0.161726,-2.392080,-1.034867,0.000000,0.000000,1.000000,0.000000,0.000000
-3.096509,1.140738,1.537749,-3.585595,-1.058690,0.438166,0.000000,0.000000,1.000000,0.000000,0.000000
-1.428451,0.021092,-0.297040,0.411574,2.218406,2.456718,1.000000,0.000000,0.000000,0.000000,0.000000
0.474479,1.192510,-0.253170,0.391320,-1.976468,-1.843451,0.000000,0.000000,1.000000,0.000000,0.000000
-1.619804,2.252322,-1.944094,2.953903,1.647700,2.025201,1.000000,0.000000,0.000000,0.000000,0.000000
0.559866,-0.061447,-0.782259,0.113793,-0.542500,-0.882153,0.000000,1.000000,0.000000,0.000000,0.000000
0.786068,-1.149738,-0.709424,-0.796838,-0.132006,-0.761603,1.000000,0.000000,0.000000,0.000000,0.000000
0.801716,0.125886,0.288120,0.683808,-0.561659,-0.659396,0.000000,0.000000,1.000000,0.000000,0.000000
-1.298917,-0.129570,-1.277823,-2.309899,-0.370018,-0.353158,0.000000,0.000000,1.000000,0.000000,0.000000
0.188028,0.848673,-1.490102,2.601830,1.004166,0.729792,1.000000,0.000000,0.000000,0.000000,0.000000
-0.759958,2.216135,-0.824989,2.178418,-0.145966,0.332823,0.000000,0.000000,1.000000,0.000000,0.000000
-0.861339,-1.452219,-2.830625,-1.197907,2.027058,1.173749,1.000000,0.000000,0.000000,0.000000,0.000000
-0.482483,1.261468,2.015445,-1.063278,-2.194989,-1.217747,0.000000,0.000000,1.000000,0.000000,0.000000
1.583551,-0.669643,2.591100,2.029102,0.912618,0.955945,0.000000,0.000000,0.000000,1.000000,0.000000
-1.335265,-1.638028,-0.857488,-1.960374,2.212270,1.931151,0.000000,0.000000,0.000000,1.000000,0.000000
1.148393,0.925660,-1.151327,1.069580,-1.827042,-2.161135,0.000000,0.000000,1.000000,0.000000,0.000000
1.706598,-0.056212,-1.075283,-0.466494,-2.605414,-3.254071,1.000000,0.000000,0.000000,0.000000,0.000000
3.985823,-2.909371,-2.170433,2.808001,1.711241,-0.583564,0.000000,1.000000,0.000000,0.000000,0.000000
-0.550405,0.679240,-0.644534,0.887209,0.572948,0.686336,0.000000,0.000000,1.000000,0.000000,0.000000
1.831688,-0.959175,0.451373,2.109661,1.051623,0.429120,0.000000,0.000000,0.000000,0.000000,1.000000
-0.209215,0.731324,2.282612,-1.320797,-2.023852,-1.173119,0.000000,0.000000,1.000000,0.000000,0.000000
-1.073250,-1.988685,-1.286468,-1.197903,3.108201,2.543762,0.000000,0.000000,0.000000,1.000000,0.000000
2.266516,-0.654076,0.573234,1.438380,-0.601685,-1.188361,0.000000,0.000000,1.000000,0.000000,0.000000
0.084586,-1.164406,-0.231086,-1.078003,0.538769,0.190610,0.000000,0.000000,0.000000,1.000000,0.000000
-1.214177,2.022308,-1.629274,-0.433244,-1.803767,-1.386860,0.000000,0.000000,1.000000,0.000000,0.000000
-0.881323,0.797374,-0.153926,-0.894853,-0.876941,-0.476947,0.000000,1.000000,0.000000,0.000000,0.000000
1.034177,-0.136039,1.284026,-2.357059,-3.396337,-3.266829,0.000000,0.000000,1.000000,0.000000,0.000000
0.504319,-0.464394,1.431513,0.780809,0.795438,0.888818,0.000000,0.000000,0.000000,1.000000,0.000000
0.207443,0.584374,1.591351,1.125118,-0.007414,0.457936,0.000000,1.000000,0.000000,0.000000,0.000000
0.395092,0.195185,-0.728966,0.690379,-0.144554,-0.385443,0.000000,0.000000,1.000000,0.000000,0.000000
-3.713678,2.258790,-0.743034,-2.334274,-0.713402,0.609619,0.000000,1.000000,0.000000,0.000000,0.000000
1.053258,-1.000247,0.208653,0.216673,0.295554,-0.160402,0.000000,0.000000,1.000000,0.000000,0.000000
-0.969860,1.917972,0.039645,-0.635252,-2.136096,-1.380644,0.000000,0.000000,1.000000,0.000000,0.000000
-0.677875,0.421006,-1.126782,1.390010,1.590021,1.527267,1.000000,0.000000,0.000000,0.000000,0.000000
3.568586,-1.203047,1.185845,0.681403,-2.216390,-3.062765,1.000000,0.000000,0.000000,0.000000,0.000000
-2.079337,1.972538,-0.999726,1.122421,0.903178,1.605172,1.000000,0.000000,0.000000,0.000000,0.000000
0.392160,-1.255352,0.337848,1.195786,2.471362,2.095542,0.000000,0.000000,0.000000,1.000000,0.000000
2.006329,-0.211158,-1.367621,1.449069,-0.929493,-1.822750,0.000000,0.000000,1.000000,0.000000,0.000000
0.552698,0.829799,-1.756103,0.231071,-1.731360,-2.079375,0.000000,0.000000,1.000000,0.000000,0.000000
1.023865,-0.332812,2.701331,1.211003,0.364832,0.677302,0.000000,1.000000,0.000000,0.000000,0.000000
0.176474,0.845550,1.102529,0.913302,-0.558928,-0.131829,0.000000,0.000000,0.000000,1.000000,0.000000
-0.024391,0.262585,0.340517,0.034351,-0.310793,-0.152555,0.000000,0.000000,0.000000,0.000000,1.000000
0.702390,-1.003322,0.091123,0.554905,1.080168,0.661594,0.000000,0.000000,0.000000,0.000000,1.000000
-2.322404,1.630613,-1.595797,-1.383786,-0.708931,-0.107149,0.000000,1.000000,0.000000,0.000000,0.000000
-1.092198,0.285046,-3.165208,-1.280214,-0.281184,-0.703769,0.000000,0.000000,0.000000,0.000000,1.000000
1.084507,-0.865168,1.117526,1.657009,1.461950,1.212186,0.000000,0.000000,0.000000,1.000000,0.000000
-2.025831,0.702153,0.057486,-1.212924,0.446843,1.141275,1.000000,0.000000,0.000000,0.000000,0.000000
1.431101,0.304560,1.093249,1.328102,-1.005146,-1.018421,0.000000,0.000000,0.000000,0.000000,1.000000
1.270396,-0.474746,1.432670,1.925029,0.916723,0.797767,0.000000,0.000000,0.000000,0.000000,1.000000
2.855007,-3.006920,0.526550,1.121187,1.744226,0.402648,0.000000,0.000000,0.000000,1.000000,0.000000
3.163965,-2.115038,0.414694,-0.201550,-1.229379,-2.388059,1.000000,0.000000,0.000000,0.000000,0.000000
1.103088,-0.633456,1.127773,1.539518,0.988190,0.801979,0.000000,0.000000,0.000000,0.000000,1.000000
-1.316544,0.804487,-0.994471,1.233207,1.714707,1.934549,1.000000,0.000000,0.000000,0.000000,0.000000
-0.827260,-0.799807,-0.305415,-1.674267,0.619187,0.573246,0.000000,0.000000,0.000000,1.000000,0.000000
-0.330294,-1.939633,-1.602565,0.648790,3.844675,2.986621,0.000000,0.000000,0.000000,1.000000,0.000000
5.669647,-3.465379,-2.080792,3.582866,1.077310,-1.745506,0.000000,1.000000,0.000000,0.000000,0.000000
0.536788,-2.375423,-1.355131,-0.178150,2.557596,1.478977,0.000000,0.000000,0.000000,1.000000,0.000000
4.253081,-1.806254,0.399982,1.425219,-1.527077,-2.906172,0.000000,0.000000,1.000000,0.000000,0.000000
2.288920,-2.786415,-1.722047,1.390167,2.380889,0.657514,0.000000,0.000000,0.000000,1.000000,0.000000
-0.105485,0.746612,0.638762,0.134611,-0.806721,-0.431684,0.000000,0.000000,0.000000,0.000000,1.000000
1.615992,1.004378,1.511746,1.865779,-1.736912,-1.520714,0.000000,0.000000,0.000000,0.000000,1.000000
-0.183138,1.233250,0.246194,-1.526085,-3.019348,-2.540270,0.000000,0.000000,1.000000,0.000000,0.000000
1.807068,0.004178,0.070769,3.219339,0.746999,0.253212,0.000000,0.000000,0.000000,1.000000,0.000000
-0.153232,0.081990,1.241104,1.340814,1.393186,1.712459,0.000000,0.000000,0.000000,1.000000,0.000000
0.144140,0.189714,-1.256176,0.003448,-0.481107,-0.775104,0.000000,1.000000,0.000000,0.000000,0.000000
-0.365446,1.062994,1.616296,0.921488,-0.153410,0.579861,0.000000,0.000000,0.000000,0.000000,1.000000
1.744763,-0.014572,-0.728930,0.902261,-1.390848,-1.996769,1.000000,0.000000,0.000000,0.000000,0.000000
1.912666,-0.094019,1.682655,1.133480,-1.229889,-1.303715,0.000000,0.000000,0.000000,0.000000,1.000000
1.412176,-0.073280,2.939491,1.753641,0.009775,0.344813,0.000000,0.000000,0.000000,1.000000,0.000000
2.012850,-1.169542,-1.637570,1.271549,0.278477,-0.930664,0.000000,1.000000,0.000000,0.000000,0.000000
1.631935,-2.446837,1.670363,0.596763,2.035404,1.417373,0.000000,0.000000,0.000000,1.000000,0.000000
0.460125,-0.586034,-1.234928,0.307707,0.528299,-0.046478,0.000000,0.000000,0.000000,1.000000,0.000000
-0.793525,1.776282,-0.231250,-0.051768,-1.602034,-1.010254,0.000000,0.000000,1.000000,0.000000,0.000000
2.057603,1.019074,0.977279,2.362326,-1.863233,-1.891331,0.000000,0.000000,0.000000,0.000000,1.000000
-2.636939,1.486760,1.342447,-2.518628,-1.134252,0.267006,0.000000,0.000000,1.000000,0.000000,0.000000
1.992280,0.357539,-1.804727,1.640202,-1.560578,-2.415193,0.000000,0.000000,1.000000,0.000000,0.000000
-1.637341,2.859365,2.212641,-0.522391,-2.489714,-0.800310,0.000000,0.000000,1.000000,0.000000,0.000000
-1.786791,2.250006,-1.295560,0.535966,-0.450369,0.205557,1.000000,0.000000,0.000000,0.000000,0.000000
0.833458,1.184561,-1.961461,2.933536,-0.011489,-0.469775,0.000000,0.000000,1.000000,0.000000,0.000000
2.716027,0.006157,-0.885309,2.541337,-1.107438,-2.019074,0.000000,0.000000,1.000000,0.000000,0.000000
-1.190900,0.020716,-0.510966,1.845846,3.288289,3.372317,0.000000,0.000000,0.000000,0.000000,1.000000
-0.251334,0.187631,0.801591,-1.229631,-1.116764,-0.770884,0.000000,0.000000,1.000000,0.000000,0.000000
-2.617009,2.068548,-3.048980,-2.741176,-2.294547,-1.826286,0.000000,1.000000,0.000000,0.000000,0.000000
1.912062,-0.072957,1.933955,2.871720,0.419354,0.355599,0.000000,0.000000,0.000000,1.000000,0.000000
0.534125,0.165550,1.097388,0.843570,-0.103567,0.064654,0.000000,0.000000,0.000000,1.000000,0.000000
-0.826601,-0.559131,-1.392517,-2.298545,-0.351283,-0.582688,0.000000,1.000000,0.000000,0.000000,0.000000
-1.143612,1.731204,-0.959402,0.397395,-0.660960,-0.198307,1.000000,0.000000,0.000000,0.000000,0.000000
1.062073,-0.640823,2.776783,1.241746,0.793451,1.033630,0.000000,0.000000,0.000000,1.000000,0.000000
-1.970749,0.643710,0.018436,-2.528622,-0.808213,-0.107372,0.000000,0.000000,1.000000,0.000000,0.000000
-4.200266,3.377986,1.449438,-2.246550,-1.584406,0.684697,0.000000,0.000000,0.000000,1.000000,0.000000
-1.187806,2.150628,-0.950600,1.348395,-0.296295,0.257598,0.000000,0.000000,1.000000,0.000000,0.000000
0.173235,1.903070,-0.526416,0.600440,-2.420021,-2.106424,0.000000,1.000000,0.000000,0.000000,0.000000
-0.960914,-0.385940,0.308405,-1.541424,0.330291,0.571608,1.000000,0.000000,0.000000,0.000000,0.000000
-0.650809,1.050003,0.424436,1.263001,0.545265,1.031905,0.000000,0.000000,0.000000,0.000000,1.000000
-1.056439,1.727157,2.584724,-1.430531,-2.469177,-1.086655,0.000000,0.000000,0.000000,0.000000,1.000000
-1.549293,-0.123007,-2.236218,-2.943333,-0.680608,-0.822590,0.000000,1.000000,0.000000,0.000000,0.000000
3.272073,-1.917839,-1.577319,2.016305,0.446495,-1.252609,0.000000,1.000000,0.000000,0.000000,0.000000
-1.548834,1.861622,-1.448507,1.152021,0.395284,0.836692,0.000000,0.000000,1.000000,0.000000,0.000000
0.055865,0.789460,0.626450,-0.765846,-1.946565,-1.569378,0.000000,1.000000,0.000000,0.000000,0.000000
0.395169,0.384172,1.583270,-1.338753,-2.334770,-1.884224,0.000000,0.000000,1.000000,0.000000,0.000000
-0.665712,-1.282589,-1.767711,-0.466080,2.249498,1.636535,0.000000,0.000000,0.000000,1.000000,0.000000
1.420739,0.827982,1.901388,1.524033,-1.549404,-1.227979,0.000000,0.000000,0.000000,0.000000,1.000000
0.570778,1.235523,-3.595556,2.859205,0.156595,-0.632369,0.000000,0.000000,1.000000,0.000000,0.000000
2.885935,-0.104152,-2.699781,3.438523,-0.334677,-1.793762,0.000000,0.000000,1.000000,0.000000,0.000000
-1.370074,1.492907,0.611867,0.991049,0.578439,1.398969,0.000000,0.000000,0.000000,0.000000,1.000000
-0.896254,0.667375,1.075132,1.110780,1.284658,1.891715,0.000000,0.000000,0.000000,0.000000,1.000000
0.168739,0.237899,1.340051,1.255481,0.667501,0.983223,0.000000,0.000000,0.000000,0.000000,1.000000
-1.371536,1.385398,-1.899650,2.023256,1.688188,1.822941,1.000000,0.000000,0.000000,0.000000,0.000000
-1.495365,2.362818,0.239915,-0.528678,-1.992785,-0.955803,0.000000,0.000000,0.000000,0.000000,1.000000
-0.817283,-0.954483,-0.571158,-1.362337,1.126892,0.961473,0.000000,0.000000,0.000000,1.000000,0.000000
-4.076697,0.993479,-4.743352,-2.577541,1.293980,1.379293,1.000000,0.000000,0.000000,0.000000,0.000000
-1.130155,0.852020,-2.566201,-0.850221,-0.630870,-0.760763,1.000000,0.000000,0.000000,0.000000,0.000000
-0.302490,1.267270,-0.620637,0.683882,-0.799074,-0.573091,0.000000,0.000000,1.000000,0.000000,0.000000
0.822034,-0.236922,-0.400674,0.173471,-0.564534,-0.916638,0.000000,1.000000,0.000000,0.000000,0.000000
-0.236565,1.369107,0.977855,0.276724,-1.397755,-0.749368,0.000000,0.000000,0.000000,0.000000,1.000000
1.508187,-2.505298,0.436657,0.267811,1.943264,1.042341,0.000000,0.000000,0.000000,1.000000,0.000000
-0.069970,1.768246,-3.899348,3.021139,0.366866,-0.218439,0.000000,0.000000,1.000000,0.000000,0.000000
1.022138,-2.153095,-0.678868,0.521522,2.289160,1.305002,0.000000,0.000000,0.000000,1.000000,0.000000
0.961008,1.816073,1.426081,1.160113,-2.745543,-2.165671,0.000000,0.000000,1.000000,0.000000,0.000000
-0.873195,-1.041492,-2.135516,-2.152420,0.538075,0.000343,1.000000,0.000000,0.000000,0.000000,0.000000
-0.514133,1.488647,-1.684637,1.082056,-0.479921,-0.425297,0.000000,0.000000,1.000000,0.000000,0.000000
0.147881,0.817804,0.067773,0.404207,-0.989595,-0.803216,0.000000,0.000000,1.000000,0.000000,0.000000
-2.666661,1.429532,-0.198880,-2.361609,-0.887476,0.117589,0.000000,1.000000,0.000000,0.000000,0.000000
1.777506,-1.588459,-0.786430,-0.285899,-0.293050,-1.297008,1.000000,0.000000,0.000000,0.000000,0.000000
2.213603,-2.695796,-0.288165,-0.456305,0.592612,-0.672496,0.000000,0.000000,1.000000,0.000000,0.000000
-0.562655,2.140506,0.394515,0.444613,-1.942383,-1.167340,0.000000,0.000000,1.000000,0.000000,0.000000
-2.753996,0.412472,-2.676417,-3.030404,0.016791,0.180063,0.000000,1.000000,0.000000,0.000000,0.000000
0.851433,-0.907323,1.353822,1.853495,2.019612,1.863028,0.000000,0.000000,0.000000,0.000000,1.000000
-1.954366,1.710916,-1.134379,0.684980,0.696917,1.282917,1.000000,0.000000,0.000000,0.000000,0.000000
0.223164,-0.786482,-0.779809,-0.844439,0.025291,-0.397983,1.000000,0.000000,0.000000,0.000000,0.000000
1.027475,-0.509222,-1.555147,0.645295,-0.001257,-0.773624,0.000000,1.000000,0.000000,0.000000,0.000000
-1.144583,1.762049,-0.551753,-0.568942,-1.628599,-1.024173,0.000000,1.000000,0.000000,0.000000,0.000000
0.793539,0.519532,-0.540921,2.058702,0.187740,-0.055702,0.000000,0.000000,0.000000,1.000000,0.000000
-2.852044,0.879970,-0.384835,-2.801593,-0.275231,0.594638,0.000000,0.000000,1.000000,0.000000,0.000000
-0.966614,0.555204,-0.834230,0.134692,0.566080,0.718002,1.000000,0.000000,0.000000,0.000000,0.000000
-2.167582,-0.194063,-0.814516,-2.130073,1.034435,1.337925,0.000000,0.000000,0.000000,1.000000,0.000000
2.815573,-0.332317,-0.188854,0.867103,-2.346462,-3.141202,0.000000,1.000000,0.000000,0.000000,0.000000
2.844928,-1.804860,0.193382,0.154178,-0.926081,-1.998041,1.000000,0.000000,0.000000,0.000000,0.000000
-1.570081,0.973705,-0.213587,-0.778337,-0.126160,0.456137,0.000000,1.000000,0.000000,0.000000,0.000000
-0.143523,-0.343307,-0.576359,-0.148750,0.532158,0.335509,0.000000,0.000000,0.000000,0.000000,1.000000
-0.896682,2.150243,0.136883,0.385879,-1.583138,-0.792624,0.000000,1.000000,0.000000,0.000000,0.000000
-0.660695,-2.003941,-0.713470,-1.438065,2.372251,1.861512,0.000000,0.000000,0.000000,1.000000,0.000000
2.366363,1.641064,1.230608,3.094856,-2.458107,-2.352560,0.000000,0.000000,0.000000,0.000000,1.000000
0.543315,0.442408,-1.228398,0.908904,-0.494377,-0.834362,0.000000,0.000000,1.000000,0.000000,0.000000
-0.857717,0.570303,-2.229164,-1.287294,-0.991309,-1.158522,1.000000,0.000000,0.000000,0.000000,0.000000
2.798003,-1.181073,-0.901037,1.378857,-0.609841,-1.818824,0.000000,1.000000,0.000000,0.000000,0.000000
0.639534,0.878765,-0.985873,1.395139,-0.780712,-0.982947,0.000000,0.000000,1.000000,0.000000,0.000000
-2.866405,3.552435,2.437411,-0.701656,-2.067030,0.142839,0.000000,0.000000,0.000000,0.000000,1.000000
-0.120634,-0.890680,-1.483780,-0.259018,1.175756,0.607771,0.000000,0.000000,0.000000,1.000000,0.000000
-1.287727,1.788985,0.332014,0.588219,-0.351601,0.472734,0.000000,0.000000,0.000000,0.000000,1.000000
-0.376215,0.965769,0.327916,-0.528650,-1.417337,-0.978690,0.000000,0.000000,1.000000,0.000000,0.000000
-1.561121,1.242971,-0.127457,0.934173,1.122513,1.738223,0.000000,0.000000,0.000000,0.000000,1.000000
-1.053915,-1.097887,-1.255742,-2.748307,0.295875,0.021943,1.000000,0.000000,0.000000,0.000000,0.000000
-0.676709,1.659614,-1.694138,-0.717790,-2.251125,-2.057173,0.000000,1.000000,0.000000,0.000000,0.000000
-3.440238,1.331540,-2.882817,-3.322746,-0.710985,-0.192398,1.000000,0.000000,0.000000,0.000000,0.000000
-0.868840,-0.749079,-1.686095,-1.835979,0.420221,0.059783,1.000000,0.000000,0.000000,0.000000,0.000000
-0.347433,0.826455,-1.080030,1.276324,0.462644,0.448402,1.000000,0.000000,0.000000,0.000000,0.000000
2.572401,-2.065313,1.411636,0.979174,0.622276,-0.182660,0.000000,0.000000,0.000000,1.000000,0.000000
-1.779655,0.568921,-0.004023,-2.369847,-0.795486,-0.168119,0.000000,0.000000,0.000000,1.000000,0.000000
0.885902,-0.173000,1.002993,1.543757,0.603747,0.556836,0.000000,0.000000,0.000000,0.000000,1.000000
-0.063486,0.808620,-0.396490,-0.218458,-1.309235,-1.172343,0.000000,1.000000,0.000000,0.000000,0.000000
-0.036065,-3.137406,-0.562952,-1.638348,3.015979,2.109625,0.000000,0.000000,0.000000,1.000000,0.000000
3.059925,-1.509604,-0.769728,1.586410,-0.271029,-1.599910,0.000000,1.000000,0.000000,0.000000,0.000000
0.058301,-0.676040,-1.900030,-0.506936,0.385333,-0.261041,1.000000,0.000000,0.000000,0.000000,0.000000
-0.221328,-0.835473,-1.076541,-0.095715,1.390793,0.955583,0.000000,0.000000,0.000000,0.000000,1.000000
-3.058374,2.352266,1.462943,0.402112,0.972742,2.629721,0.000000,0.000000,0.000000,0.000000,1.000000
0.689422,0.693532,0.379605,0.305766,-1.602835,-1.490025,0.000000,0.000000,1.000000,0.000000,0.000000
2.080838,-1.102844,1.961824,3.431189,2.235341,1.849747,0.000000,0.000000,0.000000,1.000000,0.000000
-1.638345,2.201996,1.105120,-0.968764,-1.982514,-0.726610,0.000000,0.000000,1.000000,0.000000,0.000000
-1.692954,1.893383,0.351514,0.443927,-0.114975,0.837441,0.000000,0.000000,0.000000,0.000000,1.000000
1.600145,0.412884,-0.997502,1.361150,-1.386131,-1.928593,0.000000,0.000000,1.000000,0.000000,0.000000
-0.034953,-0.169026,0.969796,1.633733,1.881583,2.030886,0.000000,0.000000,0.000000,0.000000,1.000000
-1.321251,-1.305100,-1.528700,-2.520430,1.159406,0.815279,1.000000,0.000000,0.000000,0.000000,0.000000
3.214295,2.071003,1.451545,4.217316,-3.100025,-3.053502,0.000000,0.000000,0.000000,0.000000,1.000000
-3.579685,2.770094,-4.279116,-3.502819,-2.816511,-2.226866,0.000000,1.000000,0.000000,0.000000,0.000000
1.898561,-0.321251,-0.004933,0.476762,-1.542999,-2.070607,0.000000,1.000000,0.000000,0.000000,0.000000
-1.149262,0.965978,-0.235087,-1.026994,-0.902116,-0.413225,0.000000,1.000000,0.000000,0.000000,0.000000
0.568964,-0.691865,-2.241428,-0.518755,-0.272959,-1.122303,1.000000,0.000000,0.000000,0.000000,0.000000
1.735384,-0.271429,3.705937,2.521298,0.629987,1.004784,0.000000,0.000000,0.000000,1.000000,0.000000
-3.385110,2.230347,0.793856,-1.073140,0.141933,1.723100,0.000000,0.000000,1.000000,0.000000,0.000000
-0.951709,1.332744,-1.015967,0.397918,-0.332194,-0.031945,0.000000,0.000000,1.000000,0.000000,0.000000
-1.335351,1.006968,1.840980,0.056599,0.359764,1.380236,0.000000,0.000000,0.000000,1.000000,0.000000
1.712119,-0.966137,0.779185,1.523099,0.657672,0.161046,0.000000,0.000000,0.000000,1.000000,0.000000
-0.656721,-1.119491,-2.228670,0.093858,2.532530,1.827597,0.000000,0.000000,0.000000,1.000000,0.000000
0.935397,0.548021,-1.696018,1.990545,-0.123480,-0.675557,0.000000,0.000000,1.000000,0.000000,0.000000
-0.712375,1.660124,-0.029507,1.199593,-0.329733,0.221464,0.000000,0.000000,1.000000,0.000000,0.000000
0.455677,0.880956,-0.897116,0.726849,-1.187177,-1.303301,0.000000,0.000000,1.000000,0.000000,0.000000
2.076142,1.412045,1.373650,2.616047,-2.206929,-2.045402,0.000000,0.000000,0.000000,0.000000,1.000000
-0.767761,-2.271386,-0.037141,-2.187820,2.189111,1.824518,0.000000,0.000000,0.000000,1.000000,0.000000
1.176908,0.912202,1.046241,1.568998,-1.325919,-1.141286,0.000000,0.000000,0.000000,0.000000,1.000000
-0.393386,0.151355,-2.100928,-0.719027,-0.436886,-0.806066,1.000000,0.000000,0.000000,0.000000,0.000000
-1.862161,0.793697,-0.417317,-1.919540,-0.587874,-0.000177,0.000000,0.000000,0.000000,1.000000,0.000000
0.811197,0.010564,-1.417426,1.597264,0.444537,-0.139527,0.000000,0.000000,1.000000,0.000000,0.000000
2.087761,0.929110,1.170110,2.330249,-1.799390,-1.809109,0.000000,0.000000,0.000000,0.000000,1.000000
-2.176362,0.200307,-1.929255,-2.163140,0.422147,0.556334,1.000000,0.000000,0.000000,0.000000,0.000000
-1.843808,3.489559,2.793429,-1.077257,-3.661303,-1.596387,0.000000,0.000000,0.000000,0.000000,1.000000
2.053692,-1.927377,1.397701,0.535069,0.668323,0.027476,0.000000,0.000000,0.000000,1.000000,0.000000
0.397652,-0.171173,-1.207769,-0.560053,-0.828671,-1.244082,1.000000,0.000000,0.000000,0.000000,0.000000
0.351158,0.804885,-1.298071,1.351731,-0.345539,-0.578693,1.000000,0.000000,0.000000,0.000000,0.000000
0.453329,-0.932386,1.281451,-0.087935,0.701945,0.674782,0.000000,0.000000,0.000000,0.000000,1.000000
-3.175278,2.182781,-1.134705,0.202732,1.134550,2.134961,1.000000,0.000000,0.000000,0.000000,0.000000
0.046447,-0.814603,-2.497280,0.826678,1.876746,1.003695,0.000000,0.000000,0.000000,1.000000,0.000000
1.897052,0.703077,0.849928,2.231756,-1.323427,-1.426323,0.000000,0.000000,0.000000,0.000000,1.000000
-0.740096,2.377602,-2.095717,2.863382,0.231949,0.410782,1.000000,0.000000,0.000000,0.000000,0.000000
-1.360823,-1.863253,-0.269938,-2.370825,2.187211,2.011778,0.000000,0.000000,0.000000,1.000000,0.000000
2.113674,-1.488425,1.445836,-1.033233,-1.557483,-2.031466,1.000000,0.000000,0.000000,0.000000,0.000000
-0.870916,-1.773068,-2.721073,-1.050059,2.649874,1.736146,1.000000,0.000000,0.000000,0.000000,0.000000
3.708435,-1.893081,-1.270281,2.065118,-0.104647,-1.820450,0.000000,1.000000,0.000000,0.000000,0.000000
0.951141,0.264449,-1.405442,0.828878,-0.846346,-1.366052,0.000000,0.000000,1.000000,0.000000,0.000000
0.359325,0.359238,1.022533,0.954147,-0.052332,0.184008,0.000000,0.000000,0.000000,1.000000,0.000000
-3.046842,1.368151,-1.632873,0.987537,2.898464,3.504926,1.000000,0.000000,0.000000,0.000000,0.000000
-1.822177,1.330290,-0.176879,-1.101750,-0.627264,0.125704,0.000000,1.000000,0.000000,0.000000,0.000000
-0.848436,-1.592031,-1.123841,-1.251290,2.191034,1.723200,0.000000,0.000000,0.000000,1.000000,0.000000
0.763715,-1.152719,-0.043212,-1.101681,-0.380958,-0.830838,1.000000,0.000000,0.000000,0.000000,0.000000
-0.414467,-0.013452,0.476305,-0.503669,0.081359,0.305705,0.000000,0.000000,0.000000,0.000000,1.000000
-2.309358,2.019413,0.526578,-1.408727,-1.278481,-0.049330,0.000000,0.000000,1.000000,0.000000,0.000000
-0.100540,0.648509,-1.305074,1.502974,0.614593,0.434563,1.000000,0.000000,0.000000,0.000000,0.000000
-0.578544,1.191402,2.244126,-0.923885,-1.830095,-0.797746,0.000000,0.000000,1.000000,0.000000,0.000000
1.092073,0.851886,0.455912,1.707902,-1.004222,-0.967646,0.000000,0.000000,0.000000,0.000000,1.000000
-0.746313,-0.694260,-0.096297,-0.891240,1.118610,1.108197,0.000000,0.000000,0.000000,0.000000,1.000000
1.426983,-0.828156,-2.220673,1.067788,0.338200,-0.787276,0.000000,1.000000,0.000000,0.000000,0.000000
0.053884,1.616225,-2.282007,2.171069,-0.364826,-0.588368,0.000000,0.000000,1.000000,0.000000,0.000000
-1.402146,2.363748,-1.257162,1.789261,0.092408,0.659900,1.000000,0.000000,0.000000,0.000000,0.000000
1.498654,0.794296,2.027102,2.127736,-1.017994,-0.711884,0.000000,1.000000,0.000000,0.000000,0.000000
0.970238,0.379967,-0.309343,-0.136581,-1.950485,-2.139720,0.000000,1.000000,0.000000,0.000000,0.000000
1.350518,-0.202878,-1.558310,0.514584,-0.992312,-1.752526,1.000000,0.000000,0.000000,0.000000,0.000000
2.357230,-1.207104,1.872838,1.894753,0.545514,0.099585,0.000000,0.000000,0.000000,0.000000,1.000000
1.074127,1.723015,1.073972,1.882263,-2.067701,-1.649255,0.000000,0.000000,0.000000,0.000000,1.000000
-0.180295,-0.329998,-1.476096,-0.038691,0.651341,0.239506,0.000000,0.000000,0.000000,1.000000,0.000000
4.751753,-3.696317,-3.341151,3.689686,2.687815,-0.306639,0.000000,1.000000,0.000000,0.000000,0.000000
-0.625738,-0.686012,-1.608699,-0.304845,1.489023,1.058890,0.000000,0.000000,0.000000,1.000000,0.000000
0.121232,1.754168,-0.543095,0.397553,-2.331871,-2.043351,0.000000,1.000000,0.000000,0.000000,0.000000
0.760608,0.112587,3.458230,0.206308,-0.894886,-0.184315,0.000000,0.000000,0.000000,1.000000,0.000000
0.990030,2.594910,-1.197720,0.988850,-4.124329,-3.990465,0.000000,0.000000,0.000000,1.000000,0.000000
3.676149,-1.427229,0.397729,1.772511,-0.992807,-2.154534,1.000000,0.000000,0.000000,0.000000,0.000000
-0.047706,0.747165,-1.571524,-0.667542,-1.693214,-1.852712,1.000000,0.000000,0.000000,0.000000,0.000000
-0.459490,0.003604,2.171305,-2.435034,-1.716800,-0.992794,0.000000,0.000000,1.000000,0.000000,0.000000
3.164274,-2.747082,-0.064205,1.989453,1.791116,0.273340,0.000000,0.000000,0.000000,1.000000,0.000000
1.429237,-0.737414,2.624838,1.521357,0.723100,0.808412,0.000000,0.000000,0.000000,0.000000,1.000000
0.002015,1.439826,-1.200058,0.913339,-1.234500,-1.182594,0.000000,0.000000,1.000000,0.000000,0.000000
2.475019,0.395775,-2.184288,3.447421,-0.509119,-1.616315,0.000000,0.000000,1.000000,0.000000,0.000000
-0.965188,1.591484,-0.094658,-0.550206,-1.588284,-0.956354,0.000000,0.000000,1.000000,0.000000,0.000000
-0.421944,-2.033331,-0.886325,-1.214641,2.316788,1.694416,0.000000,0.000000,0.000000,1.000000,0.000000
0.695469,-2.140904,-0.305678,-0.759157,1.468706,0.696327,0.000000,0.000000,0.000000,1.000000,0.000000
-1.735849,0.802405,0.355180,-0.712893,0.410978,1.124106,1.000000,0.000000,0.000000,0.000000,0.000000
-0.454008,0.740119,-0.556026,-0.866572,-1.329068,-1.140717,0.000000,1.000000,0.000000,0.000000,0.000000
0.446143,-0.905130,-1.042795,-1.396656,-0.628869,-1.180326,1.000000,0.000000,0.000000,0.000000,0.000000
1.516205,-0.397724,-0.491933,0.511406,-0.909629,-1.493757,0.000000,1.000000,0.000000,0.000000,0.000000
1.516924,-2.468252,1.269328,0.843719,2.447170,1.741498,0.000000,0.000000,0.000000,1.000000,0.000000
0.516814,0.437743,1.312055,1.316299,-0.017298,0.264259,0.000000,0.000000,0.000000,0.000000,1.000000
1.677164,-1.299476,-0.053463,-0.708243,-0.976745,-1.685837,1.000000,0.000000,0.000000,0.000000,0.000000
0.769230,-0.742513,-2.374009,1.357446,1.345611,0.342492,0.000000,0.000000,0.000000,1.000000,0.000000
-1.008863,0.654813,-0.150312,-1.400538,-0.991169,-0.582506,0.000000,0.000000,1.000000,0.000000,0.000000
-0.181057,1.346090,-0.891105,-0.307720,-2.031479,-1.845912,0.000000,0.000000,1.000000,0.000000,0.000000
-0.442118,2.602868,-0.329593,0.991296,-2.256356,-1.584032,0.000000,1.000000,0.000000,0.000000,0.000000
1.177646,-1.154763,-1.530049,-0.800626,-0.651562,-1.573774,1.000000,0.000000,0.000000,0.000000,0.000000
1.952307,-0.457204,-0.761705,0.750085,-1.164978,-1.937489,0.000000,1.000000,0.000000,0.000000,0.000000
2.234485,-0.565651,0.452409,-0.196863,-2.266062,-2.797609,1.000000,0.000000,0.000000,0.000000,0.000000
0.653061,1.255778,-1.679099,0.857907,-1.875363,-2.135067,0.000000,0.000000,1.000000,0.000000,0.000000
1.480280,-0.903525,-1.560275,0.973229,0.298524,-0.691788,0.000000,1.000000,0.000000,0.000000,0.000000
0.311522,1.275176,-3.566448,2.476353,0.067760,-0.632615,0.000000,0.000000,1.000000,0.000000,0.000000
-1.416603,0.874546,-0.783647,-1.294566,-0.688812,-0.291370,0.000000,0.000000,0.000000,1.000000,0.000000
-0.587124,2.277065,-0.546892,0.098097,-2.458836,-1.864262,0.000000,1.000000,0.000000,0.000000,0.000000
0.708086,0.042462,-0.731039,0.103074,-0.895632,-1.227970,0.000000,1.000000,0.000000,0.000000,0.000000
-0.311472,1.086104,0.029168,-0.227101,-1.390878,-1.019128,0.000000,1.000000,0.000000,0.000000,0.000000
0.081524,1.474744,0.594583,1.006078,-1.268656,-0.783087,0.000000,1.000000,0.000000,0.000000,0.000000
0.119860,1.934053,-0.313561,0.544095,-2.446273,-2.057821,0.000000,1.000000,0.000000,0.000000,0.000000
-2.182041,1.725755,-3.549765,-2.810330,-2.437430,-2.279250,0.000000,1.000000,0.000000,0.000000,0.000000
1.877973,-0.547922,-1.960893,1.931112,0.180908,-0.935911,0.000000,1.000000,0.000000,0.000000,0.000000
0.737961,-0.919386,0.051105,-0.755601,-0.351343,-0.721908,1.000000,0.000000,0.000000,0.000000,0.000000
1.833171,-1.691545,-1.006252,1.270714,1.280322,0.130151,0.000000,1.000000,0.000000,0.000000,0.000000
-1.344184,0.697015,-0.046217,-1.291627,-0.509708,0.007470,1.000000,0.000000,0.000000,0.000000,0.000000
4.379598,-2.310344,1.165509,2.703311,0.285085,-1.108301,0.000000,0.000000,0.000000,0.000000,1.000000
-3.123208,2.943920,2.168883,0.026400,-0.152299,1.863338,0.000000,0.000000,0.000000,0.000000,1.000000
-2.139304,1.038865,0.266834,-1.446335,-0.116001,0.752616,1.000000,0.000000,0.000000,0.000000,0.000000
0.672470,-1.074550,0.187383,1.355675,1.995707,1.562181,0.000000,0.000000,0.000000,1.000000,0.000000
-2.290694,-0.598250,-0.514917,-2.964788,0.982503,1.308934,0.000000,0.000000,0.000000,1.000000,0.000000
-1.159732,1.632775,-1.337786,1.620755,0.675209,0.980742,1.000000,0.000000,0.000000,0.000000,0.000000
0.159215,0.100787,0.625379,-0.378291,-0.707253,-0.548484,0.000000,0.000000,1.000000,0.000000,0.000000
0.449612,-2.072135,-1.184257,-1.915215,0.559705,-0.318840,1.000000,0.000000,0.000000,0.000000,0.000000
2.131438,-0.120311,-1.312692,1.893285,-0.795211,-1.693684,0.000000,0.000000,1.000000,0.000000,0.000000
3.774494,-2.436003,-1.780706,2.446192,0.956517,-1.056996,0.000000,1.000000,0.000000,0.000000,0.000000
-1.411703,0.544586,-0.172063,-0.606455,0.457509,0.895436,1.000000,0.000000,0.000000,0.000000,0.000000
1.965173,1.130849,0.991329,2.532254,-1.741430,-1.721445,0.000000,0.000000,0.000000,0.000000,1.000000
0.021604,-1.439802,-1.086033,-0.213313,1.839231,1.191377,0.000000,0.000000,0.000000,1.000000,0.000000
4.817527,-1.776100,0.088120,2.047572,-1.710576,-3.306372,0.000000,1.000000,0.000000,0.000000,0.000000
1.388262,1.193347,-0.558789,0.901383,-2.679745,-2.844185,0.000000,1.000000,0.000000,0.000000,0.000000
1.066615,0.812431,1.905231,0.684209,-1.875403,-1.449742,0.000000,0.000000,0.000000,0.000000,1.000000
0.272891,1.545317,1.002938,1.065047,-1.556241,-0.995540,0.000000,1.000000,0.000000,0.000000,0.000000
0.598745,-1.025282,-2.346762,-0.592091,0.100161,-0.867692,1.000000,0.000000,0.000000,0.000000,0.000000
1.186668,-1.721501,-0.215905,0.722379,1.649716,0.850959,0.000000,0.000000,0.000000,0.000000,1.000000
0.866573,0.347587,0.581828,-0.425587,-2.031901,-1.975669,0.000000,0.000000,1.000000,0.000000,0.000000
-0.401605,-0.206870,-2.578216,-0.501985,0.295113,-0.292606,1.000000,0.000000,0.000000,0.000000,0.000000
-0.902497,-0.804680,-0.277948,-1.709040,0.691068,0.668680,0.000000,0.000000,0.000000,1.000000,0.000000
-1.080653,2.010458,-0.999267,-0.029718,-1.560654,-1.033932,0.000000,1.000000,0.000000,0.000000,0.000000
0.357811,0.315380,-0.989357,-0.663162,-1.579217,-1.799433,1.000000,0.000000,0.000000,0.000000,0.000000
-1.184634,-2.654666,-1.094301,-1.796587,3.646863,2.998994,0.000000,0.000000,0.000000,1.000000,0.000000
0.831889,0.363066,0.755382,0.346735,-1.262204,-1.176805,0.000000,0.000000,1.000000,0.000000,0.000000
1.195803,-0.133830,1.729596,1.009990,-0.358030,-0.265931,0.000000,1.000000,0.000000,0.000000,0.000000
-1.325459,0.842630,-2.866467,-2.070090,-1.543700,-1.666112,0.000000,1.000000,0.000000,0.000000,0.000000
-1.606715,2.964615,3.082489,-0.456306,-2.603913,-0.679898,0.000000,0.000000,0.000000,0.000000,1.000000
-1.499260,0.577004,0.232087,-1.918419,-0.732882,-0.122697,1.000000,0.000000,0.000000,0.000000,0.000000
-0.805969,1.622081,1.282086,-0.845813,-2.101112,-1.145273,0.000000,0.000000,1.000000,0.000000,0.000000
1.199890,0.200318,-0.158184,0.066326,-1.790104,-2.047565,0.000000,1.000000,0.000000,0.000000,0.000000
1.483271,0.201149,0.036460,1.766368,-0.518540,-0.847716,0.000000,0.000000,0.000000,0.000000,1.000000
-0.586192,1.793453,-0.701845,0.628404,-1.249284,-0.838910,0.000000,0.000000,1.000000,0.000000,0.000000
0.553000,-1.382750,-1.713344,0.461491,1.704794,0.774729,0.000000,0.000000,0.000000,1.000000,0.000000
-2.659348,0.998335,1.508733,-3.627939,-1.461623,-0.106187,0.000000,0.000000,1.000000,0.000000,0.000000
2.285904,-0.986247,1.231171,0.772856,-0.774409,-1.267768,0.000000,0.000000,0.000000,1.000000,0.000000
0.712082,1.018459,-2.839799,2.395665,-0.145588,-0.820598,0.000000,0.000000,1.000000,0.000000,0.000000
3.429601,-2.162140,-1.738941,2.183607,0.754937,-1.089748,0.000000,1.000000,0.000000,0.000000,0.000000
-0.289637,0.947025,3.200710,-1.583402,-2.469944,-1.307570,0.000000,0.000000,1.000000,0.000000,0.000000
-0.713058,0.893940,1.081091,1.255291,0.856670,1.479216,0.000000,0.000000,0.000000,0.000000,1.000000
0.466246,-0.386081,-0.124092,0.313322,0.254254,0.006437,1.000000,0.000000,0.000000,0.000000,0.000000
2.842840,-2.019331,-0.200140,0.148810,-0.623723,-1.849387,1.000000,0.000000,0.000000,0.000000,0.000000
-0.549568,-0.018799,1.110967,1.273299,1.987715,2.339138,0.000000,0.000000,0.000000,0.000000,1.000000
0.538053,0.433555,1.148597,2.334811,0.939698,1.140843,0.000000,0.000000,0.000000,1.000000,0.000000
0.677005,-0.937059,0.888673,2.008240,2.430794,2.184855,0.000000,0.000000,0.000000,1.000000,0.000000
-1.747260,-0.428898,0.081749,-1.644582,1.312000,1.665412,0.000000,1.000000,0.000000,0.000000,0.000000
1.498024,0.734929,1.423416,1.775783,-1.280338,-1.127846,0.000000,0.000000,0.000000,0.000000,1.000000
-0.168942,-1.352499,-1.083301,-0.632047,1.556809,0.989393,0.000000,0.000000,0.000000,1.000000,0.000000
0.668002,1.676556,2.057927,1.158895,-2.152263,-1.386761,0.000000,0.000000,0.000000,0.000000,1.000000
2.174410,-0.488608,1.538378,1.595822,-0.554108,-0.842144,0.000000,0.000000,0.000000,0.000000,1.000000
-0.892445,1.909932,2.079907,-0.418328,-1.981292,-0.746253,0.000000,0.000000,1.000000,0.000000,0.000000
0.572452,2.111414,1.597517,1.207911,-2.620282,-1.834293,0.000000,0.000000,0.000000,0.000000,1.000000
1.438006,-0.294001,1.270395,1.589336,0.110022,-0.027792,0.000000,0.000000,0.000000,0.000000,1.000000
0.162618,0.872841,-0.639873,-0.343299,-1.820979,-1.774020,0.000000,1.000000,0.000000,0.000000,0.000000
-0.925994,1.968140,0.742794,-0.483154,-2.107476,-1.179178,0.000000,0.000000,1.000000,0.000000,0.000000
0.161281,-0.290920,0.451416,0.008303,0.228540,0.227227,0.000000,0.000000,0.000000,0.000000,1.000000
1.841518,-0.312190,-1.873716,2.038080,-0.009547,-1.037812,0.000000,0.000000,1.000000,0.000000,0.000000
-1.735402,0.453182,1.666196,1.106459,2.692928,3.578271,0.000000,0.000000,0.000000,0.000000,1.000000
-0.731434,-1.409063,-1.918971,-2.081532,0.959632,0.344326,1.000000,0.000000,0.000000,0.000000,0.000000
0.693478,0.641302,-0.065780,0.404873,-1.444350,-1.460088,0.000000,0.000000,1.000000,0.000000,0.000000
-0.822495,1.252250,1.039000,0.625843,-0.128657,0.623696,0.000000,0.000000,0.000000,0.000000,1.000000
0.873556,1.020283,2.484381,0.820566,-1.785006,-1.121954,0.000000,0.000000,0.000000,0.000000,1.000000
-1.338664,1.622583,-0.076911,0.430865,-0.202240,0.493297,0.000000,0.000000,1.000000,0.000000,0.000000
1.410934,0.031719,1.201976,1.320282,-0.588290,-0.641931,0.000000,0.000000,0.000000,0.000000,1.000000
-1.271093,0.978786,-1.297899,-0.567213,-0.337422,-0.096920,0.000000,0.000000,0.000000,1.000000,0.000000
-1.605675,1.423241,-0.352988,0.995286,0.973638,1.588985,0.000000,0.000000,0.000000,0.000000,1.000000
-0.411066,0.845828,0.466270,1.073932,0.348622,0.744239,0.000000,0.000000,0.000000,0.000000,1.000000
0.128953,0.703638,0.329026,0.084832,-1.102406,-0.866479,0.000000,1.000000,0.000000,0.000000,0.000000
-0.286082,3.152390,-0.370403,2.150594,-2.141198,-1.407383,0.000000,0.000000,1.000000,0.000000,0.000000
-1.489788,0.575828,-2.674817,-1.605365,-0.491442,-0.615498,1.000000,0.000000,0.000000,0.000000,0.000000
0.329960,0.088989,1.641515,0.862108,0.300279,0.628432,0.000000,0.000000,0.000000,1.000000,0.000000
2.431601,0.429132,0.912551,0.138301,-3.636583,-3.846328,0.000000,1.000000,0.000000,0.000000,0.000000
0.981246,0.521820,-2.773648,2.584905,0.409235,-0.447294,0.000000,0.000000,1.000000,0.000000,0.000000
-1.027876,0.052993,0.558066,-1.909184,-0.570270,-0.123684,0.000000,0.000000,1.000000,0.000000,0.000000
1.210470,-0.413151,0.693100,2.765769,1.702609,1.401790,0.000000,0.000000,0.000000,1.000000,0.000000
1.443022,0.437202,1.433643,0.996863,-1.526656,-1.412016,0.000000,0.000000,0.000000,0.000000,1.000000
0.611330,-1.633410,-2.283933,-0.904555,0.667141,-0.438281,1.000000,0.000000,0.000000,0.000000,0.000000
-0.995488,0.867867,-0.109864,-0.924265,-0.858460,-0.402325,0.000000,1.000000,0.000000,0.000000,0.000000
1.654542,-1.866738,1.709322,0.272483,0.851617,0.402358,0.000000,0.000000,0.000000,1.000000,0.000000
1.141222,-2.245397,-0.920365,0.939505,2.666977,1.557851,0.000000,0.000000,0.000000,1.000000,0.000000
5.002202,-2.191144,2.516137,2.913883,-0.471778,-1.645066,0.000000,0.000000,0.000000,1.000000,0.000000
-1.290238,0.398413,-2.122951,-2.034172,-0.896973,-0.961404,0.000000,1.000000,0.000000,0.000000,0.000000
0.398371,0.003197,2.479765,-1.582233,-2.004855,-1.425148,0.000000,0.000000,1.000000,0.000000,0.000000
2.749240,0.194571,0.276070,0.508412,-3.363190,-3.876435,1.000000,0.000000,0.000000,0.000000,0.000000
-0.761365,1.130025,0.839420,-0.592605,-1.207973,-0.510508,0.000000,0.000000,1.000000,0.000000,0.000000
1.587814,-0.772719,2.029856,1.546339,0.582090,0.474044,0.000000,0.000000,0.000000,0.000000,1.000000
1.307090,3.049627,2.029509,2.284054,-3.894186,-2.953541,0.000000,0.000000,0.000000,0.000000,1.000000
2.961265,-1.297285,0.888304,-0.345699,-2.284413,-3.059141,1.000000,0.000000,0.000000,0.000000,0.000000
-2.343209,1.444595,0.146410,-1.963483,-0.940497,0.068452,1.000000,0.000000,0.000000,0.000000,0.000000
-0.736382,0.625508,-0.180147,-0.636029,-0.566856,-0.259926,1.000000,0.000000,0.000000,0.000000,0.000000
-2.366947,1.638801,-2.862485,-2.741629,-1.992761,-1.647862,0.000000,1.000000,0.000000,0.000000,0.000000
0.324693,0.776916,-0.553347,0.511402,-1.067441,-1.089214,1.000000,0.000000,0.000000,0.000000,0.000000
0.332984,0.831590,-0.177801,-0.792271,-2.407303,-2.279791,1.000000,0.000000,0.000000,0.000000,0.000000
1.884131,-1.933543,-2.393606,1.716295,1.971216,0.386504,0.000000,1.000000,0.000000,0.000000,0.000000
-1.378095,1.216120,1.271349,-1.648895,-1.541382,-0.540494,0.000000,0.000000,1.000000,0.000000,0.000000
-1.353524,0.820138,-0.680095,-0.929845,-0.338641,0.043808,0.000000,1.000000,0.000000,0.000000,0.000000
-1.094388,1.450464,-1.724226,2.453631,1.650922,1.769928,1.000000,0.000000,0.000000,0.000000,0.000000
-1.086622,0.390807,-1.091152,-0.588087,0.260165,0.355885,0.000000,1.000000,0.000000,0.000000,0.000000
0.484887,2.671148,3.212342,0.519654,-3.955035,-2.577759,0.000000,0.000000,1.000000,0.000000,0.000000
-0.517016,0.619748,-1.404314,1.375025,1.072988,0.958347,1.000000,0.000000,0.000000,0.000000,0.000000
2.006088,-0.771743,0.633353,1.867492,0.322359,-0.236447,0.000000,0.000000,0.000000,0.000000,1.000000
0.498574,-0.498617,-1.243415,-0.400390,-0.331062,-0.869829,1.000000,0.000000,0.000000,0.000000,0.000000
-1.235270,0.321026,-0.559084,0.405420,1.521129,1.730608,1.000000,0.000000,0.000000,0.000000,0.000000
1.834943,-0.816388,1.158833,0.628057,-0.575449,-0.935944,0.000000,0.000000,0.000000,1.000000,0.000000
0.494890,-3.415643,-0.740636,-0.942904,3.396691,2.230477,0.000000,0.000000,0.000000,1.000000,0.000000
-2.501900,3.006223,-2.037713,2.245904,1.015970,1.790877,1.000000,0.000000,0.000000,0.000000,0.000000
1.163258,-0.403721,0.792495,0.848262,-0.095485,-0.294590,0.000000,0.000000,0.000000,1.000000,0.000000
-2.055524,2.365077,2.957000,0.001938,-0.710059,1.109632,0.000000,0.000000,0.000000,0.000000,1.000000
-0.714799,1.776804,1.983935,0.516253,-1.120115,-0.015084,0.000000,0.000000,0.000000,0.000000,1.000000
-1.658559,-0.748351,-1.116435,-1.677781,1.608252,1.561104,0.000000,0.000000,0.000000,1.000000,0.000000
-2.892546,0.865271,0.752080,-2.976646,-0.350483,0.812550,0.000000,0.000000,0.000000,0.000000,1.000000
1.658602,-0.516922,-0.217372,-0.178040,-1.581250,-2.137671,1.000000,0.000000,0.000000,0.000000,0.000000
-0.364575,-1.847679,-0.881024,-1.083455,2.099004,1.509790,0.000000,0.000000,0.000000,1.000000,0.000000
-1.835721,2.044787,-0.191795,-0.253256,-0.830231,0.082647,1.000000,0.000000,0.000000,0.000000,0.000000
1.810312,-2.322652,-0.188760,0.942856,1.924810,0.826728,0.000000,0.000000,0.000000,1.000000,0.000000
1.723953,2.090390,2.044959,2.263635,-3.062359,-2.464218,0.000000,0.000000,0.000000,0.000000,1.000000
2.090721,-2.567042,0.403205,-1.031497,0.022988,-0.989782,1.000000,0.000000,0.000000,0.000000,0.000000
-2.632420,2.262489,0.697372,-1.908030,-1.689604,-0.264740,0.000000,0.000000,1.000000,0.000000,0.000000
2.857049,-1.462609,-1.544928,1.672944,-0.005315,-1.471556,0.000000,1.000000,0.000000,0.000000,0.000000
-1.343818,-0.997096,-0.643043,-1.988701,1.268780,1.213174,0.000000,0.000000,0.000000,1.000000,0.000000
0.191861,0.793756,0.673447,0.231722,-1.167713,-0.841494,0.000000,1.000000,0.000000,0.000000,0.000000
-1.006494,1.399443,-1.651073,-1.192334,-1.900846,-1.675233,0.000000,1.000000,0.000000,0.000000,0.000000
-3.672002,3.470929,1.604180,-0.244075,-0.474376,1.672480,0.000000,0.000000,0.000000,0.000000,1.000000
1.367775,-1.986583,0.257972,1.302611,2.366369,1.555178,0.000000,0.000000,0.000000,1.000000,0.000000
0.031965,0.918692,-0.176426,0.685028,-0.718998,-0.549935,0.000000,0.000000,0.000000,0.000000,1.000000
1.101771,-0.841960,-0.682506,0.591365,0.348362,-0.310270,0.000000,1.000000,0.000000,0.000000,0.000000
1.163985,-1.267405,-0.448405,0.409579,0.714278,-0.006610,1.000000,0.000000,0.000000,0.000000,0.000000
0.513643,0.981983,1.255703,1.045813,-1.065274,-0.644093,0.000000,1.000000,0.000000,0.000000,0.000000
2.841087,0.263270,0.404771,3.300494,-0.890097,-1.466984,0.000000,0.000000,0.000000,0.000000,1.000000
-0.540711,0.665822,0.790081,1.214596,0.919728,1.372480,0.000000,0.000000,0.000000,0.000000,1.000000
0.394551,-1.355545,0.701256,0.379596,1.833598,1.548168,0.000000,0.000000,0.000000,1.000000,0.000000
-0.521214,-0.356009,-0.765120,-1.305422,-0.075895,-0.199496,0.000000,1.000000,0.000000,0.000000,0.000000
-0.166686,-0.748830,-2.489213,-1.186452,0.118887,-0.619837,1.000000,0.000000,0.000000,0.000000,0.000000
-1.639365,-0.249704,-0.107791,-1.859492,0.701114,1.037848,0.000000,1.000000,0.000000,0.000000,0.000000
3.258737,-1.209954,-0.828196,1.520182,-1.029623,-2.336152,0.000000,1.000000,0.000000,0.000000,0.000000
-0.291380,0.570004,0.828642,-1.219210,-1.609598,-1.147293,0.000000,0.000000,1.000000,0.000000,0.000000
1.932972,0.648940,1.461959,2.177615,-1.333228,-1.304801,0.000000,0.000000,0.000000,0.000000,1.000000
2.361747,-0.158216,-0.923887,2.934150,-0.030162,-0.928520,0.000000,0.000000,1.000000,0.000000,0.000000
-0.436311,1.201699,-2.523734,3.531809,2.181670,1.853035,1.000000,0.000000,0.000000,0.000000,0.000000
1.840876,-0.441483,-0.690776,0.662764,-1.125830,-1.848693,0.000000,1.000000,0.000000,0.000000,0.000000
4.128014,1.984186,2.263491,4.934720,-3.457071,-3.460751,0.000000,0.000000,0.000000,0.000000,1.000000
1.276003,0.157747,-0.121850,-0.651632,-2.518368,-2.771173,0.000000,0.000000,1.000000,0.000000,0.000000
-2.618286,2.352174,-0.155557,0.808087,0.764134,1.907262,0.000000,0.000000,0.000000,0.000000,1.000000
1.785930,0.426170,0.240409,2.203032,-0.814774,-1.116261,0.000000,0.000000,0.000000,0.000000,1.000000
-1.467258,1.645623,-0.289294,-0.890824,-1.345528,-0.623685,0.000000,0.000000,1.000000,0.000000,0.000000
-0.775987,0.047712,-0.085940,-0.932305,0.040069,0.236393,0.000000,1.000000,0.000000,0.000000,0.000000
-2.250772,0.910970,0.248853,-1.962583,-0.282978,0.589575,0.000000,0.000000,0.000000,0.000000,1.000000
-3.036664,2.894408,2.632877,-2.258598,-2.386570,-0.212042,0.000000,0.000000,1.000000,0.000000,0.000000
-0.475810,-0.385909,-1.489234,1.733168,2.823775,2.401022,1.000000,0.000000,0.000000,0.000000,0.000000
1.300376,-0.472289,-1.076275,0.879098,-0.176354,-0.889092,0.000000,0.000000,0.000000,1.000000,0.000000
-1.377924,-0.804728,-1.457656,-1.087860,1.887763,1.658451,0.000000,0.000000,0.000000,1.000000,0.000000
1.287160,-0.205351,-1.675595,0.139948,-1.269285,-2.032558,1.000000,0.000000,0.000000,0.000000,0.000000
-3.001184,1.579992,-3.489747,-2.966176,-1.309618,-0.986272,0.000000,1.000000,0.000000,0.000000,0.000000
-0.258196,-1.404017,-0.975279,-0.707977,1.676390,1.144700,0.000000,0.000000,0.000000,1.000000,0.000000
-1.081626,2.080152,-2.877320,-1.307436,-2.923709,-2.801764,0.000000,1.000000,0.000000,0.000000,0.000000
-0.089009,0.983157,0.345043,-1.260181,-2.520605,-2.113081,0.000000,0.000000,1.000000,0.000000,0.000000
2.102173,-1.972277,0.247008,2.376642,2.425199,1.414624,0.000000,0.000000,0.000000,1.000000,0.000000
-2.783686,2.915539,0.360716,0.232651,-0.384707,1.091739,0.000000,0.000000,0.000000,0.000000,1.000000
-3.522867,2.381115,-1.791184,1.802640,2.828760,3.743225,1.000000,0.000000,0.000000,0.000000,0.000000
-1.579192,-0.815797,-0.715591,-1.766721,1.524155,1.543826,0.000000,0.000000,0.000000,1.000000,0.000000
-0.741584,0.358235,-2.972763,-2.181868,-1.708880,-2.112867,0.000000,1.000000,0.000000,0.000000,0.000000
0.833558,0.255090,1.045370,1.107424,-0.369678,-0.266614,0.000000,1.000000,0.000000,0.000000,0.000000
0.505578,0.312551,-0.965539,0.426378,-0.717105,-1.001631,0.000000,0.000000,1.000000,0.000000,0.000000
-0.709457,-0.029894,-0.474842,-0.428081,0.545458,0.593024,0.000000,1.000000,0.000000,0.000000,0.000000
1.886585,-1.849118,-0.400520,-0.621011,-0.372573,-1.362942,1.000000,0.000000,0.000000,0.000000,0.000000
1.257911,-0.156062,-1.262040,0.502044,-0.946917,-1.600059,0.000000,0.000000,1.000000,0.000000,0.000000
-0.205265,0.919053,-0.864982,0.711033,-0.397714,-0.347118,1.000000,0.000000,0.000000,0.000000,0.000000
-1.526114,1.089131,0.222779,-1.754391,-1.283967,-0.540160,0.000000,0.000000,1.000000,0.000000,0.000000
1.394409,-0.838810,2.631294,0.031017,-0.520136,-0.402497,0.000000,0.000000,0.000000,1.000000,0.000000
0.089245,-1.521603,-0.459088,-0.748805,1.364841,0.853647,0.000000,0.000000,0.000000,1.000000,0.000000
-0.295005,-1.399683,-0.364109,0.231019,2.633091,2.231135,0.000000,0.000000,0.000000,1.000000,0.000000
1.752347,-1.505243,3.339191,1.867448,1.763863,1.739493,0.000000,0.000000,0.000000,1.000000,0.000000
1.285740,-1.766252,-1.509286,-0.574525,0.314282,-0.796201,1.000000,0.000000,0.000000,0.000000,0.000000
1.085712,0.491092,-0.759872,1.734022,-0.467451,-0.827402,1.000000,0.000000,0.000000,0.000000,0.000000
1.526834,2.595321,2.349369,2.296122,-3.502963,-2.652699,0.000000,0.000000,0.000000,0.000000,1.000000
-0.531069,1.472672,-1.102473,-0.645264,-2.089010,-1.832717,0.000000,0.000000,1.000000,0.000000,0.000000
3.676720,-2.065420,-1.419911,2.173838,0.289122,-1.505890,0.000000,1.000000,0.000000,0.000000,0.000000
0.070328,1.040752,-1.891994,-0.697745,-2.307717,-2.494578,0.000000,1.000000,0.000000,0.000000,0.000000
0.009741,-0.455161,0.991037,2.175737,2.761659,2.812491,0.000000,0.000000,0.000000,1.000000,0.000000
-1.754957,0.281841,-1.232130,1.020671,2.835156,2.963215,1.000000,0.000000,0.000000,0.000000,0.000000
-0.165208,0.282438,-0.349903,0.252354,0.041758,0.058203,0.000000,0.000000,0.000000,0.000000,1.000000
-0.093258,0.644593,1.179973,1.235222,0.395215,0.838127,0.000000,0.000000,0.000000,0.000000,1.000000
0.902566,0.425530,3.994668,0.686344,-1.062397,-0.183811,0.000000,0.000000,0.000000,1.000000,0.000000
2.031390,-1.434403,-1.363386,1.322406,0.692762,-0.524210,0.000000,1.000000,0.000000,0.000000,0.000000
-0.596113,0.978841,0.031771,-0.904878,-1.517908,-1.087454,0.000000,0.000000,1.000000,0.000000,0.000000
1.522274,-0.932999,0.634417,-0.257648,-0.861775,-1.283601,0.000000,0.000000,1.000000,0.000000,0.000000
4.734195,-1.268583,0.520308,2.368615,-2.022708,-3.369120,1.000000,0.000000,0.000000,0.000000,0.000000
4.394196,-2.446173,-1.240752,2.524829,0.250400,-1.773337,0.000000,1.000000,0.000000,0.000000,0.000000
-1.236109,1.798133,-0.275754,0.836201,-0.203452,0.452638,0.000000,0.000000,0.000000,0.000000,1.000000
0.160280,0.525478,0.483138,1.459318,0.442561,0.616755,0.000000,0.000000,0.000000,0.000000,1.000000
-0.156594,0.665996,1.285015,-0.750971,-1.465382,-0.910283,0.000000,0.000000,1.000000,0.000000,0.000000
0.288914,0.147562,1.275050,1.394493,0.775270,1.019406,0.000000,0.000000,0.000000,0.000000,1.000000
-1.926246,1.547363,0.151927,-1.636717,-1.317064,-0.383940,0.000000,0.000000,1.000000,0.000000,0.000000
-1.446978,0.770096,-0.113925,-1.531668,-0.714617,-0.163873,0.000000,0.000000,1.000000,0.000000,0.000000
1.807524,-0.178909,0.567111,0.593601,-1.509044,-1.840560,0.000000,0.000000,1.000000,0.000000,0.000000
1.907155,-0.548663,1.702967,-0.581067,-2.213926,-2.344462,0.000000,0.000000,1.000000,0.000000,0.000000
2.490185,-1.984401,0.787727,-0.024532,-0.366032,-1.252489,1.000000,0.000000,0.000000,0.000000,0.000000
-3.099436,0.752095,0.677206,-3.758886,-0.672004,0.515002,0.000000,0.000000,1.000000,0.000000,0.000000
0.497594,-1.124475,-1.728696,0.495548,1.434243,0.579928,0.000000,0.000000,0.000000,1.000000,0.000000
-0.052106,0.185822,-0.473508,-0.710446,-0.894732,-0.927730,0.000000,1.000000,0.000000,0.000000,0.000000
0.901654,0.048919,0.051618,0.029747,-1.214031,-1.391383,1.000000,0.000000,0.000000,0.000000,0.000000
1.063591,-0.147436,-0.756609,0.315790,-0.877585,-1.353251,0.000000,1.000000,0.000000,0.000000,0.000000
0.975666,-1.563309,0.104220,-1.567347,-0.506330,-1.060139,1.000000,0.000000,0.000000,0.000000,0.000000
-0.111228,0.905722,0.346061,0.702411,-0.488292,-0.161484,0.000000,0.000000,1.000000,0.000000,0.000000
-1.860315,1.959238,-1.949772,0.332768,-0.139340,0.300632,0.000000,0.000000,1.000000,0.000000,0.000000
-2.742400,1.626170,-1.282697,0.657464,1.815736,2.520078,1.000000,0.000000,0.000000,0.000000,0.000000
2.336046,-1.934682,0.473108,2.496650,2.185943,1.184990,0.000000,0.000000,0.000000,0.000000,1.000000
2.240049,-0.853217,-1.372161,1.172071,-0.567768,-1.675030,0.000000,1.000000,0.000000,0.000000,0.000000
0.075110,0.552482,-0.990100,1.172196,0.212333,0.056743,0.000000,0.000000,1.000000,0.000000,0.000000
-0.493779,-0.651563,-1.733793,-0.039422,1.520983,1.030481,0.000000,0.000000,0.000000,1.000000,0.000000
1.151518,1.371665,1.059185,1.821973,-1.716332,-1.409773,0.000000,0.000000,0.000000,0.000000,1.000000
-3.385579,1.729695,0.258173,-2.565463,-0.577204,0.788573,0.000000,0.000000,1.000000,0.000000,0.000000
0.415638,-0.317481,-1.574921,2.406566,2.212484,1.564277,1.000000,0.000000,0.000000,0.000000,0.000000
-1.329403,1.493470,0.602758,0.744809,0.287329,1.104846,0.000000,0.000000,0.000000,0.000000,1.000000
0.873485,-0.154880,1.165912,1.461773,0.517362,0.521188,0.000000,0.000000,0.000000,0.000000,1.000000
0.120929,1.608784,0.371913,0.868700,-1.650756,-1.189257,0.000000,0.000000,0.000000,0.000000,1.000000
1.170456,0.780376,-1.788386,1.024502,-1.698999,-2.233029,0.000000,0.000000,1.000000,0.000000,0.000000
-0.781467,1.165116,0.091226,0.962055,0.252328,0.726038,0.000000,0.000000,0.000000,0.000000,1.000000
-1.050773,-1.342405,-1.207873,-1.447891,1.900707,1.529924,0.000000,0.000000,0.000000,0.000000,1.000000
-1.120661,1.891021,-1.410234,1.465495,0.098464,0.450711,1.000000,0.000000,0.000000,0.000000,0.000000
2.647531,0.943193,1.516571,2.880072,-2.012120,-2.075953,0.000000,0.000000,0.000000,0.000000,1.000000
-0.906901,-0.238127,0.442751,-1.142677,0.431827,0.720147,0.000000,0.000000,0.000000,1.000000,0.000000
-0.271179,2.692724,2.223663,0.337612,-3.195437,-1.882261,0.000000,0.000000,0.000000,0.000000,1.000000
1.890425,-0.121339,1.412797,1.370379,-0.937636,-1.088570,0.000000,0.000000,0.000000,0.000000,1.000000
0.248037,0.196554,0.933714,1.207142,0.570934,0.758730,0.000000,0.000000,0.000000,0.000000,1.000000
-2.075163,1.638318,1.598971,0.350997,0.684280,1.967601,0.000000,0.000000,0.000000,0.000000,1.000000
0.364293,-2.686484,-0.486246,-0.185809,3.241175,2.334862,0.000000,0.000000,0.000000,1.000000,0.000000
1.799191,-0.830002,1.250964,2.164152,0.972391,0.587924,0.000000,0.000000,0.000000,0.000000,1.000000
-1.912500,0.622714,-2.093369,-1.802646,-0.190010,-0.056052,1.000000,0.000000,0.000000,0.000000,0.000000
1.772501,1.013647,-2.097921,2.270200,-1.625804,-2.351486,0.000000,0.000000,1.000000,0.000000,0.000000
1.082011,0.501471,1.379458,1.290294,-0.868756,-0.679444,0.000000,1.000000,0.000000,0.000000,0.000000
-1.636235,0.254371,-1.962166,-2.117473,-0.315328,-0.297605,0.000000,1.000000,0.000000,0.000000,0.000000
0.369012,0.479551,0.836044,0.395778,-0.780848,-0.542522,0.000000,0.000000,0.000000,0.000000,1.000000
5.137075,-2.401533,-1.081708,2.757649,-0.553454,-2.700201,0.000000,1.000000,0.000000,0.000000,0.000000
2.332229,-0.773075,-0.818133,0.440837,-1.499132,-2.443989,0.000000,0.000000,1.000000,0.000000,0.000000
-0.350889,-0.146010,0.192115,-1.771307,-1.034967,-0.888145,0.000000,0.000000,1.000000,0.000000,0.000000
-0.996041,0.519556,-0.500799,0.014859,0.546358,0.782192,1.000000,0.000000,0.000000,0.000000,0.000000
2.490741,-2.044033,0.601722,-1.168089,-1.385107,-2.295458,1.000000,0.000000,0.000000,0.000000,0.000000
3.232903,-1.112821,-1.019573,1.531819,-1.129171,-2.452111,0.000000,1.000000,0.000000,0.000000,0.000000
-0.441743,1.742073,2.053007,0.489217,-1.449620,-0.396933,0.000000,0.000000,0.000000,0.000000,1.000000
2.967941,-1.741854,0.218178,0.741008,-0.611746,-1.708047,1.000000,0.000000,0.000000,0.000000,0.000000
2.192852,-1.980097,0.877803,1.254549,1.248279,0.409284,0.000000,0.000000,0.000000,1.000000,0.000000
0.910076,0.945785,-0.951166,1.559175,-1.071237,-1.313255,1.000000,0.000000,0.000000,0.000000,0.000000
3.749819,-2.753405,1.725120,-0.339869,-1.174894,-2.303844,1.000000,0.000000,0.000000,0.000000,0.000000
0.786044,0.156666,2.093907,-0.985745,-2.163779,-1.746050,0.000000,0.000000,1.000000,0.000000,0.000000
0.703073,-2.948862,-0.226462,-1.077328,2.327206,1.369806,0.000000,0.000000,0.000000,1.000000,0.000000
5.255051,-0.088188,0.677323,5.709794,-1.192751,-2.416372,0.000000,0.000000,0.000000,0.000000,1.000000
-0.874610,1.284419,-0.550660,0.174522,-0.569562,-0.176449,0.000000,0.000000,1.000000,0.000000,0.000000
-1.259917,-0.069998,0.351813,-1.117160,0.669711,1.058186,1.000000,0.000000,0.000000,0.000000,0.000000
-0.386354,-2.200990,-0.258360,-1.904777,1.859811,1.363997,0.000000,0.000000,0.000000,1.000000,0.000000
1.082023,-0.254804,-0.985775,0.417368,-0.651638,-1.220077,0.000000,1.000000,0.000000,0.000000,0.000000
-1.169313,1.758776,-1.807093,-1.059915,-2.086136,-1.772171,0.000000,1.000000,0.000000,0.000000,0.000000
-0.310993,0.358387,1.835645,0.866192,0.749710,1.340785,0.000000,0.000000,0.000000,1.000000,0.000000
0.928668,-2.950455,-1.691224,0.385067,3.420169,1.999504,0.000000,0.000000,0.000000,0.000000,1.000000
-0.437795,0.458138,1.126102,-0.427494,-0.488832,0.024120,0.000000,0.000000,0.000000,0.000000,1.000000
0.721249,0.564508,0.686423,1.089590,-0.696376,-0.574821,0.000000,0.000000,0.000000,0.000000,1.000000
3.403647,-0.230723,0.663881,0.787759,-3.320670,-4.006109,0.000000,1.000000,0.000000,0.000000,0.000000
1.054907,-0.197239,0.151703,0.415777,-0.682127,-0.946947,0.000000,0.000000,1.000000,0.000000,0.000000
1.257433,-0.329832,1.103088,-1.117161,-2.213632,-2.271664,0.000000,0.000000,1.000000,0.000000,0.000000
-2.377436,0.549708,-0.817516,0.586427,2.844227,3.300000,1.000000,0.000000,0.000000,0.000000,0.000000
3.013806,-0.818664,-0.314088,3.113837,0.264748,-0.809031,0.000000,0.000000,0.000000,0.000000,1.000000
2.825281,-0.782492,2.067259,3.216165,0.596567,0.162136,0.000000,0.000000,0.000000,1.000000,0.000000
1.186913,-0.876367,0.747681,0.749411,0.464285,0.127108,0.000000,0.000000,0.000000,0.000000,1.000000
0.355142,-2.766813,1.376689,0.035852,3.615092,3.144496,0.000000,0.000000,0.000000,1.000000,0.000000
-0.762745,0.902766,-2.066794,-1.102925,-1.417320,-1.483790,1.000000,0.000000,0.000000,0.000000,0.000000
0.320352,0.112107,1.533165,-0.032644,-0.584733,-0.245350,0.000000,0.000000,0.000000,0.000000,1.000000
-2.136589,1.236486,3.203076,-3.073495,-1.924252,-0.221071,0.000000,0.000000,1.000000,0.000000,0.000000
1.620703,-1.042072,1.039448,2.062065,1.410572,0.960967,0.000000,0.000000,0.000000,0.000000,1.000000
0.659649,-0.891277,1.832152,0.173498,0.635210,0.700607,0.000000,0.000000,0.000000,1.000000,0.000000
0.440897,1.316676,-2.101042,2.530143,-0.083946,-0.440495,0.000000,0.000000,1.000000,0.000000,0.000000
-1.690621,1.663219,-3.290980,-1.140092,-1.371979,-1.331986,1.000000,0.000000,0.000000,0.000000,0.000000
-0.748998,0.310903,-0.240480,-0.119036,0.403612,0.597981,1.000000,0.000000,0.000000,0.000000,0.000000
0.089921,-2.211146,-1.980125,0.027972,3.088023,1.991022,0.000000,0.000000,0.000000,1.000000,0.000000
-0.037521,0.358776,-1.114911,-0.813210,-1.274870,-1.421154,0.000000,0.000000,1.000000,0.000000,0.000000
-0.430325,0.209249,0.451123,-1.854578,-1.523508,-1.197913,0.000000,0.000000,1.000000,0.000000,0.000000
-6.733330,4.002455,-0.406009,-0.207496,2.735489,5.208980,0.000000,0.000000,0.000000,0.000000,1.000000
1.421510,0.640529,1.405092,0.642811,-2.135632,-1.957692,0.000000,0.000000,1.000000,0.000000,0.000000
2.447284,-3.048118,-3.115941,2.580502,3.678182,1.464512,0.000000,1.000000,0.000000,0.000000,0.000000
1.832743,0.710220,-1.644437,0.232627,-3.218840,-3.857723,0.000000,0.000000,1.000000,0.000000,0.000000
1.733138,-0.683543,0.892353,1.813753,0.501830,0.093585,0.000000,0.000000,0.000000,1.000000,0.000000
1.581505,-2.163745,0.175651,-1.748065,-0.594910,-1.419489,1.000000,0.000000,0.000000,0.000000,0.000000
2.058513,-1.369849,2.039701,1.203353,0.507053,0.149532,0.000000,0.000000,0.000000,1.000000,0.000000
3.130852,-2.067933,1.014678,0.587753,-0.484028,-1.500278,1.000000,0.000000,0.000000,0.000000,0.000000
4.202780,-1.999403,-1.525585,2.351704,-0.321292,-2.248923,0.000000,1.000000,0.000000,0.000000,0.000000
1.890159,-0.426130,0.078468,1.914893,0.007304,-0.573430,0.000000,0.000000,0.000000,0.000000,1.000000
0.033490,-1.448440,-1.307613,-0.377060,1.674774,0.972450,0.000000,0.000000,0.000000,1.000000,0.000000
1.362277,-0.732236,0.687024,1.157813,0.419339,0.052280,0.000000,0.000000,0.000000,0.000000,1.000000
-0.171760,0.611799,0.493579,0.139151,-0.522818,-0.204743,0.000000,0.000000,0.000000,0.000000,1.000000
1.790822,-2.525804,-0.169440,-1.142608,0.236260,-0.836786,1.000000,0.000000,0.000000,0.000000,0.000000
-0.848764,1.320265,-2.751051,-1.626632,-2.428146,-2.517294,0.000000,1.000000,0.000000,0.000000,0.000000
0.765094,-0.269732,-0.326604,0.882448,0.241519,-0.111768,0.000000,0.000000,1.000000,0.000000,0.000000
1.702366,-2.535086,0.488936,-1.443626,0.085973,-0.796278,1.000000,0.000000,0.000000,0.000000,0.000000
-1.988032,1.596336,-0.157176,-1.042307,-0.740419,0.122962,0.000000,1.000000,0.000000,0.000000,0.000000
-0.385966,1.440095,-1.740647,-0.910188,-2.496516,-2.430887,0.000000,1.000000,0.000000,0.000000,0.000000
-0.125383,-1.083686,-0.887880,-1.238468,0.528760,0.091371,1.000000,0.000000,0.000000,0.000000,0.000000
-0.663309,1.868286,-0.662726,1.595177,-0.325561,0.099333,0.000000,0.000000,1.000000,0.000000,0.000000
4.128393,0.065107,0.936064,4.412610,-1.195712,-2.018787,0.000000,0.000000,0.000000,0.000000,1.000000
-0.079323,0.762777,-1.515378,1.776264,0.680747,0.464863,1.000000,0.000000,0.000000,0.000000,0.000000
0.462180,0.340851,2.688047,-1.238484,-2.243539,-1.548655,0.000000,0.000000,1.000000,0.000000,0.000000
5.879774,-3.922705,-2.104546,3.859451,1.734423,-1.271513,0.000000,1.000000,0.000000,0.000000,0.000000
2.087439,-0.648803,-0.652727,0.849636,-0.964624,-1.794352,0.000000,1.000000,0.000000,0.000000,0.000000
1.514561,0.830522,3.442940,0.657137,-2.484052,-1.771519,0.000000,0.000000,0.000000,0.000000,1.000000
-0.480535,1.319485,-0.104805,0.082594,-1.213922,-0.786160,0.000000,0.000000,1.000000,0.000000,0.000000
-0.158413,-2.330909,-2.596106,-2.146305,1.479533,0.326217,1.000000,0.000000,0.000000,0.000000,0.000000
-0.677142,0.395205,-1.791172,-1.434235,-1.105898,-1.246282,1.000000,0.000000,0.000000,0.000000,0.000000
0.155882,-0.980894,-0.883362,-0.670021,0.561458,0.070354,1.000000,0.000000,0.000000,0.000000,0.000000
0.198783,0.548971,-0.898486,1.260030,0.142797,-0.021637,0.000000,0.000000,1.000000,0.000000,0.000000
1.657284,-1.156196,-0.655715,0.263241,-0.233275,-1.081897,1.000000,0.000000,0.000000,0.000000,0.000000
-2.051309,-0.510930,-2.512000,-0.748812,2.645371,2.371710,0.000000,0.000000,0.000000,1.000000,0.000000
-1.625591,0.635810,-2.157483,-2.596562,-1.348150,-1.264461,0.000000,1.000000,0.000000,0.000000,0.000000
1.491368,-1.389846,-0.077902,1.225865,1.259194,0.497265,0.000000,0.000000,0.000000,0.000000,1.000000
1.550551,-0.683308,1.319662,1.203271,0.158024,-0.082826,0.000000,0.000000,0.000000,1.000000,0.000000
-2.750690,3.055491,2.541303,-0.256079,-1.064598,0.998879,0.000000,0.000000,0.000000,0.000000,1.000000
1.438431,-1.264418,0.039136,1.134467,1.059780,0.374967,0.000000,0.000000,0.000000,0.000000,1.000000
-1.513184,0.748652,-1.912095,-1.979645,-1.059656,-0.931020,0.000000,1.000000,0.000000,0.000000,0.000000
1.192706,0.517014,-1.571653,1.797273,-0.597141,-1.177780,0.000000,0.000000,1.000000,0.000000,0.000000
0.062731,2.296367,2.193483,0.573040,-2.827615,-1.709408,0.000000,0.000000,0.000000,0.000000,1.000000
0.902476,1.147254,1.322890,0.629564,-2.210879,-1.802601,0.000000,0.000000,1.000000,0.000000,0.000000
-0.478472,-1.039924,1.001668,0.008620,2.158122,2.238738,0.000000,0.000000,0.000000,1.000000,0.000000
1.204358,0.600726,1.677282,1.099648,-1.350634,-1.082240,0.000000,0.000000,0.000000,0.000000,1.000000
-0.443727,1.622386,-2.071014,2.110443,0.218507,0.162513,0.000000,0.000000,1.000000,0.000000,0.000000
1.689002,-0.637121,-0.964623,0.559110,-0.748701,-1.553739,1.000000,0.000000,0.000000,0.000000,0.000000
1.230205,3.944744,3.466800,2.135654,-5.212866,-3.656734,0.000000,0.000000,0.000000,0.000000,1.000000
-0.228265,-1.367331,-1.571817,-0.313323,1.954251,1.264349,0.000000,0.000000,0.000000,1.000000,0.000000
0.616871,-2.426555,-1.399906,-0.251038,2.456737,1.337971,0.000000,0.000000,0.000000,1.000000,0.000000
-0.812607,0.782503,1.006480,-2.139195,-2.123813,-1.413677,0.000000,0.000000,1.000000,0.000000,0.000000
0.048508,-0.322970,0.363290,-1.296041,-0.836471,-0.799331,0.000000,0.000000,1.000000,0.000000,0.000000
0.739628,-1.266125,-2.472714,1.193323,1.984858,0.830935,0.000000,0.000000,0.000000,1.000000,0.000000
-0.619695,1.445912,-1.035458,1.233091,-0.123983,0.099063,1.000000,0.000000,0.000000,0.000000,0.000000
0.062887,0.555919,-1.532937,2.337951,1.337163,1.011621,1.000000,0.000000,0.000000,0.000000,0.000000
1.564760,-1.199312,1.856336,1.937837,1.605956,1.334182,0.000000,0.000000,0.000000,0.000000,1.000000
-0.730178,-0.387959,1.100272,-2.641241,-1.012977,-0.590713,0.000000,0.000000,1.000000,0.000000,0.000000
2.492638,3.291329,2.851341,3.575389,-4.528765,-3.629100,0.000000,0.000000,0.000000,0.000000,1.000000
-1.602186,0.150695,-1.475697,-2.109038,-0.192589,-0.089467,0.000000,1.000000,0.000000,0.000000,0.000000
0.756414,0.763549,2.194404,0.704406,-1.376622,-0.823267,0.000000,0.000000,0.000000,0.000000,1.000000
2.756650,-1.061552,-0.806597,1.306430,-0.797846,-1.940112,0.000000,1.000000,0.000000,0.000000,0.000000
-1.657078,0.485996,-1.007957,-1.374513,0.107434,0.403065,0.000000,0.000000,0.000000,1.000000,0.000000
0.863732,-2.954139,-0.624846,0.673390,3.805942,2.653866,0.000000,0.000000,0.000000,1.000000,0.000000
-1.834432,-0.829175,0.154407,-2.915183,0.783814,1.111370,0.000000,0.000000,0.000000,1.000000,0.000000
3.030124,-1.331227,0.744438,-0.354855,-2.335930,-3.170461,1.000000,0.000000,0.000000,0.000000,0.000000
-1.095792,0.561464,1.473365,-1.099412,-0.424715,0.371632,0.000000,0.000000,0.000000,0.000000,1.000000
3.280387,-2.051171,-1.019110,1.905673,0.532280,-1.061721,0.000000,1.000000,0.000000,0.000000,0.000000
-0.579008,-0.867896,-0.484190,-0.784573,1.249417,1.055785,0.000000,0.000000,0.000000,0.000000,1.000000
0.385055,-0.750561,-1.257771,-1.223958,-0.611220,-1.167231,1.000000,0.000000,0.000000,0.000000,0.000000
-1.311904,-0.430098,-2.992885,-3.152150,-0.757344,-1.214520,0.000000,1.000000,0.000000,0.000000,0.000000
2.542755,-0.336305,-0.627603,1.263033,-1.611905,-2.468637,1.000000,0.000000,0.000000,0.000000,0.000000
0.689370,0.093697,-0.649761,0.808556,-0.264608,-0.582575,0.000000,0.000000,1.000000,0.000000,0.000000
0.582624,1.854914,-1.752394,1.781711,-1.765215,-1.899755,0.000000,0.000000,1.000000,0.000000,0.000000
-2.406168,1.373750,-0.835634,0.833019,1.921917,2.589250,1.000000,0.000000,0.000000,0.000000,0.000000
0.126979,-1.510736,-0.697151,-2.502774,-0.393993,-0.911330,1.000000,0.000000,0.000000,0.000000,0.000000
0.336229,-1.357687,-1.563129,0.419818,1.912689,1.076506,0.000000,0.000000,0.000000,1.000000,0.000000
0.464969,-0.704407,2.563108,0.050753,0.511139,0.855058,0.000000,0.000000,0.000000,1.000000,0.000000
0.448442,1.177863,-0.634277,0.336540,-1.980612,-1.938377,0.000000,1.000000,0.000000,0.000000,0.000000
4.289131,-3.238393,0.651616,0.181068,-0.688147,-2.349967,1.000000,0.000000,0.000000,0.000000,0.000000
-3.275253,2.574352,1.009873,-2.050266,-1.438368,0.295322,0.000000,0.000000,1.000000,0.000000,0.000000
-1.554012,1.917226,0.122290,-0.840286,-1.571516,-0.657977,0.000000,0.000000,1.000000,0.000000,0.000000
-0.276628,2.225557,0.836107,0.442745,-2.432142,-1.589081,0.000000,1.000000,0.000000,0.000000,0.000000
-0.498923,1.357244,-1.877579,2.579652,1.130787,1.049419,1.000000,0.000000,0.000000,0.000000,0.000000
4.461802,-2.628058,-1.341997,2.653602,0.549024,-1.567369,0.000000,1.000000,0.000000,0.000000,0.000000
-1.102481,0.957105,-0.739657,0.522129,0.533889,0.833053,1.000000,0.000000,0.000000,0.000000,0.000000
1.498346,-1.747936,0.103072,-1.050410,-0.419807,-1.157111,0.000000,0.000000,1.000000,0.000000,0.000000
0.597571,0.181089,0.020417,0.694223,-0.370902,-0.475067,0.000000,0.000000,1.000000,0.000000,0.000000
-1.592727,-0.461702,-2.081760,-0.628672,2.100614,1.839936,0.000000,0.000000,0.000000,1.000000,0.000000
-0.029918,-0.349308,-0.208866,-1.285026,-0.695375,-0.789970,0.000000,0.000000,0.000000,1.000000,0.000000
0.721526,-2.949062,0.789335,-2.579359,0.873640,0.214239,1.000000,0.000000,0.000000,0.000000,0.000000
-0.200242,1.819939,1.174055,0.482712,-1.898028,-1.096786,0.000000,0.000000,0.000000,0.000000,1.000000
0.618144,0.879861,1.492811,1.131931,-0.965814,-0.539085,0.000000,0.000000,0.000000,0.000000,1.000000
-1.082978,1.452896,-3.308039,-2.060840,-2.744076,-2.869397,0.000000,1.000000,0.000000,0.000000,0.000000
-0.870353,-1.728298,0.670887,-2.733296,1.020186,1.016057,0.000000,0.000000,0.000000,1.000000,0.000000
-0.026731,1.993983,1.298240,0.421194,-2.433621,-1.592392,0.000000,0.000000,0.000000,0.000000,1.000000
-1.166720,1.214192,-1.718476,2.255851,1.897718,1.978502,1.000000,0.000000,0.000000,0.000000,0.000000
-0.965988,-0.587067,-2.228334,0.012023,2.082496,1.590448,0.000000,0.000000,0.000000,1.000000,0.000000
-1.399359,-0.592438,-2.334896,-0.431497,2.224713,1.816736,0.000000,0.000000,0.000000,1.000000,0.000000
0.466338,-0.632347,-0.886108,-1.496377,-1.144766,-1.586427,1.000000,0.000000,0.000000,0.000000,0.000000
-1.554994,0.777573,-0.146830,-1.283433,-0.346404,0.214080,0.000000,1.000000,0.000000,0.000000,0.000000
-0.592811,2.008764,0.607274,-0.034771,-2.170056,-1.354290,0.000000,0.000000,1.000000,0.000000,0.000000
-1.976165,-0.172676,-0.066003,-2.759162,0.161099,0.634074,0.000000,0.000000,0.000000,1.000000,0.000000
-1.332032,-0.012130,0.688487,-2.387244,-0.538530,0.007328,0.000000,0.000000,1.000000,0.000000,0.000000
-0.976363,1.401960,-1.714245,-1.026404,-1.784890,-1.586578,0.000000,1.000000,0.000000,0.000000,0.000000
3.342784,-2.198285,-1.692496,2.181954,0.919536,-0.903664,0.000000,1.000000,0.000000,0.000000,0.000000
2.711323,-1.043289,2.690826,-0.261539,-2.216500,-2.423562,1.000000,0.000000,0.000000,0.000000,0.000000
-0.598640,-3.174430,-0.360368,-2.304063,3.163382,2.445822,0.000000,0.000000,0.000000,1.000000,0.000000
3.234104,-0.852955,0.518708,1.090512,-1.907158,-2.765213,0.000000,0.000000,1.000000,0.000000,0.000000
2.234685,-0.196899,1.127090,0.471921,-2.146082,-2.435078,0.000000,0.000000,1.000000,0.000000,0.000000
0.628838,3.909362,0.979999,2.172697,-4.386171,-3.322948,0.000000,0.000000,0.000000,0.000000,1.000000
0.704767,-1.168718,2.519067,1.439131,2.210662,2.320838,0.000000,0.000000,0.000000,1.000000,0.000000
0.487444,-0.099103,-0.781833,0.110176,-0.397104,-0.730252,0.000000,1.000000,0.000000,0.000000,0.000000
2.384027,-0.677003,2.738589,2.590978,0.426238,0.306051,0.000000,0.000000,0.000000,1.000000,0.000000
-4.692153,3.413421,-0.013963,0.009249,1.152244,3.102557,0.000000,0.000000,0.000000,0.000000,1.000000
1.192716,0.635896,-2.156401,1.935509,-0.646619,-1.345553,0.000000,0.000000,1.000000,0.000000,0.000000
1.157121,1.349749,0.739833,1.712918,-1.802302,-1.578403,0.000000,0.000000,0.000000,0.000000,1.000000
0.444431,1.675087,1.599472,0.528262,-2.474819,-1.752321,0.000000,0.000000,0.000000,0.000000,1.000000
0.237954,0.881150,0.770776,0.407245,-1.183822,-0.826534,0.000000,0.000000,0.000000,0.000000,1.000000
-0.720131,0.841362,0.112446,1.314819,0.983075,1.350947,0.000000,0.000000,0.000000,0.000000,1.000000
-0.793139,0.335525,-0.724444,0.748525,1.252874,1.314603,1.000000,0.000000,0.000000,0.000000,0.000000
-2.153507,0.117088,-0.436753,-2.329411,0.378559,0.861543,0.000000,0.000000,0.000000,1.000000,0.000000
-2.177165,0.748435,-4.052349,-3.611320,-1.804489,-2.003759,0.000000,1.000000,0.000000,0.000000,0.000000
0.205501,0.304985,-0.086342,0.069948,-0.644315,-0.633512,0.000000,0.000000,1.000000,0.000000,0.000000
-3.044857,1.854927,-1.085020,0.224637,1.463124,2.359229,1.000000,0.000000,0.000000,0.000000,0.000000
0.081299,0.073611,0.799662,1.760927,1.497616,1.638542,0.000000,0.000000,0.000000,0.000000,1.000000
2.954041,-3.851338,0.772013,0.433639,2.183737,0.680584,0.000000,0.000000,0.000000,1.000000,0.000000
-1.619148,1.332620,0.555120,-0.596636,-0.395516,0.477358,0.000000,1.000000,0.000000,0.000000,0.000000
-0.957993,2.249702,1.537979,-0.465133,-2.443920,-1.237289,0.000000,0.000000,0.000000,0.000000,1.000000
0.900366,0.765521,-1.447062,1.684781,-0.684206,-1.098952,0.000000,0.000000,1.000000,0.000000,0.000000
-1.429129,0.926090,0.503012,1.227426,1.704447,2.353472,0.000000,0.000000,0.000000,0.000000,1.000000
1.602519,-0.945596,-1.175577,0.942908,0.178021,-0.754334,0.000000,1.000000,0.000000,0.000000,0.000000
-0.890067,1.700383,2.359540,1.201598,-0.114465,1.079991,0.000000,1.000000,0.000000,0.000000,0.000000
-2.993417,2.306083,-2.357292,2.335540,2.753034,3.370728,1.000000,0.000000,0.000000,0.000000,0.000000
-0.317878,-0.507194,-0.711854,-1.822544,-0.618042,-0.796716,1.000000,0.000000,0.000000,0.000000,0.000000
-2.067451,2.043691,-3.056296,-2.658735,-2.893783,-2.559840,0.000000,1.000000,0.000000,0.000000,0.000000
-1.221893,0.522556,-0.916290,0.438336,1.236625,1.406642,1.000000,0.000000,0.000000,0.000000,0.000000
3.656867,-2.532031,1.763960,-0.089049,-1.133251,-2.181574,1.000000,0.000000,0.000000,0.000000,0.000000
0.183817,-0.085283,-0.361285,0.355789,0.221476,0.056204,1.000000,0.000000,0.000000,0.000000,0.000000
-2.171468,2.148097,-0.792496,0.519661,0.190764,1.031354,1.000000,0.000000,0.000000,0.000000,0.000000
-2.522726,1.699957,-0.412470,-2.230729,-1.344993,-0.358072,0.000000,0.000000,1.000000,0.000000,0.000000
-0.485136,3.294485,1.768226,0.586173,-3.559569,-2.160667,0.000000,0.000000,0.000000,0.000000,1.000000
1.919640,-0.766856,-0.720005,0.344277,-1.062994,-1.886154,0.000000,0.000000,1.000000,0.000000,0.000000
4.708642,-2.812194,-1.347271,2.828564,0.663980,-1.563565,0.000000,1.000000,0.000000,0.000000,0.000000
1.948804,-0.478535,0.554234,0.160907,-1.674660,-2.105811,0.000000,0.000000,1.000000,0.000000,0.000000
0.066625,2.143154,1.042175,0.835955,-2.376452,-1.594095,0.000000,0.000000,0.000000,0.000000,1.000000
-0.278450,0.638876,1.105422,1.327591,0.732068,1.193396,0.000000,0.000000,0.000000,0.000000,1.000000
0.886914,-0.670655,0.876858,1.782788,1.553444,1.335471,0.000000,0.000000,0.000000,0.000000,1.000000
3.081938,-1.588303,0.766956,-0.052381,-1.738084,-2.656693,0.000000,0.000000,1.000000,0.000000,0.000000
-2.270472,1.580594,1.965710,-2.516723,-1.734640,-0.236117,0.000000,0.000000,1.000000,0.000000,0.000000
1.272132,2.424923,2.338143,1.892029,-3.313766,-2.440763,0.000000,0.000000,0.000000,0.000000,1.000000
-0.127279,-0.374407,-1.686616,0.255368,0.926634,0.429124,0.000000,0.000000,0.000000,1.000000,0.000000
-1.932824,1.842685,2.862731,-2.254214,-2.286196,-0.580226,0.000000,0.000000,1.000000,0.000000,0.000000
0.932479,-1.828082,-0.298031,-1.524195,-0.030860,-0.746244,1.000000,0.000000,0.000000,0.000000,0.000000
1.368219,-0.056773,0.513459,1.596633,-0.149687,-0.397226,0.000000,0.000000,0.000000,0.000000,1.000000
-1.561291,1.405500,-3.166763,-2.581665,-2.552627,-2.530832,0.000000,1.000000,0.000000,0.000000,0.000000
-2.986317,2.150824,0.458018,0.611474,1.356221,2.687434,0.000000,0.000000,0.000000,0.000000,1.000000
1.183943,-0.022131,-0.124480,-0.001724,-1.511243,-1.813300,0.000000,0.000000,1.000000,0.000000,0.000000
-0.937414,2.124714,2.121016,-0.505158,-2.317752,-1.002756,0.000000,0.000000,1.000000,0.000000,0.000000
-1.966636,1.494554,0.992275,-1.685656,-1.220655,-0.082269,0.000000,0.000000,0.000000,0.000000,1.000000
-0.304609,1.361973,0.201311,-0.911279,-2.456772,-1.948087,0.000000,0.000000,1.000000,0.000000,0.000000
0.489567,-0.471439,-1.439891,0.434761,0.442479,-0.163704,0.000000,1.000000,0.000000,0.000000,0.000000
0.401242,1.160067,-3.369004,3.158821,0.779200,0.054513,0.000000,0.000000,1.000000,0.000000,0.000000
0.997928,-0.817590,-0.095207,1.079271,0.928106,0.428655,0.000000,0.000000,0.000000,0.000000,1.000000
0.445529,0.913084,-1.981931,1.171686,-0.810556,-1.199955,0.000000,0.000000,1.000000,0.000000,0.000000
-2.098425,0.639305,-0.419953,-0.898645,0.927193,1.492318,1.000000,0.000000,0.000000,0.000000,0.000000
1.423280,-2.600812,-0.810651,0.843818,2.726119,1.490234,0.000000,0.000000,0.000000,1.000000,0.000000
0.123859,0.000435,-0.968283,1.470044,1.238152,0.921175,1.000000,0.000000,0.000000,0.000000,0.000000
0.595049,-0.322865,0.929016,1.877149,1.519614,1.468797,0.000000,0.000000,0.000000,0.000000,1.000000
-0.367995,-2.790502,-0.597419,-1.743761,2.841580,2.096297,0.000000,0.000000,0.000000,1.000000,0.000000
-0.890684,2.417582,-1.415140,-0.321795,-2.687556,-2.189245,0.000000,1.000000,0.000000,0.000000,0.000000
0.575517,1.645564,1.509843,0.949267,-2.198298,-1.549275,0.000000,0.000000,0.000000,0.000000,1.000000
-0.344652,1.571030,-0.868566,0.492639,-1.373955,-1.113364,0.000000,0.000000,1.000000,0.000000,0.000000
0.314847,0.287428,-0.324276,-0.234897,-1.058778,-1.125999,0.000000,1.000000,0.000000,0.000000,0.000000
4.802344,-2.793043,-1.624928,2.895444,0.574014,-1.740604,0.000000,1.000000,0.000000,0.000000,0.000000
0.575939,1.840545,0.951144,0.970282,-2.471343,-1.910215,0.000000,0.000000,1.000000,0.000000,0.000000
-4.052415,3.136215,-0.381417,0.397856,1.091130,2.720616,0.000000,0.000000,0.000000,0.000000,1.000000
-1.646795,0.760760,-0.953379,0.913944,1.900778,2.203933,1.000000,0.000000,0.000000,0.000000,0.000000
-1.516733,2.020677,-1.357456,1.787230,0.736073,1.213736,1.000000,0.000000,0.000000,0.000000,0.000000
-1.158724,-0.886984,-2.032391,-2.009616,0.824296,0.412236,1.000000,0.000000,0.000000,0.000000,0.000000
0.888514,0.153112,0.606079,-0.537915,-1.885765,-1.876096,0.000000,0.000000,1.000000,0.000000,0.000000
4.068892,-2.857727,-2.055105,2.768755,1.492356,-0.777487,0.000000,1.000000,0.000000,0.000000,0.000000
-0.220941,0.614491,0.265169,-0.232373,-0.824624,-0.539100,0.000000,0.000000,1.000000,0.000000,0.000000
2.865646,4.414694,2.517536,4.350958,-5.904001,-4.899683,0.000000,0.000000,0.000000,0.000000,1.000000
4.453815,-0.372948,1.143113,4.415317,-0.976461,-1.936992,0.000000,0.000000,0.000000,0.000000,1.000000
-1.200667,1.108201,-0.213185,-0.576584,-0.607517,-0.079098,1.000000,0.000000,0.000000,0.000000,0.000000
1.973628,-0.456743,0.464873,2.021739,0.052761,-0.462452,0.000000,0.000000,0.000000,0.000000,1.000000
0.498415,2.539006,2.331038,1.070233,-3.265241,-2.162999,0.000000,0.000000,0.000000,0.000000,1.000000
0.833629,-1.115993,-0.587017,-0.981990,-0.419174,-1.013958,1.000000,0.000000,0.000000,0.000000,0.000000
1.832097,-1.461068,0.225996,-1.038460,-1.256895,-1.963067,1.000000,0.000000,0.000000,0.000000,0.000000
-0.149833,2.183434,1.562945,0.193740,-2.763359,-1.771177,0.000000,0.000000,0.000000,0.000000,1.000000
-0.577701,-0.612391,0.211114,-0.865004,0.810949,0.859796,0.000000,0.000000,0.000000,0.000000,1.000000
2.278483,-1.141775,-1.083373,1.205005,-0.161950,-1.283544,0.000000,1.000000,0.000000,0.000000,0.000000
-1.924545,-0.530543,-0.796798,-2.220173,1.120633,1.288098,0.000000,0.000000,0.000000,1.000000,0.000000
2.525990,-1.475085,0.769010,2.106342,0.900349,0.064771,0.000000,0.000000,0.000000,0.000000,1.000000
-2.857968,0.068405,-3.329986,-2.894591,0.771475,0.700377,1.000000,0.000000,0.000000,0.000000,0.000000
2.131913,1.382098,1.021628,2.798724,-2.065951,-2.018292,0.000000,0.000000,0.000000,0.000000,1.000000
-2.072734,1.686788,-1.152155,1.089799,1.275624,1.863859,0.000000,0.000000,0.000000,0.000000,1.000000
1.035094,0.107215,-2.355020,0.265613,-1.286023,-2.082962,1.000000,0.000000,0.000000,0.000000,0.000000
4.057178,-2.001895,-0.159684,1.937911,-0.503720,-2.046613,0.000000,1.000000,0.000000,0.000000,0.000000
-0.715696,1.124889,1.804438,-1.319251,-1.943554,-0.993967,0.000000,0.000000,1.000000,0.000000,0.000000
1.495936,-0.850103,-0.279890,-0.026263,-0.740590,-1.369208,1.000000,0.000000,0.000000,0.000000,0.000000
0.937291,0.283469,0.606079,1.541670,-0.134898,-0.171083,0.000000,0.000000,0.000000,0.000000,1.000000
-0.821042,2.258019,0.370079,0.130769,-2.079868,-1.211436,0.000000,0.000000,0.000000,0.000000,1.000000
0.597233,-0.585204,-1.111693,-0.836944,-0.751953,-1.288472,1.000000,0.000000,0.000000,0.000000,0.000000
0.787498,2.844915,1.667036,1.847144,-3.348290,-2.420671,0.000000,0.000000,0.000000,0.000000,1.000000
0.930276,-0.159963,0.856301,1.773850,0.746295,0.648805,0.000000,0.000000,0.000000,0.000000,1.000000
4.030602,-1.938334,-1.263318,2.196492,-0.331168,-2.133801,0.000000,1.000000,0.000000,0.000000,0.000000
-0.581815,1.175625,-0.567950,0.853277,-0.138611,0.133177,0.000000,0.000000,1.000000,0.000000,0.000000
-1.133173,-2.023841,-2.136932,-2.214223,2.243479,1.506039,1.000000,0.000000,0.000000,0.000000,0.000000
-0.639479,1.591476,-1.202655,1.831084,0.263611,0.468130,0.000000,0.000000,1.000000,0.000000,0.000000
0.256075,-0.978697,-1.343944,-1.006647,0.095788,-0.520257,1.000000,0.000000,0.000000,0.000000,0.000000
-2.780294,2.881471,-1.891101,2.002446,1.327135,2.175968,1.000000,0.000000,0.000000,0.000000,0.000000
0.823637,-2.635772,-1.320510,0.013999,2.748467,1.538907,0.000000,0.000000,0.000000,1.000000,0.000000
0.355784,0.223037,0.066843,1.449513,0.611089,0.558531,0.000000,0.000000,0.000000,0.000000,1.000000
1.654531,1.974733,0.856729,2.499302,-2.597288,-2.316889,0.000000,0.000000,0.000000,0.000000,1.000000
-1.825414,2.729462,1.880788,-1.218648,-2.732944,-1.094848,0.000000,0.000000,0.000000,0.000000,1.000000
0.788285,2.085075,2.760939,1.172597,-2.876878,-1.856342,0.000000,0.000000,0.000000,0.000000,1.000000
-3.012179,1.796150,-0.955871,0.099129,1.387282,2.296761,1.000000,0.000000,0.000000,0.000000,0.000000
1.217899,1.076368,-1.972744,3.483094,0.175036,-0.419157,1.000000,0.000000,0.000000,0.000000,0.000000
0.572654,0.007220,-0.785140,1.135049,0.325043,-0.034111,1.000000,0.000000,0.000000,0.000000,0.000000
3.798121,-0.198554,0.537483,4.068824,-0.721276,-1.627464,0.000000,0.000000,0.000000,0.000000,1.000000
-1.337298,2.045426,-1.032533,-0.378590,-1.614403,-1.017527,0.000000,0.000000,1.000000,0.000000,0.000000
-0.027133,2.437772,0.219799,1.202680,-2.343163,-1.678217,0.000000,0.000000,1.000000,0.000000,0.000000
4.701875,-2.850260,-1.641717,2.902200,0.793998,-1.517618,0.000000,1.000000,0.000000,0.000000,0.000000
2.341108,-1.592586,-1.445239,1.500469,0.689935,-0.664528,0.000000,1.000000,0.000000,0.000000,0.000000
-0.796931,1.767024,2.877359,-1.104531,-2.545465,-1.148829,0.000000,0.000000,1.000000,0.000000,0.000000
0.870193,0.012494,-0.433986,0.278490,-0.888831,-1.197564,0.000000,0.000000,1.000000,0.000000,0.000000
1.677436,-0.309243,1.634826,1.757124,-0.011320,-0.121992,0.000000,0.000000,0.000000,1.000000,0.000000
-0.567896,0.289298,-1.775702,-1.690627,-1.340896,-1.521371,1.000000,0.000000,0.000000,0.000000,0.000000
1.241910,-0.257034,0.916366,1.193085,-0.076490,-0.235211,0.000000,0.000000,0.000000,0.000000,1.000000
4.545970,-1.542440,1.600854,1.408712,-2.286575,-3.363026,1.000000,0.000000,0.000000,0.000000,0.000000
1.417800,1.129046,0.050912,1.918623,-1.634265,-1.704962,0.000000,0.000000,1.000000,0.000000,0.000000
-1.034272,1.121174,1.684825,0.788416,0.504781,1.424793,0.000000,0.000000,0.000000,0.000000,1.000000
2.300558,0.950362,1.141028,2.698739,-1.752443,-1.823752,0.000000,0.000000,0.000000,0.000000,1.000000
-1.345704,0.134808,1.448117,-1.749140,-0.106428,0.648557,0.000000,0.000000,0.000000,0.000000,1.000000
-0.812710,-1.106277,-1.806256,-2.359739,0.359389,-0.120402,1.000000,0.000000,0.000000,0.000000,0.000000
1.358264,-0.269843,0.899074,0.744399,-0.641787,-0.819296,0.000000,1.000000,0.000000,0.000000,0.000000
0.685592,-0.010419,-0.605654,0.078986,-0.810639,-1.119997,0.000000,1.000000,0.000000,0.000000,0.000000
2.283353,-1.586193,-1.439277,1.478190,0.734392,-0.603213,0.000000,1.000000,0.000000,0.000000,0.000000
0.476098,1.024585,0.282805,1.134327,-1.009639,-0.813162,0.000000,0.000000,0.000000,0.000000,1.000000
-0.764619,-2.022219,-1.179391,-1.072849,2.877878,2.257796,0.000000,0.000000,0.000000,1.000000,0.000000
-0.772985,-0.827717,0.033178,-0.308665,1.910655,1.883634,1.000000,0.000000,0.000000,0.000000,0.000000
-2.254201,2.467125,-1.504077,0.701687,-0.001806,0.759011,0.000000,0.000000,1.000000,0.000000,0.000000
-0.292843,-0.315867,-1.153032,-0.367923,0.465473,0.173755,0.000000,0.000000,0.000000,1.000000,0.000000
-3.194631,3.351347,1.493900,-0.315451,-0.992103,0.991155,0.000000,0.000000,0.000000,0.000000,1.000000
-0.678943,0.783751,-1.113825,1.348971,1.025190,1.063155,1.000000,0.000000,0.000000,0.000000,0.000000
-1.049815,-2.281607,-1.208379,-1.745724,2.976721,2.367249,0.000000,0.000000,0.000000,1.000000,0.000000
1.918239,0.424823,-0.528921,1.024715,-2.133280,-2.616380,0.000000,0.000000,1.000000,0.000000,0.000000
3.165104,-1.095863,1.595368,1.708800,-0.850526,-1.510780,0.000000,0.000000,0.000000,0.000000,1.000000
-3.401282,2.519425,-1.441969,0.997294,1.699767,2.737071,1.000000,0.000000,0.000000,0.000000,0.000000
-0.614781,1.696704,1.943949,0.491718,-1.158150,-0.105818,0.000000,0.000000,0.000000,0.000000,1.000000
-3.200066,0.818819,-4.607745,-2.093862,0.876036,0.736198,1.000000,0.000000,0.000000,0.000000,0.000000
1.058294,-1.391680,-2.781184,1.880347,2.409513,1.051501,0.000000,0.000000,0.000000,1.000000,0.000000
-0.614207,1.790721,1.390097,1.046382,-0.770495,0.150616,0.000000,1.000000,0.000000,0.000000,0.000000
3.255611,-0.124898,-0.562541,1.886845,-2.243841,-3.209135,0.000000,0.000000,1.000000,0.000000,0.000000
0.353378,-0.000899,0.687050,0.178301,-0.274722,-0.189621,0.000000,0.000000,0.000000,0.000000,1.000000
0.647156,-1.302621,-0.546050,-0.979476,0.097521,-0.494720,1.000000,0.000000,0.000000,0.000000,0.000000
1.550836,-0.868917,-0.152018,-0.629553,-1.363735,-1.957772,1.000000,0.000000,0.000000,0.000000,0.000000
2.116289,-2.411033,0.355944,1.418520,2.122877,1.052149,0.000000,0.000000,0.000000,1.000000,0.000000
3.743888,-2.412033,-2.242152,2.547958,1.051681,-1.066541,0.000000,1.000000,0.000000,0.000000,0.000000
-0.447354,-0.546168,-0.046362,-0.224905,1.157588,1.109474,1.000000,0.000000,0.000000,0.000000,0.000000
3.259999,-1.126132,1.795502,1.588173,-1.042770,-1.678607,0.000000,0.000000,0.000000,1.000000,0.000000
-0.008259,0.898618,1.331834,0.938801,-0.367306,0.171282,0.000000,0.000000,0.000000,0.000000,1.000000
1.152641,-1.900113,-1.864186,1.015782,2.207986,0.950820,0.000000,0.000000,0.000000,1.000000,0.000000
-1.491960,1.160063,-2.824037,-2.131781,-1.846978,-1.835567,0.000000,1.000000,0.000000,0.000000,0.000000
-0.203900,1.094525,-1.026057,1.230277,-0.156832,-0.117450,0.000000,0.000000,0.000000,0.000000,1.000000
-1.267398,0.734764,0.909720,-2.048601,-1.377422,-0.605001,0.000000,0.000000,1.000000,0.000000,0.000000
0.067686,0.160405,-1.017071,-0.081213,-0.416604,-0.639053,0.000000,1.000000,0.000000,0.000000,0.000000
-1.288151,0.196476,-0.360789,-1.426578,0.009090,0.307826,0.000000,0.000000,0.000000,1.000000,0.000000
-1.608813,2.459557,1.989003,-0.937139,-2.349492,-0.813834,0.000000,0.000000,1.000000,0.000000,0.000000
-0.490208,2.171000,-0.723983,1.413985,-1.165988,-0.709024,0.000000,0.000000,1.000000,0.000000,0.000000
2.437913,-1.334470,-0.827969,1.290541,-0.002609,-1.150353,0.000000,1.000000,0.000000,0.000000,0.000000
1.595190,-1.518553,-2.073144,1.393852,1.438964,0.119004,0.000000,1.000000,0.000000,0.000000,0.000000
-2.091123,2.108020,-1.785938,2.169001,1.716667,2.227099,0.000000,0.000000,0.000000,0.000000,1.000000
-3.192061,2.266410,-1.434220,1.508515,2.287893,3.196282,1.000000,0.000000,0.000000,0.000000,0.000000
5.164015,-3.163535,-1.964790,3.273923,1.000713,-1.589880,0.000000,1.000000,0.000000,0.000000,0.000000
1.182561,-1.319994,0.506843,1.856365,2.176755,1.626580,0.000000,0.000000,0.000000,1.000000,0.000000
2.153472,0.186467,-2.198693,2.606611,-0.597303,-1.663280,0.000000,0.000000,1.000000,0.000000,0.000000
-1.111804,-1.051601,1.084552,-1.213831,1.822274,2.103114,0.000000,0.000000,0.000000,1.000000,0.000000
2.689308,-0.420849,1.224483,1.523701,-1.396947,-1.857970,0.000000,0.000000,0.000000,0.000000,1.000000
2.749262,-0.536209,-0.753702,1.916499,-0.962626,-1.971585,0.000000,0.000000,1.000000,0.000000,0.000000
1.042295,-0.262857,-0.864602,-0.772486,-1.732616,-2.224512,1.000000,0.000000,0.000000,0.000000,0.000000
-3.320171,0.125290,-3.433585,-4.535727,-0.293076,-0.216490,0.000000,1.000000,0.000000,0.000000,0.000000
2.764478,-1.186449,0.057416,2.695942,0.726898,-0.282090,0.000000,0.000000,0.000000,0.000000,1.000000
0.402842,-0.881847,-0.025542,-0.318997,0.449275,0.130161,1.000000,0.000000,0.000000,0.000000,0.000000
0.042527,-0.475537,-0.403722,0.172219,0.794479,0.553303,0.000000,0.000000,0.000000,0.000000,1.000000
-0.405918,1.666176,-1.192236,-0.505012,-2.399229,-2.146788,0.000000,1.000000,0.000000,0.000000,0.000000
-0.755976,-0.878588,-1.562000,-2.297313,0.019195,-0.354590,1.000000,0.000000,0.000000,0.000000,0.000000
-0.350672,-1.311308,-0.572212,-1.034382,1.354371,0.978831,0.000000,0.000000,0.000000,1.000000,0.000000
-1.105448,-1.241760,-1.946938,-0.646335,2.585299,2.043232,0.000000,0.000000,0.000000,1.000000,0.000000
1.283998,-1.242811,-1.926757,1.148922,1.209625,0.076810,0.000000,1.000000,0.000000,0.000000,0.000000
0.482285,-0.489703,-1.253419,0.374306,0.423410,-0.137678,0.000000,1.000000,0.000000,0.000000,0.000000
-0.225297,0.782726,2.522601,0.246622,-0.563327,0.311860,0.000000,0.000000,0.000000,1.000000,0.000000
3.567154,-1.579593,-0.427845,0.957568,-1.429019,-2.784274,0.000000,0.000000,1.000000,0.000000,0.000000
4.918214,-2.672130,-1.540086,2.876141,0.230555,-2.056373,0.000000,1.000000,0.000000,0.000000,0.000000
-2.798413,1.762784,0.055967,1.065946,2.106534,3.178114,0.000000,0.000000,0.000000,0.000000,1.000000
0.576234,0.203777,1.797060,0.750742,-0.291358,0.054255,0.000000,0.000000,0.000000,1.000000,0.000000
-0.318571,0.794394,-0.124374,-0.450913,-1.176184,-0.910594,0.000000,1.000000,0.000000,0.000000,0.000000
-0.718766,0.584391,-2.147591,0.366652,0.402477,0.172905,0.000000,0.000000,0.000000,1.000000,0.000000
-0.446784,-1.531086,-0.708551,-1.278742,1.560830,1.123052,0.000000,0.000000,0.000000,1.000000,0.000000
-0.098044,-0.982087,0.305877,-0.537505,1.041354,0.897546,0.000000,0.000000,0.000000,1.000000,0.000000
-2.107230,1.549583,0.178355,1.065515,1.519071,2.409750,0.000000,0.000000,0.000000,0.000000,1.000000
-0.368024,-0.760471,0.394474,0.528416,2.099040,2.060755,0.000000,0.000000,0.000000,1.000000,0.000000
-0.053735,1.257829,-0.222070,0.192834,-1.575161,-1.292141,0.000000,0.000000,1.000000,0.000000,0.000000
0.680086,-1.480080,2.360083,1.362142,2.618134,2.614646,0.000000,0.000000,0.000000,1.000000,0.000000
-0.548625,-1.821377,-2.484600,0.497703,3.796212,2.804516,0.000000,0.000000,0.000000,1.000000,0.000000
-1.657008,0.025069,-3.144767,-3.178192,-0.997397,-1.293714,0.000000,1.000000,0.000000,0.000000,0.000000
1.279152,-2.461402,0.424440,0.057751,1.974744,1.140738,0.000000,0.000000,0.000000,1.000000,0.000000
-1.767898,1.862032,-1.851894,2.274175,1.753858,2.106935,1.000000,0.000000,0.000000,0.000000,0.000000
1.994771,0.292116,1.634350,1.884334,-1.174921,-1.202111,0.000000,1.000000,0.000000,0.000000,0.000000
0.808972,0.349285,-0.378810,1.426137,-0.191741,-0.422316,0.000000,0.000000,1.000000,0.000000,0.000000
0.447408,-1.655127,-0.349249,1.005052,2.784719,2.126689,0.000000,0.000000,0.000000,1.000000,0.000000
-1.727851,1.686583,-0.937137,-1.124810,-1.302638,-0.664515,0.000000,1.000000,0.000000,0.000000,0.000000
0.556989,-2.005509,-0.350250,-0.083388,2.102451,1.363298,0.000000,0.000000,0.000000,0.000000,1.000000
1.643827,-0.385392,3.056338,1.915917,0.320232,0.544420,0.000000,0.000000,0.000000,1.000000,0.000000
-0.648999,0.301313,-0.380788,0.013664,0.412964,0.543138,1.000000,0.000000,0.000000,0.000000,0.000000
0.657102,1.567957,1.070810,1.172807,-1.983773,-1.489959,0.000000,0.000000,0.000000,0.000000,1.000000
1.249112,-1.335057,0.131447,0.753366,1.042968,0.417538,0.000000,0.000000,0.000000,0.000000,1.000000
0.338783,-1.593484,-1.089553,-1.741119,0.177921,-0.531554,1.000000,0.000000,0.000000,0.000000,0.000000
-4.344830,2.801389,-2.124757,1.993616,3.465493,4.586150,1.000000,0.000000,0.000000,0.000000,0.000000
-1.216113,-1.343006,-0.135899,-2.036060,1.568178,1.519934,0.000000,0.000000,0.000000,1.000000,0.000000
0.020662,0.089008,-1.333888,-1.221745,-1.356035,-1.627385,1.000000,0.000000,0.000000,0.000000,0.000000
0.345863,0.288979,0.047296,0.003574,-0.865265,-0.854777,0.000000,1.000000,0.000000,0.000000,0.000000
2.166346,-0.259642,0.456403,3.347708,0.793258,0.240613,0.000000,0.000000,0.000000,1.000000,0.000000
-1.826210,2.639462,-0.228173,0.468294,-1.011806,0.023046,0.000000,0.000000,0.000000,0.000000,1.000000
-0.467030,0.323941,-0.226129,-0.540969,-0.388280,-0.236028,0.000000,1.000000,0.000000,0.000000,0.000000
0.165951,1.730453,-3.621099,3.561913,0.640741,0.043572,0.000000,0.000000,1.000000,0.000000,0.000000
1.735091,-1.952567,0.641104,-1.433882,-0.790731,-1.488887,1.000000,0.000000,0.000000,0.000000,0.000000
0.926905,2.691614,0.939323,1.833493,-3.332464,-2.656749,0.000000,1.000000,0.000000,0.000000,0.000000
0.896993,-2.739136,-0.708959,-2.456117,0.433728,-0.585428,0.000000,0.000000,0.000000,0.000000,1.000000
0.032822,1.250149,0.555782,0.513430,-1.354412,-0.910491,0.000000,0.000000,1.000000,0.000000,0.000000
3.881459,0.689801,1.192341,4.179728,-2.001995,-2.533213,0.000000,0.000000,0.000000,0.000000,1.000000
-2.599255,0.821662,0.420595,-3.188639,-0.878441,0.132138,0.000000,0.000000,1.000000,0.000000,0.000000
2.171649,-0.254882,2.113617,1.409545,-1.059679,-1.136346,0.000000,0.000000,0.000000,0.000000,1.000000
-1.046500,0.725363,-0.594246,-0.939514,-0.608084,-0.297881,0.000000,1.000000,0.000000,0.000000,0.000000
-0.175085,3.044169,3.075287,0.428973,-3.728338,-2.135507,0.000000,0.000000,0.000000,0.000000,1.000000
-0.000780,0.786973,0.187659,-0.314603,-1.442008,-1.176726,0.000000,0.000000,1.000000,0.000000,0.000000
-1.445531,1.046313,-1.636184,1.949897,2.210756,2.340283,1.000000,0.000000,0.000000,0.000000,0.000000
-0.652271,0.725619,-0.323040,0.208453,-0.010440,0.240468,1.000000,0.000000,0.000000,0.000000,0.000000
-0.842895,1.681388,-1.669239,-0.811093,-2.156116,-1.909866,0.000000,1.000000,0.000000,0.000000,0.000000
4.276924,-2.833299,0.910560,2.875807,1.340066,-0.237575,0.000000,0.000000,0.000000,0.000000,1.000000
-1.947601,2.493732,-0.979793,-0.009960,-1.115877,-0.262903,0.000000,0.000000,1.000000,0.000000,0.000000
-0.086127,-0.446732,-2.234637,-0.822832,-0.069997,-0.695873,1.000000,0.000000,0.000000,0.000000,0.000000
0.620326,-0.718562,-0.462339,2.152543,2.303119,1.787571,0.000000,0.000000,0.000000,0.000000,1.000000
0.106640,1.048525,1.672123,-0.548265,-2.161427,-1.474906,0.000000,0.000000,1.000000,0.000000,0.000000
-2.679198,2.411115,0.138444,-2.257128,-2.190540,-0.842953,0.000000,1.000000,0.000000,0.000000,0.000000
4.042453,-3.028254,0.766782,3.159147,2.198694,0.576938,0.000000,0.000000,0.000000,0.000000,1.000000
-3.105010,1.604097,-0.999241,0.425877,2.101042,2.958894,1.000000,0.000000,0.000000,0.000000,0.000000
-0.824018,-0.025168,1.198684,0.113674,1.238078,1.709791,0.000000,0.000000,0.000000,1.000000,0.000000
0.232878,0.092211,-0.239002,-0.196613,-0.630284,-0.710856,0.000000,1.000000,0.000000,0.000000,0.000000
-0.470984,0.581137,0.996037,-0.419011,-0.618380,-0.098032,0.000000,0.000000,0.000000,0.000000,1.000000
-0.078501,-1.019000,0.226023,-2.145583,-0.481160,-0.605273,0.000000,0.000000,1.000000,0.000000,0.000000
-0.502751,1.212932,-1.367185,1.779262,0.582925,0.617626,1.000000,0.000000,0.000000,0.000000,0.000000
0.734926,-0.954469,-2.124547,1.162245,1.514275,0.531231,0.000000,0.000000,0.000000,1.000000,0.000000
0.830347,-0.115515,-0.332877,-0.079883,-0.994639,-1.291234,0.000000,0.000000,1.000000,0.000000,0.000000
-2.551701,0.571090,-1.589817,-1.644669,0.876989,1.260262,0.000000,0.000000,0.000000,1.000000,0.000000
-2.295671,2.515962,-0.314993,0.090527,-0.587380,0.511109,0.000000,0.000000,1.000000,0.000000,0.000000
1.080494,-0.365045,1.956585,1.446569,0.552275,0.650860,0.000000,0.000000,0.000000,0.000000,1.000000
1.105674,-0.754678,-0.883279,0.592082,0.213773,-0.472507,0.000000,1.000000,0.000000,0.000000,0.000000
1.115660,-0.343227,-1.110671,-0.104147,-1.071543,-1.684491,0.000000,0.000000,1.000000,0.000000,0.000000
-0.413121,1.002525,-0.649910,-0.672985,-1.578473,-1.359674,0.000000,1.000000,0.000000,0.000000,0.000000
2.944655,-1.366768,-0.892304,1.496723,-0.417107,-1.709817,0.000000,1.000000,0.000000,0.000000,0.000000
-2.313571,0.131523,-2.267455,-3.513614,-0.606440,-0.498551,0.000000,1.000000,0.000000,0.000000,0.000000
-0.921447,0.676384,-0.879496,0.635269,0.812853,0.958752,1.000000,0.000000,0.000000,0.000000,0.000000
1.097506,0.721824,-2.319921,2.838267,0.219383,-0.506191,0.000000,0.000000,1.000000,0.000000,0.000000
2.288325,-1.773562,-1.297369,0.227475,-0.202537,-1.513846,1.000000,0.000000,0.000000,0.000000,0.000000
5.371036,-2.671034,-0.779039,2.841648,-0.380143,-2.578271,0.000000,1.000000,0.000000,0.000000,0.000000
-0.178496,-1.500725,0.715987,-0.431146,2.008784,1.844124,0.000000,0.000000,0.000000,1.000000,0.000000
-0.142788,-1.127900,-0.492005,-0.935116,0.914641,0.557581,0.000000,0.000000,0.000000,1.000000,0.000000
-2.137214,2.418246,2.143696,-1.379687,-2.026101,-0.329773,0.000000,0.000000,1.000000,0.000000,0.000000
-3.332286,3.503033,1.558991,-0.161129,-0.883629,1.181587,0.000000,0.000000,0.000000,0.000000,1.000000
-1.128083,-0.809950,-0.146847,-2.144582,0.574673,0.648519,0.000000,0.000000,0.000000,1.000000,0.000000
0.957660,-1.125060,-0.507863,-0.053566,0.328576,-0.307739,0.000000,0.000000,0.000000,1.000000,0.000000
-1.783259,0.785542,-0.944818,-1.774666,-0.548046,-0.115926,0.000000,1.000000,0.000000,0.000000,0.000000
0.008424,0.505295,2.515358,-1.359492,-2.011867,-1.210620,0.000000,0.000000,1.000000,0.000000,0.000000
-1.314282,1.348324,3.053209,-2.330370,-2.442599,-0.956152,0.000000,0.000000,1.000000,0.000000,0.000000
-1.811472,0.297984,-2.276465,-0.281942,1.612345,1.541642,0.000000,0.000000,0.000000,1.000000,0.000000
-0.655844,0.560908,0.717641,1.419285,1.417819,1.843837,0.000000,0.000000,0.000000,0.000000,1.000000
-0.818432,2.398654,-2.274787,3.407370,0.824308,0.963678,1.000000,0.000000,0.000000,0.000000,0.000000
3.217978,-0.844701,-0.337266,1.249433,-1.759656,-2.829631,0.000000,1.000000,0.000000,0.000000,0.000000
-1.694091,-2.113677,-2.419233,-3.244794,2.105638,1.434505,1.000000,0.000000,0.000000,0.000000,0.000000
-0.739421,0.841359,-0.931007,1.047871,0.733171,0.855334,1.000000,0.000000,0.000000,0.000000,0.000000
-0.420599,0.546998,0.112219,-0.852728,-1.067263,-0.772087,0.000000,0.000000,1.000000,0.000000,0.000000
0.016379,1.429911,0.187840,0.711234,-1.409834,-1.012613,0.000000,0.000000,0.000000,0.000000,1.000000
-1.843716,0.579889,-1.750486,-2.199311,-0.593586,-0.388044,0.000000,1.000000,0.000000,0.000000,0.000000
-1.451548,0.371385,0.287852,1.328109,2.632667,3.083324,0.000000,0.000000,0.000000,0.000000,1.000000
-1.430653,1.917952,-0.719849,0.573002,-0.385668,0.244280,1.000000,0.000000,0.000000,0.000000,0.000000
-1.654873,-0.005847,-1.530508,-1.226750,0.952443,0.982953,0.000000,0.000000,0.000000,1.000000,0.000000
3.989607,-1.151736,1.396757,1.590573,-1.958851,-2.864026,1.000000,0.000000,0.000000,0.000000,0.000000
-0.378110,0.552417,0.192571,1.230668,0.878302,1.115817,0.000000,0.000000,0.000000,0.000000,1.000000
1.696027,1.855131,1.004936,2.586794,-2.390698,-2.117358,0.000000,0.000000,0.000000,0.000000,1.000000
-1.266663,2.290989,1.483686,-0.741417,-2.369618,-1.087140,0.000000,0.000000,0.000000,0.000000,1.000000
1.362544,-1.529279,-0.119393,1.083807,1.491673,0.716201,0.000000,0.000000,0.000000,1.000000,0.000000
-0.360871,1.360491,0.856123,0.890062,-0.634727,-0.011427,0.000000,0.000000,0.000000,0.000000,1.000000
1.636382,-0.659543,1.927197,1.770981,0.569228,0.447244,0.000000,0.000000,0.000000,1.000000,0.000000
3.519650,-0.112710,1.001104,3.759046,-0.774401,-1.470093,0.000000,0.000000,0.000000,0.000000,1.000000
-2.981961,1.679194,-2.710549,-2.494111,-1.010596,-0.487722,0.000000,1.000000,0.000000,0.000000,0.000000
-2.402900,2.087907,0.727023,-1.424779,-1.268375,0.050126,0.000000,0.000000,1.000000,0.000000,0.000000
0.000924,0.868459,-0.437456,0.196141,-1.081153,-0.966877,1.000000,0.000000,0.000000,0.000000,0.000000
1.191259,-0.488406,-0.785374,0.495594,-0.375588,-0.983145,0.000000,1.000000,0.000000,0.000000,0.000000
-4.002676,2.363694,-0.078996,0.478745,2.231657,3.718121,0.000000,0.000000,0.000000,0.000000,1.000000
-0.872080,0.576762,-0.501106,1.385851,1.622988,1.800343,0.000000,0.000000,0.000000,0.000000,1.000000
0.801710,0.127951,0.352480,0.813992,-0.438122,-0.523684,0.000000,0.000000,0.000000,0.000000,1.000000
1.596236,-0.826489,2.108504,1.788493,0.883895,0.771184,0.000000,0.000000,0.000000,0.000000,1.000000
-0.381762,-1.800281,0.212750,0.767238,3.854270,3.491118,0.000000,0.000000,0.000000,1.000000,0.000000
-2.606453,4.238857,0.377576,0.322657,-2.450343,-0.662613,0.000000,0.000000,1.000000,0.000000,0.000000
-1.471042,1.288702,1.097934,-1.656172,-1.535911,-0.537792,0.000000,0.000000,1.000000,0.000000,0.000000
-1.262364,1.178994,0.062295,-0.674165,-0.719435,-0.086855,0.000000,1.000000,0.000000,0.000000,0.000000
-2.189515,1.344653,-1.226210,-1.329272,-0.407548,0.178749,0.000000,0.000000,0.000000,1.000000,0.000000
0.417137,-1.004673,0.813035,-1.410710,-0.428452,-0.538720,1.000000,0.000000,0.000000,0.000000,0.000000
-0.320875,-1.095326,-1.099647,-0.331616,1.670010,1.190555,0.000000,0.000000,0.000000,0.000000,1.000000
-2.139709,1.941426,1.817402,0.352622,0.333230,1.765299,0.000000,0.000000,0.000000,0.000000,1.000000
-2.076308,1.090595,0.061078,-2.497517,-1.289364,-0.437181,0.000000,0.000000,0.000000,1.000000,0.000000
0.057725,0.591075,-0.432012,-1.510589,-2.396419,-2.309910,1.000000,0.000000,0.000000,0.000000,0.000000
1.172719,0.530271,-0.676438,1.669413,-0.698330,-1.044566,0.000000,0.000000,1.000000,0.000000,0.000000
-0.899582,1.309775,1.311622,0.807741,0.067936,0.914358,0.000000,0.000000,0.000000,0.000000,1.000000
3.146079,-1.484632,0.911512,2.705538,0.687595,-0.274125,0.000000,0.000000,0.000000,0.000000,1.000000
2.642178,-1.352830,-0.902987,0.603721,-0.904587,-2.098671,0.000000,0.000000,1.000000,0.000000,0.000000
-0.254220,1.338259,-1.567633,2.111459,0.394339,0.345639,1.000000,0.000000,0.000000,0.000000,0.000000
2.502522,2.151011,0.573191,3.654709,-2.847689,-2.819673,0.000000,0.000000,0.000000,0.000000,1.000000
-0.613509,1.189065,2.496254,1.055839,0.130500,1.166585,0.000000,1.000000,0.000000,0.000000,0.000000
2.168765,-0.476817,-0.488359,0.771311,-1.392859,-2.151948,0.000000,1.000000,0.000000,0.000000,0.000000
-0.780813,0.635050,1.523501,-1.667949,-1.488122,-0.711513,0.000000,0.000000,1.000000,0.000000,0.000000
2.091774,0.044695,3.003524,2.272040,-0.544779,-0.332287,0.000000,0.000000,0.000000,1.000000,0.000000
-1.512199,1.423668,1.763818,-0.500510,-0.553616,0.616092,0.000000,0.000000,1.000000,0.000000,0.000000
0.233394,-2.013708,-1.100438,-1.877319,0.793949,-0.001151,1.000000,0.000000,0.000000,0.000000,0.000000
1.568313,-2.158947,0.133874,1.386017,2.434200,1.498915,0.000000,0.000000,0.000000,1.000000,0.000000
1.878807,0.003270,2.175198,1.361355,-1.099220,-1.025113,0.000000,0.000000,0.000000,0.000000,1.000000
1.747385,1.223391,1.888330,2.147102,-1.948429,-1.619719,0.000000,0.000000,0.000000,0.000000,1.000000
-1.109819,0.466451,-0.435527,-1.413115,-0.603264,-0.292126,0.000000,0.000000,0.000000,1.000000,0.000000
-1.856528,2.134981,-2.123166,2.328529,1.520389,1.896357,1.000000,0.000000,0.000000,0.000000,0.000000
0.759773,1.084544,1.820478,1.057977,-1.512965,-0.980093,0.000000,0.000000,0.000000,0.000000,1.000000
-0.844314,0.398423,0.884623,-0.976543,-0.406572,0.140108,0.000000,0.000000,0.000000,0.000000,1.000000
5.827323,-3.552131,-2.014406,3.635831,1.050441,-1.815944,0.000000,1.000000,0.000000,0.000000,0.000000
2.718381,-0.380438,-0.549847,0.924380,-2.101145,-2.978315,0.000000,1.000000,0.000000,0.000000,0.000000
0.648879,-0.042765,-0.295086,1.862096,1.007380,0.715279,0.000000,0.000000,0.000000,0.000000,1.000000
-0.721032,-1.997115,0.034795,-2.205346,1.714298,1.430172,0.000000,0.000000,0.000000,1.000000,0.000000
-2.645338,1.984123,-0.688803,0.024352,0.569713,1.515427,1.000000,0.000000,0.000000,0.000000,0.000000
-0.021283,-0.896169,-1.306921,-1.642696,-0.275602,-0.777254,1.000000,0.000000,0.000000,0.000000,0.000000
-2.222217,2.153468,-1.164208,1.344143,1.036992,1.770628,1.000000,0.000000,0.000000,0.000000,0.000000
0.007067,-2.538044,-0.218467,-1.571391,2.159680,1.485357,0.000000,0.000000,0.000000,1.000000,0.000000
-1.677213,-0.749285,-1.072419,-1.685722,1.626965,1.594939,0.000000,0.000000,0.000000,1.000000,0.000000
2.633891,-1.176634,2.943386,1.530474,-0.191236,-0.413307,0.000000,0.000000,0.000000,0.000000,1.000000
-1.765652,-1.386729,-0.508600,-2.391639,1.997360,1.980110,0.000000,0.000000,0.000000,1.000000,0.000000
-1.441844,1.799815,-0.353714,-0.365078,-1.097099,-0.373718,0.000000,0.000000,1.000000,0.000000,0.000000
1.596019,-0.081577,0.101067,1.908075,-0.116854,-0.534738,0.000000,0.000000,0.000000,0.000000,1.000000
-2.163200,0.971522,-0.939543,0.106965,1.488899,1.993877,1.000000,0.000000,0.000000,0.000000,0.000000
4.509608,-2.629350,-1.548833,2.721693,0.550811,-1.630239,0.000000,1.000000,0.000000,0.000000,0.000000
-0.162004,-2.084030,-0.130835,-1.806905,1.494650,1.007850,0.000000,0.000000,0.000000,1.000000,0.000000
1.535028,0.057920,4.208011,2.348133,0.253859,0.890999,0.000000,0.000000,0.000000,1.000000,0.000000
0.188083,-0.211879,-0.825470,0.057390,0.104396,-0.200533,0.000000,1.000000,0.000000,0.000000,0.000000
1.580736,-1.954508,2.985500,1.334982,2.120548,1.945871,0.000000,0.000000,0.000000,1.000000,0.000000
1.543847,-0.365957,-1.474102,0.758574,-0.770325,-1.604228,0.000000,1.000000,0.000000,0.000000,0.000000
2.308127,-0.039757,0.136542,0.728362,-2.239656,-2.757938,1.000000,0.000000,0.000000,0.000000,0.000000
0.102963,-1.003654,-1.208279,-1.694733,-0.329499,-0.861200,1.000000,0.000000,0.000000,0.000000,0.000000
0.687796,-0.364895,0.015040,0.928748,0.530701,0.252818,0.000000,0.000000,0.000000,1.000000,0.000000
-0.334415,0.787127,-1.376613,1.755069,0.959047,0.841919,1.000000,0.000000,0.000000,0.000000,0.000000
-1.999998,1.717673,0.400784,0.815226,0.898112,1.872740,0.000000,0.000000,0.000000,0.000000,1.000000
-0.011030,0.632324,0.726703,1.049239,0.119187,0.434148,0.000000,0.000000,0.000000,0.000000,1.000000
0.873192,-0.158045,1.910760,0.860253,-0.044511,0.163451,0.000000,0.000000,0.000000,1.000000,0.000000
-0.158671,-0.332532,-2.060111,-0.977676,-0.287755,-0.818705,1.000000,0.000000,0.000000,0.000000,0.000000
0.671666,0.056192,-0.803980,1.160043,0.148914,-0.224996,1.000000,0.000000,0.000000,0.000000,0.000000
5.314666,-2.874217,-1.776242,3.171042,0.288651,-2.209004,0.000000,1.000000,0.000000,0.000000,0.000000
-3.618776,1.661434,0.079141,0.844220,3.107317,4.349133,0.000000,0.000000,0.000000,0.000000,1.000000
-0.188424,-0.936891,-2.284651,0.477302,2.026809,1.238497,0.000000,0.000000,0.000000,1.000000,0.000000
0.934128,-1.498805,0.048947,-1.089330,-0.086390,-0.643500,1.000000,0.000000,0.000000,0.000000,0.000000
-1.089646,1.344831,-1.383502,-1.456599,-1.963440,-1.658411,0.000000,1.000000,0.000000,0.000000,0.000000
-0.302471,0.039372,0.242209,-0.696413,-0.330706,-0.169161,0.000000,1.000000,0.000000,0.000000,0.000000
1.192583,-0.559390,0.251820,-0.750404,-1.457012,-1.784676,0.000000,0.000000,1.000000,0.000000,0.000000
1.331464,0.161196,0.890958,1.332527,-0.666523,-0.745712,0.000000,0.000000,0.000000,0.000000,1.000000
-1.050891,1.804303,-0.757322,1.229725,-0.082330,0.401243,0.000000,0.000000,1.000000,0.000000,0.000000
2.097664,-1.844402,-0.369425,-0.277645,-0.322553,-1.362727,1.000000,0.000000,0.000000,0.000000,0.000000
-0.721099,-0.603453,-1.444593,-1.334747,0.503618,0.191769,1.000000,0.000000,0.000000,0.000000,0.000000
-1.450470,1.017966,0.844383,0.910057,1.298786,2.072184,0.000000,0.000000,0.000000,0.000000,1.000000
-4.709495,3.729609,-0.316011,0.071554,0.770401,2.731154,0.000000,0.000000,0.000000,0.000000,1.000000
-0.504008,-0.810303,-3.237385,-0.487201,1.307792,0.419434,1.000000,0.000000,0.000000,0.000000,0.000000
-2.098422,1.450272,-2.031188,-1.751706,-1.100156,-0.692022,0.000000,1.000000,0.000000,0.000000,0.000000
1.724037,-1.278610,-0.999113,1.049699,0.609614,-0.397787,0.000000,1.000000,0.000000,0.000000,0.000000
0.401257,0.980746,-0.904655,2.145308,0.105174,-0.021567,0.000000,0.000000,1.000000,0.000000,0.000000
-0.298202,0.841400,0.879382,1.088899,0.229750,0.700915,0.000000,0.000000,0.000000,0.000000,1.000000
0.299108,-0.687598,1.619279,1.491342,2.074298,2.177558,0.000000,0.000000,0.000000,0.000000,1.000000
-1.056403,-0.404315,-1.697188,-1.679023,0.314381,0.079136,0.000000,0.000000,1.000000,0.000000,0.000000
-0.186562,-1.634634,-1.556690,-0.438155,2.168271,1.406277,0.000000,0.000000,0.000000,1.000000,0.000000
2.122437,0.231172,1.148031,1.074459,-2.041010,-2.206589,0.000000,0.000000,1.000000,0.000000,0.000000
0.519524,-1.612166,0.328445,-0.046769,1.626681,1.167109,0.000000,0.000000,0.000000,0.000000,1.000000
-0.008297,0.565639,0.812214,2.547914,1.657900,1.925839,0.000000,0.000000,0.000000,1.000000,0.000000
-1.625588,1.269951,-1.414309,1.358105,1.553662,1.857472,1.000000,0.000000,0.000000,0.000000,0.000000
1.141699,0.383455,1.459093,-0.223328,-2.231944,-2.016949,0.000000,0.000000,1.000000,0.000000,0.000000
-0.034070,-0.179907,0.229718,1.751157,1.996755,1.955412,0.000000,0.000000,0.000000,0.000000,1.000000
-0.122654,1.547527,0.350090,0.362706,-1.732911,-1.221543,0.000000,1.000000,0.000000,0.000000,0.000000
-2.113446,2.960898,-2.007004,2.294515,0.624019,1.305873,1.000000,0.000000,0.000000,0.000000,0.000000
0.300942,1.508260,-1.723774,2.226750,-0.466111,-0.636900,0.000000,0.000000,1.000000,0.000000,0.000000
-2.518833,0.337836,-1.183184,-1.995763,0.841720,1.268584,0.000000,0.000000,0.000000,1.000000,0.000000
1.688888,-1.414039,-1.475741,1.238066,1.025398,-0.134488,0.000000,1.000000,0.000000,0.000000,0.000000
-0.676098,1.177053,-3.220180,1.385859,0.449823,0.067190,0.000000,0.000000,0.000000,1.000000,0.000000
0.511957,0.921718,-0.131425,1.123895,-0.923968,-0.865168,0.000000,0.000000,0.000000,0.000000,1.000000
0.584547,0.598490,2.120066,-0.856465,-2.418513,-1.836641,0.000000,0.000000,1.000000,0.000000,0.000000
-1.788507,2.968042,-3.124697,2.250876,0.129984,0.464988,0.000000,0.000000,1.000000,0.000000,0.000000
0.642235,0.573659,-0.402344,1.290173,-0.432228,-0.567419,0.000000,0.000000,1.000000,0.000000,0.000000
1.673556,0.524933,-2.100365,2.789386,-0.287076,-1.137704,0.000000,0.000000,1.000000,0.000000,0.000000
-2.458792,1.825284,1.224495,-1.813100,-1.179881,0.218128,0.000000,0.000000,1.000000,0.000000,0.000000
0.389587,-0.311211,1.895293,0.015809,-0.007022,0.293181,0.000000,0.000000,0.000000,1.000000,0.000000
-1.714683,0.600100,0.368940,-2.339156,-0.889333,-0.176758,0.000000,0.000000,1.000000,0.000000,0.000000
-1.273249,1.186780,-0.606787,-0.097996,-0.172871,0.278948,1.000000,0.000000,0.000000,0.000000,0.000000
0.831077,0.360057,0.776658,-0.141092,-1.726428,-1.620086,0.000000,0.000000,1.000000,0.000000,0.000000
1.228464,-1.410820,-0.542448,-0.216921,0.233519,-0.542170,1.000000,0.000000,0.000000,0.000000,0.000000
0.295037,-2.841783,-0.859636,1.220843,4.905733,3.834300,0.000000,0.000000,0.000000,1.000000,0.000000
1.306758,0.628873,0.380596,1.717699,-0.951310,-1.040826,0.000000,0.000000,0.000000,0.000000,1.000000
0.220120,-0.983159,0.381849,0.911404,2.026465,1.781570,0.000000,0.000000,0.000000,1.000000,0.000000
3.171685,0.412640,1.081219,3.525960,-1.308205,-1.759364,0.000000,1.000000,0.000000,0.000000,0.000000
0.862032,0.992795,-1.311477,2.502508,-0.174302,-0.514010,0.000000,0.000000,1.000000,0.000000,0.000000
1.380365,0.176895,2.311662,-0.218347,-2.222932,-1.904634,0.000000,0.000000,1.000000,0.000000,0.000000
-0.031043,2.485410,-2.861435,2.509435,-1.200781,-1.330588,0.000000,0.000000,0.000000,1.000000,0.000000
-0.533096,0.487915,0.124045,-0.723701,-0.710634,-0.407231,0.000000,1.000000,0.000000,0.000000,0.000000
-3.829416,2.965936,0.204838,0.109185,0.780345,2.469946,0.000000,0.000000,0.000000,0.000000,1.000000
1.293515,-0.179335,2.024002,1.328931,-0.106683,0.013902,0.000000,0.000000,0.000000,0.000000,1.000000
0.482424,-0.574181,0.425584,0.440125,0.637984,0.468989,0.000000,0.000000,0.000000,0.000000,1.000000
-2.792242,2.454165,2.496211,-2.261385,-2.069963,-0.100424,0.000000,0.000000,1.000000,0.000000,0.000000
-0.335826,-1.100700,-1.572448,-0.219350,1.797363,1.198765,0.000000,0.000000,0.000000,1.000000,0.000000
-2.493374,1.656163,-1.850720,-1.947241,-1.070941,-0.468544,0.000000,1.000000,0.000000,0.000000,0.000000
-0.152232,2.597679,2.208884,0.530916,-3.026066,-1.774795,0.000000,0.000000,0.000000,0.000000,1.000000
0.105997,-0.586973,-2.038472,-0.828582,-0.118326,-0.775468,1.000000,0.000000,0.000000,0.000000,0.000000
0.230190,-3.216373,-0.060257,-1.648736,2.783007,1.921192,0.000000,0.000000,0.000000,1.000000,0.000000
-0.606300,2.220579,-1.940867,0.583748,-1.907706,-1.685891,0.000000,0.000000,1.000000,0.000000,0.000000
-1.063505,0.551654,-0.679791,0.043295,0.611809,0.825884,1.000000,0.000000,0.000000,0.000000,0.000000
-1.298218,0.904440,-1.387759,-0.714269,-0.337378,-0.127842,0.000000,0.000000,0.000000,1.000000,0.000000
-0.248193,-0.525532,-0.813997,1.529087,2.545475,2.209165,0.000000,0.000000,0.000000,1.000000,0.000000
4.509512,-2.262528,-0.434167,2.286140,-0.382527,-2.175441,0.000000,1.000000,0.000000,0.000000,0.000000
-0.797914,1.227532,-0.998949,1.103673,0.300910,0.519549,1.000000,0.000000,0.000000,0.000000,0.000000
-0.505239,1.267780,-1.322380,0.509386,-0.716250,-0.613006,0.000000,0.000000,1.000000,0.000000,0.000000
-0.266604,-0.191379,-0.972165,-0.435353,0.188644,-0.028913,0.000000,0.000000,0.000000,1.000000,0.000000
-2.480920,1.802438,-0.043020,0.803602,1.381613,2.376700,0.000000,0.000000,0.000000,0.000000,1.000000
0.437939,-0.262122,-2.467756,0.198965,-0.039140,-0.825619,1.000000,0.000000,0.000000,0.000000,0.000000
-2.038527,-1.682425,-1.036847,-2.334528,2.827733,2.660485,0.000000,0.000000,1.000000,0.000000,0.000000
1.452291,-0.369120,-0.670733,-0.155886,-1.514037,-2.098385,0.000000,1.000000,0.000000,0.000000,0.000000
2.569743,0.604836,0.633899,3.196782,-1.129395,-1.494846,0.000000,0.000000,0.000000,0.000000,1.000000
0.776919,0.352138,3.106123,0.962554,-0.541427,0.116207,0.000000,0.000000,0.000000,1.000000,0.000000
0.982616,-3.101461,-1.177344,-1.723854,1.546210,0.271416,1.000000,0.000000,0.000000,0.000000,0.000000
0.222909,2.546675,1.981760,0.891213,-3.096549,-2.011230,0.000000,0.000000,0.000000,0.000000,1.000000
-2.538921,1.002396,0.827185,-3.122065,-1.148346,-0.004837,0.000000,0.000000,1.000000,0.000000,0.000000
-1.501009,1.995761,-1.007165,0.803634,-0.189887,0.397406,1.000000,0.000000,0.000000,0.000000,0.000000
-1.235583,0.875995,0.243540,-1.446061,-1.054761,-0.437555,0.000000,0.000000,1.000000,0.000000,0.000000
-2.748686,1.352802,-2.031358,2.223044,3.716631,4.112098,1.000000,0.000000,0.000000,0.000000,0.000000
-0.592911,1.308635,1.254818,0.421593,-0.702221,0.073948,0.000000,1.000000,0.000000,0.000000,0.000000
1.057211,-2.350557,0.906429,1.132163,3.145750,2.474555,0.000000,0.000000,0.000000,1.000000,0.000000
-2.252151,1.588222,2.701522,-1.157013,-0.446939,1.186725,0.000000,0.000000,1.000000,0.000000,0.000000
-0.088601,1.616382,-0.728724,-0.154125,-2.393562,-2.122094,0.000000,1.000000,0.000000,0.000000,0.000000
0.154929,-1.447893,-1.551537,-0.158600,1.722383,0.925164,0.000000,0.000000,0.000000,1.000000,0.000000
-1.082224,2.325840,1.075504,0.296524,-1.667005,-0.552577,0.000000,0.000000,0.000000,0.000000,1.000000
-2.776730,2.829435,0.686877,-1.255950,-1.697364,-0.114636,0.000000,0.000000,1.000000,0.000000,0.000000
1.118130,0.800164,-2.669288,1.750840,-0.974904,-1.734808,0.000000,0.000000,1.000000,0.000000,0.000000
-0.457965,0.123164,-0.022917,-0.281446,0.145080,0.283993,0.000000,0.000000,0.000000,0.000000,1.000000
-1.474627,1.317815,0.541258,-1.460108,-1.394124,-0.532190,0.000000,0.000000,1.000000,0.000000,0.000000
-1.408818,0.215501,2.578856,-0.724898,0.864560,1.901449,0.000000,0.000000,0.000000,1.000000,0.000000
-1.821914,2.786298,1.883059,-1.009308,-2.618318,-0.972401,0.000000,0.000000,1.000000,0.000000,0.000000
1.486070,-0.668931,-0.847424,-0.312425,-1.276311,-1.986112,1.000000,0.000000,0.000000,0.000000,0.000000
-2.130471,1.911954,-1.589010,1.287009,1.206202,1.751916,1.000000,0.000000,0.000000,0.000000,0.000000
0.346135,0.982851,1.750691,0.448855,-1.415425,-0.813717,0.000000,0.000000,0.000000,0.000000,1.000000
-1.114407,2.250350,-0.147978,0.577486,-1.265665,-0.476967,0.000000,0.000000,1.000000,0.000000,0.000000
3.838559,-2.010252,1.055601,0.239120,-1.823321,-2.961165,1.000000,0.000000,0.000000,0.000000,0.000000
1.054521,-0.243576,-0.678642,0.320005,-0.720754,-1.200595,0.000000,1.000000,0.000000,0.000000,0.000000
-2.179512,0.834141,-0.475625,-1.275656,0.385441,1.019010,0.000000,1.000000,0.000000,0.000000,0.000000
-0.579400,-1.939396,-0.859930,-1.365692,2.240014,1.689356,0.000000,0.000000,0.000000,1.000000,0.000000
4.843165,-2.402075,-1.838233,2.812353,-0.130660,-2.401233,0.000000,1.000000,0.000000,0.000000,0.000000
0.429029,0.222921,1.797999,1.288537,0.390434,0.756393,0.000000,0.000000,0.000000,0.000000,1.000000
1.095140,-3.384883,-0.255141,-0.962651,2.560697,1.389209,0.000000,0.000000,0.000000,1.000000,0.000000
-0.924080,0.803245,0.663075,1.052641,1.060443,1.609341,0.000000,0.000000,0.000000,0.000000,1.000000
-0.832297,-1.410557,-3.174954,-1.373293,1.753921,0.825520,1.000000,0.000000,0.000000,0.000000,0.000000
1.477628,-0.351581,1.261495,2.384963,0.908556,0.717886,0.000000,0.000000,0.000000,1.000000,0.000000
-1.006367,1.641281,-0.676592,-0.463182,-1.533145,-1.026134,0.000000,1.000000,0.000000,0.000000,0.000000
0.351199,-0.313838,1.003427,1.457589,1.420636,1.459326,0.000000,0.000000,0.000000,0.000000,1.000000
1.198519,0.413366,0.581705,0.228170,-1.929231,-1.951856,0.000000,0.000000,1.000000,0.000000,0.000000
-1.263525,1.080130,0.870300,-0.499666,-0.392414,0.408979,0.000000,0.000000,1.000000,0.000000,0.000000
-1.608010,0.493975,-1.937970,-0.576696,0.784860,0.814196,0.000000,0.000000,0.000000,1.000000,0.000000
-0.208114,1.125913,-0.629436,0.104272,-1.275067,-1.090452,0.000000,0.000000,1.000000,0.000000,0.000000
0.366856,-1.688666,0.638239,1.302377,3.241493,2.827783,0.000000,0.000000,0.000000,1.000000,0.000000
-0.479398,0.904288,1.450506,-1.386306,-2.001048,-1.248336,0.000000,0.000000,1.000000,0.000000,0.000000
-0.767971,0.435026,-0.682097,0.253083,0.598991,0.708420,1.000000,0.000000,0.000000,0.000000,0.000000
-0.613386,1.404569,-0.387230,0.343407,-0.918277,-0.517031,1.000000,0.000000,0.000000,0.000000,0.000000
0.131174,-1.977880,-0.439344,-0.132968,2.566762,1.909903,0.000000,0.000000,0.000000,1.000000,0.000000
0.020830,0.686056,1.076578,-0.908533,-1.880608,-1.406442,0.000000,0.000000,1.000000,0.000000,0.000000
3.846677,-2.442997,-0.987857,2.256124,0.703203,-1.125248,0.000000,1.000000,0.000000,0.000000,0.000000
-0.520273,-3.235237,-1.554967,-1.018900,4.367660,3.277137,0.000000,0.000000,0.000000,1.000000,0.000000
-0.745615,0.971346,-1.831042,2.498244,1.934477,1.820653,1.000000,0.000000,0.000000,0.000000,0.000000
2.034438,1.236346,0.018647,2.846330,-1.698722,-1.918228,0.000000,0.000000,0.000000,0.000000,1.000000
-1.028261,-0.221599,-1.802299,-2.203655,-0.494885,-0.696716,0.000000,1.000000,0.000000,0.000000,0.000000
-1.090126,-0.292297,-1.558814,-0.849284,0.997324,0.805906,0.000000,0.000000,0.000000,1.000000,0.000000
1.149187,0.752696,-1.478102,2.327663,-0.370269,-0.873328,0.000000,0.000000,1.000000,0.000000,0.000000
0.586946,-0.612313,1.081225,1.585337,1.672026,1.594015,0.000000,0.000000,0.000000,1.000000,0.000000
2.685677,-1.949964,1.508147,-1.106908,-1.700838,-2.407122,0.000000,0.000000,1.000000,0.000000,0.000000
1.879023,-1.232472,-1.545136,1.228517,0.504029,-0.667378,0.000000,1.000000,0.000000,0.000000,0.000000
0.579798,-0.736746,-1.040439,0.442319,0.724603,0.126933,0.000000,1.000000,0.000000,0.000000,0.000000
-0.335763,-1.913132,-1.649666,-1.982769,1.277026,0.503313,1.000000,0.000000,0.000000,0.000000,0.000000
0.524700,-2.824695,-1.047930,-2.006350,1.469698,0.412249,1.000000,0.000000,0.000000,0.000000,0.000000
-1.297827,0.261162,-0.269204,-1.537627,-0.177717,0.166720,0.000000,1.000000,0.000000,0.000000,0.000000
-3.724516,0.674744,-3.391256,-2.634262,1.267386,1.526921,1.000000,0.000000,0.000000,0.000000,0.000000
-1.189135,0.505403,-0.828757,0.380963,1.165158,1.346933,1.000000,0.000000,0.000000,0.000000,0.000000
1.126530,-2.067404,-1.183326,-0.471119,1.063943,-0.013027,1.000000,0.000000,0.000000,0.000000,0.000000
-1.079661,0.372669,-0.194190,-0.840963,0.049114,0.369501,0.000000,0.000000,0.000000,0.000000,1.000000
-0.158459,-0.107983,1.495771,-1.725940,-1.274496,-0.838759,0.000000,0.000000,1.000000,0.000000,0.000000
-0.760708,1.791477,-1.762790,1.035283,-0.645542,-0.473428,0.000000,0.000000,1.000000,0.000000,0.000000
-0.345875,0.019720,-1.033324,-0.163998,0.245502,0.077288,0.000000,1.000000,0.000000,0.000000,0.000000
-1.438454,1.876801,1.349891,0.407036,-0.440362,0.699610,0.000000,0.000000,0.000000,0.000000,1.000000
-3.504078,3.102056,-0.129916,0.153070,0.196128,1.764255,0.000000,0.000000,0.000000,0.000000,1.000000
-0.235954,0.129996,-1.281005,2.224834,2.239758,1.934895,1.000000,0.000000,0.000000,0.000000,0.000000
1.187719,-0.788358,-0.254008,-1.322662,-1.678089,-2.171623,1.000000,0.000000,0.000000,0.000000,0.000000
-1.152028,0.331103,-3.385323,-2.498037,-1.447386,-1.858377,0.000000,1.000000,0.000000,0.000000,0.000000
0.095487,-0.655544,-2.267778,-0.283042,0.516651,-0.231367,1.000000,0.000000,0.000000,0.000000,0.000000
-2.750925,1.050829,-4.567845,-3.909018,-1.793225,-1.901940,0.000000,1.000000,0.000000,0.000000,0.000000
-0.026531,-0.814227,-0.806871,-0.043984,1.161058,0.752995,0.000000,0.000000,0.000000,0.000000,1.000000
2.175897,1.137530,0.100505,2.952829,-1.635136,-1.895712,0.000000,0.000000,0.000000,0.000000,1.000000
-1.564964,-0.322310,-0.928393,-2.692222,-0.106490,0.018520,1.000000,0.000000,0.000000,0.000000,0.000000
1.232317,-0.384334,0.555533,-0.332106,-1.354755,-1.583635,0.000000,0.000000,1.000000,0.000000,0.000000
0.060972,-1.370350,0.690741,-0.623276,1.322461,1.138737,0.000000,0.000000,0.000000,0.000000,1.000000
0.145707,0.333128,1.139357,1.406232,0.700951,0.992177,0.000000,0.000000,0.000000,0.000000,1.000000
2.786879,-1.553664,-0.269036,1.352204,-0.069075,-1.216339,0.000000,1.000000,0.000000,0.000000,0.000000
-0.450824,1.191140,0.652102,0.237632,-0.903847,-0.334016,0.000000,1.000000,0.000000,0.000000,0.000000
-2.521592,0.717576,0.866051,-3.148777,-0.782242,0.292624,0.000000,0.000000,1.000000,0.000000,0.000000
2.219589,-0.303509,1.762204,0.414085,-2.016489,-2.170749,0.000000,0.000000,1.000000,0.000000,0.000000
0.471193,1.536149,-3.041884,2.892026,-0.109510,-0.660379,0.000000,0.000000,1.000000,0.000000,0.000000
0.158833,1.918344,-3.081214,3.192495,0.030357,-0.369246,0.000000,0.000000,1.000000,0.000000,0.000000
-0.317470,0.461896,-0.520967,1.291938,0.977794,0.998675,1.000000,0.000000,0.000000,0.000000,0.000000
-0.974135,1.306792,-0.777986,0.426711,-0.233533,0.122977,1.000000,0.000000,0.000000,0.000000,0.000000
1.122762,0.704301,-1.030807,1.823974,-0.743277,-1.125405,0.000000,0.000000,1.000000,0.000000,0.000000
0.597984,2.495480,1.414472,1.491894,-2.940863,-2.113964,0.000000,0.000000,0.000000,0.000000,1.000000
0.113848,0.239197,-0.061212,-0.338521,-0.822694,-0.788875,0.000000,1.000000,0.000000,0.000000,0.000000
-0.782217,-2.244685,-0.042252,-2.159879,2.195961,1.839466,0.000000,0.000000,0.000000,1.000000,0.000000
-4.079206,3.774498,2.091633,-1.968262,-2.038704,0.458164,0.000000,0.000000,1.000000,0.000000,0.000000
-0.493043,-0.358091,-1.430939,-0.274271,0.872639,0.542544,0.000000,0.000000,0.000000,1.000000,0.000000
1.461807,0.038769,-1.532056,2.178030,0.115117,-0.655144,0.000000,0.000000,1.000000,0.000000,0.000000
1.763096,0.464695,3.156347,0.834888,-2.109499,-1.626433,0.000000,0.000000,0.000000,0.000000,1.000000
1.486400,0.643935,1.893972,1.451186,-1.437769,-1.179126,0.000000,1.000000,0.000000,0.000000,0.000000
0.853236,-1.481257,-1.104381,1.626796,2.590588,1.679425,0.000000,0.000000,0.000000,1.000000,0.000000
1.185444,-3.022363,-0.489202,0.317076,3.145695,1.949022,0.000000,0.000000,0.000000,1.000000,0.000000
-1.978013,-1.701180,0.078616,-3.028756,2.126428,2.240627,0.000000,0.000000,0.000000,1.000000,0.000000
1.025957,-0.032043,-0.963953,0.317445,-0.998201,-1.486435,0.000000,1.000000,0.000000,0.000000,0.000000
-2.174173,1.287772,-1.151637,-1.906190,-0.899456,-0.293881,0.000000,1.000000,0.000000,0.000000,0.000000
-1.046613,2.319735,-2.026787,-1.010518,-3.016662,-2.638072,0.000000,1.000000,0.000000,0.000000,0.000000
-0.144472,1.524702,0.212743,1.176999,-0.889169,-0.440194,0.000000,0.000000,1.000000,0.000000,0.000000
0.081265,0.607620,-0.274098,1.438314,0.392850,0.419258,0.000000,0.000000,0.000000,1.000000,0.000000
1.533335,-1.209537,2.463170,0.626491,0.408561,0.335468,0.000000,0.000000,0.000000,1.000000,0.000000
-2.517725,2.864373,0.515252,-1.215190,-2.048579,-0.558620,0.000000,0.000000,1.000000,0.000000,0.000000
-0.514113,2.097839,0.721512,0.043233,-2.324678,-1.477257,0.000000,0.000000,1.000000,0.000000,0.000000
-2.588792,2.080824,-0.765858,0.729804,1.034094,1.950040,0.000000,0.000000,0.000000,0.000000,1.000000
1.071137,-1.716260,-1.995103,0.990187,2.020027,0.798100,0.000000,0.000000,0.000000,1.000000,0.000000
0.645508,-0.997864,-0.619175,-1.250701,-0.605575,-1.125979,0.000000,0.000000,1.000000,0.000000,0.000000
-0.397924,0.425235,-0.820061,1.057163,0.904366,0.867200,1.000000,0.000000,0.000000,0.000000,0.000000
-1.262363,2.206283,-1.293967,0.527385,-1.077067,-0.549567,0.000000,0.000000,1.000000,0.000000,0.000000
-0.871473,-0.774493,-0.627214,-1.220419,1.071697,0.947361,0.000000,0.000000,0.000000,1.000000,0.000000
-4.049049,1.369899,1.457381,-4.099782,-0.649650,1.118505,0.000000,0.000000,1.000000,0.000000,0.000000
2.535426,-0.721517,-0.941691,1.524954,-0.795839,-1.839442,0.000000,0.000000,1.000000,0.000000,0.000000
0.268308,0.346319,0.291266,-0.538478,-1.365797,-1.244140,0.000000,0.000000,1.000000,0.000000,0.000000
0.776911,-1.568438,-2.177654,0.090626,1.318098,0.185909,1.000000,0.000000,0.000000,0.000000,0.000000
-2.064731,1.958934,0.041932,0.851770,0.660940,1.623586,0.000000,0.000000,0.000000,0.000000,1.000000
0.944833,-1.894448,-0.542934,0.983242,2.461171,1.581043,0.000000,0.000000,0.000000,1.000000,0.000000
-1.159183,1.750963,-0.626243,0.842915,-0.234478,0.304700,0.000000,0.000000,1.000000,0.000000,0.000000
1.330267,-0.984461,-1.638768,0.976966,0.613426,-0.384259,0.000000,1.000000,0.000000,0.000000,0.000000
-0.520290,-1.125495,-0.675519,0.460116,2.743207,2.379309,0.000000,0.000000,0.000000,1.000000,0.000000
-0.316285,-0.379779,1.211540,-2.325134,-1.256627,-0.907907,0.000000,0.000000,0.000000,1.000000,0.000000
-0.078311,1.986042,-0.033425,0.251633,-2.541090,-2.015201,0.000000,0.000000,1.000000,0.000000,0.000000
-0.042109,1.480552,-0.953809,0.949595,-1.197145,-1.064685,0.000000,0.000000,1.000000,0.000000,0.000000
0.973252,-0.915479,-0.830898,-0.507719,-0.439202,-1.088618,1.000000,0.000000,0.000000,0.000000,0.000000
3.914849,-2.743492,-1.523488,2.537338,1.312843,-0.752629,0.000000,1.000000,0.000000,0.000000,0.000000
-0.488162,-0.885610,0.654722,0.649199,2.557848,2.573961,0.000000,0.000000,0.000000,1.000000,0.000000
3.160655,-1.866206,-0.337537,2.745836,1.240417,-0.136745,0.000000,0.000000,0.000000,0.000000,1.000000
-0.347212,-0.615183,-0.547878,-1.094308,0.281402,0.097150,0.000000,0.000000,0.000000,1.000000,0.000000
1.918524,-2.042894,-0.367970,0.206469,0.665179,-0.403105,0.000000,0.000000,0.000000,1.000000,0.000000
-0.729315,1.208232,-0.106762,-0.390752,-1.184902,-0.715481,0.000000,0.000000,1.000000,0.000000,0.000000
2.323897,-0.953401,0.839520,1.841106,0.151037,-0.474985,0.000000,0.000000,0.000000,0.000000,1.000000
0.334510,0.247606,1.455119,1.193620,0.380192,0.691942,0.000000,0.000000,0.000000,0.000000,1.000000
1.510361,-2.916492,0.084799,-1.516622,0.812441,-0.225454,1.000000,0.000000,0.000000,0.000000,0.000000
-2.300193,1.746955,-2.258140,-2.409569,-1.906426,-1.409006,0.000000,1.000000,0.000000,0.000000,0.000000
0.547820,-1.533159,-0.844406,-0.053958,1.448197,0.712360,0.000000,0.000000,0.000000,1.000000,0.000000
1.666415,-1.249785,-0.951966,1.003991,0.599442,-0.374199,0.000000,1.000000,0.000000,0.000000,0.000000
-0.928848,0.478114,1.361678,1.133024,1.628271,2.262966,0.000000,0.000000,0.000000,0.000000,1.000000
0.534980,-0.157717,-1.142468,-1.410191,-1.844779,-2.242846,1.000000,0.000000,0.000000,0.000000,0.000000
1.776365,-1.155374,1.417429,-1.313637,-1.873263,-2.181288,1.000000,0.000000,0.000000,0.000000,0.000000
-1.453500,2.229483,-0.052156,0.237255,-1.120570,-0.226252,0.000000,0.000000,1.000000,0.000000,0.000000
1.086602,0.376589,-0.168195,-0.025818,-1.987775,-2.172654,0.000000,1.000000,0.000000,0.000000,0.000000
-1.185119,0.364639,-0.264212,-1.193767,-0.143199,0.193097,0.000000,1.000000,0.000000,0.000000,0.000000
1.179101,0.092046,-1.170340,0.295198,-1.402548,-1.942778,1.000000,0.000000,0.000000,0.000000,0.000000
-1.817726,-0.090312,2.026597,-3.784607,-1.116886,-0.104150,0.000000,0.000000,1.000000,0.000000,0.000000
1.149549,-1.685032,-0.083997,-1.066519,-0.076311,-0.764690,1.000000,0.000000,0.000000,0.000000,0.000000
-0.772095,1.276300,-1.161680,-0.088077,-0.954509,-0.729386,0.000000,0.000000,1.000000,0.000000,0.000000
-1.005698,-0.230952,-3.008284,-2.652974,-0.964117,-1.457758,0.000000,1.000000,0.000000,0.000000,0.000000
2.994050,-0.702735,1.019775,2.972525,0.008644,-0.694341,0.000000,0.000000,0.000000,0.000000,1.000000
-1.229310,0.842992,0.689284,0.205731,0.584096,1.246676,0.000000,0.000000,0.000000,1.000000,0.000000
0.330519,0.954822,0.933053,1.161434,-0.681789,-0.310666,0.000000,0.000000,0.000000,0.000000,1.000000
-1.422701,2.549629,1.703233,0.281730,-1.552860,-0.146688,0.000000,0.000000,0.000000,0.000000,1.000000
-1.723576,1.956533,1.898197,-1.460469,-1.975361,-0.552033,0.000000,0.000000,1.000000,0.000000,0.000000
-1.070986,-0.045283,1.354327,-2.803693,-1.219725,-0.562017,0.000000,0.000000,1.000000,0.000000,0.000000
0.711031,-0.762708,0.754897,-1.081003,-0.845420,-0.983024,1.000000,0.000000,0.000000,0.000000,0.000000
-0.364832,0.798217,1.882850,1.220481,0.523010,1.242320,0.000000,0.000000,0.000000,0.000000,1.000000
-1.222548,1.006511,1.180189,-1.065501,-0.878655,-0.010130,0.000000,0.000000,0.000000,0.000000,1.000000
0.530281,-1.737950,-1.154330,0.139656,1.949729,1.080317,0.000000,0.000000,0.000000,1.000000,0.000000
-1.574854,1.061593,-1.260176,-1.542546,-1.001766,-0.629385,0.000000,1.000000,0.000000,0.000000,0.000000
-0.325226,1.586766,-0.016089,0.214866,-1.675167,-1.193957,0.000000,1.000000,0.000000,0.000000,0.000000
0.364330,1.156175,-1.103560,-0.323082,-2.483266,-2.522360,0.000000,0.000000,1.000000,0.000000,0.000000
-0.873506,0.321806,-1.430318,-0.516667,0.146284,0.089445,0.000000,0.000000,0.000000,1.000000,0.000000
-1.861851,1.421250,-2.990758,-2.138440,-1.754614,-1.632398,0.000000,1.000000,0.000000,0.000000,0.000000
2.097496,-0.756582,-0.642454,0.892221,-0.779944,-1.639291,0.000000,1.000000,0.000000,0.000000,0.000000
0.747253,0.002225,0.872061,0.619057,-0.363640,-0.334792,0.000000,0.000000,0.000000,0.000000,1.000000
-0.783382,2.180685,1.936206,1.117737,-1.038875,0.156384,0.000000,1.000000,0.000000,0.000000,0.000000
-1.490093,2.282570,2.125777,-1.220244,-2.517230,-1.011584,0.000000,0.000000,1.000000,0.000000,0.000000
-0.408484,-1.098646,0.243355,-2.049417,0.156591,0.086479,0.000000,0.000000,0.000000,1.000000,0.000000
-0.298900,-2.782941,0.408887,-2.436004,2.090942,1.604987,0.000000,0.000000,0.000000,1.000000,0.000000
1.023368,0.741793,-2.392149,1.719215,-0.792633,-1.476899,0.000000,0.000000,1.000000,0.000000,0.000000
0.856035,-0.589122,-0.293919,0.885025,0.590225,0.140145,0.000000,0.000000,0.000000,0.000000,1.000000
-0.342229,0.653500,0.657564,1.594742,1.043524,1.402962,0.000000,0.000000,0.000000,1.000000,0.000000
1.160400,-3.249678,-1.883761,-0.058693,3.122618,1.537936,0.000000,0.000000,0.000000,1.000000,0.000000
-1.257242,-0.371744,-0.571361,-1.649394,0.575987,0.672761,0.000000,0.000000,0.000000,1.000000,0.000000
-2.408080,-1.248250,-2.705764,-2.751416,2.247522,1.877643,1.000000,0.000000,0.000000,0.000000,0.000000
1.573738,-1.427499,0.459749,2.470240,2.414876,1.716434,0.000000,0.000000,0.000000,1.000000,0.000000
-1.467474,1.882731,-1.903918,2.679089,1.722362,1.987154,1.000000,0.000000,0.000000,0.000000,0.000000
-1.212200,-1.206973,-2.829601,-2.648067,0.729901,0.068705,1.000000,0.000000,0.000000,0.000000,0.000000
-0.071829,2.202020,-2.891272,2.941239,-0.320581,-0.537972,0.000000,0.000000,1.000000,0.000000,0.000000
-3.317229,2.494455,1.133772,0.203484,0.905836,2.583366,0.000000,0.000000,0.000000,0.000000,1.000000
-0.661128,1.047637,1.722389,0.751584,0.091512,0.918995,0.000000,0.000000,0.000000,0.000000,1.000000
-2.332237,1.172564,-0.629494,-1.499573,-0.125892,0.600662,0.000000,1.000000,0.000000,0.000000,0.000000
0.741968,-2.092651,-0.392860,-0.662439,1.429848,0.634942,0.000000,0.000000,0.000000,1.000000,0.000000
1.934103,-0.311775,2.528465,1.131811,-0.928651,-0.854900,0.000000,0.000000,0.000000,1.000000,0.000000
-0.474307,0.648266,1.504441,-1.439705,-1.686317,-0.987261,0.000000,0.000000,1.000000,0.000000,0.000000
0.732345,0.865024,0.061925,0.555522,-1.672532,-1.611174,0.000000,1.000000,0.000000,0.000000,0.000000
-0.101298,0.943290,-0.663714,0.342515,-0.919746,-0.823806,1.000000,0.000000,0.000000,0.000000,0.000000
4.069679,-2.820589,1.826418,-0.252973,-1.407804,-2.603972,1.000000,0.000000,0.000000,0.000000,0.000000
0.959494,-0.481468,1.450630,0.420956,-0.118057,-0.114466,0.000000,0.000000,0.000000,1.000000,0.000000
0.466444,0.506699,-0.110914,3.557745,2.083372,1.966549,0.000000,0.000000,0.000000,1.000000,0.000000
-0.577650,2.240204,1.314510,-0.084226,-2.561538,-1.510833,0.000000,0.000000,1.000000,0.000000,0.000000
-0.940826,1.427243,-0.091599,-0.132560,-0.978951,-0.409075,0.000000,0.000000,0.000000,0.000000,1.000000
-0.240088,-0.283840,-0.923120,-0.029506,0.680329,0.431016,0.000000,1.000000,0.000000,0.000000,0.000000
-1.926527,1.483822,-0.826757,1.297822,1.586287,2.161904,0.000000,0.000000,0.000000,0.000000,1.000000
-0.423898,0.415647,-0.048234,1.308285,1.207184,1.356460,0.000000,0.000000,0.000000,0.000000,1.000000
2.221145,-0.854076,-0.105614,0.560746,-1.109339,-1.877896,0.000000,0.000000,1.000000,0.000000,0.000000
-2.160697,0.948326,-1.778002,1.753534,3.091480,3.326762,1.000000,0.000000,0.000000,0.000000,0.000000
4.502573,-1.621636,-0.703986,2.091292,-1.496757,-3.179147,0.000000,1.000000,0.000000,0.000000,0.000000
0.191074,0.866536,-2.008543,3.154207,1.497624,1.080207,1.000000,0.000000,0.000000,0.000000,0.000000
-1.586329,3.688880,1.745926,-0.541869,-3.787677,-2.005586,0.000000,0.000000,0.000000,0.000000,1.000000
-0.957996,-1.967953,-0.766358,-1.572246,2.576407,2.133172,0.000000,0.000000,0.000000,0.000000,1.000000
4.698876,-3.200200,-1.424118,2.966417,1.371782,-0.979816,0.000000,1.000000,0.000000,0.000000,0.000000
2.721208,-1.051207,-1.288468,1.379978,-0.704140,-1.957759,0.000000,1.000000,0.000000,0.000000,0.000000
1.178411,-0.942911,-0.002325,0.874613,0.679839,0.136681,0.000000,0.000000,0.000000,0.000000,1.000000
0.695001,0.243366,-0.557691,1.624803,0.298681,0.014633,0.000000,0.000000,0.000000,0.000000,1.000000
0.806863,-2.521356,-0.273955,-0.145484,2.468274,1.557749,0.000000,0.000000,0.000000,0.000000,1.000000
-1.140122,-0.826369,-1.017008,-1.315553,1.398094,1.226705,0.000000,0.000000,0.000000,1.000000,0.000000
1.066595,-1.194720,-1.043901,0.533668,0.844751,0.012991,0.000000,0.000000,0.000000,1.000000,0.000000
-2.636218,1.113875,0.245129,-2.372856,-0.471824,0.553528,0.000000,0.000000,1.000000,0.000000,0.000000
-1.319040,1.664811,-1.952444,-1.294435,-1.983379,-1.688939,0.000000,1.000000,0.000000,0.000000,0.000000
-1.296745,-0.996083,1.030142,-3.130403,0.134616,0.522028,0.000000,0.000000,0.000000,1.000000,0.000000
-0.385107,0.057286,-0.284067,-1.448038,-0.982420,-0.903137,0.000000,0.000000,1.000000,0.000000,0.000000
-0.833628,1.962513,-2.122371,3.050252,1.136103,1.213318,1.000000,0.000000,0.000000,0.000000,0.000000
-1.663205,-0.403945,-5.061886,-4.225090,-1.407541,-2.256698,0.000000,1.000000,0.000000,0.000000,0.000000
2.272813,2.390618,1.783466,3.055529,-3.453673,-2.990499,0.000000,0.000000,0.000000,0.000000,1.000000
-0.532016,0.790101,0.404999,-0.315675,-0.753057,-0.313904,0.000000,0.000000,0.000000,0.000000,1.000000
1.122800,-1.201960,1.941559,1.041707,1.322577,1.200212,0.000000,0.000000,0.000000,1.000000,0.000000
-0.716331,3.511903,2.139572,0.195603,-3.944705,-2.331324,0.000000,0.000000,0.000000,0.000000,1.000000
-1.042231,0.927304,-0.045917,-0.434495,-0.411035,0.070817,0.000000,1.000000,0.000000,0.000000,0.000000
-1.981774,1.730087,-1.122232,-1.428592,-1.331473,-0.660731,0.000000,1.000000,0.000000,0.000000,0.000000
-0.294372,-1.565987,0.388246,-0.833162,1.861341,1.637483,0.000000,0.000000,0.000000,1.000000,0.000000
1.441111,0.317264,-0.094781,1.747595,-0.652703,-0.973675,0.000000,0.000000,1.000000,0.000000,0.000000
1.764886,-1.552772,2.003080,1.771707,1.701565,1.333452,0.000000,0.000000,0.000000,1.000000,0.000000
2.272620,-2.800501,-2.296573,1.807832,2.815162,0.935210,0.000000,0.000000,0.000000,1.000000,0.000000
0.361335,0.336633,0.182496,-0.382734,-1.324500,-1.258443,0.000000,1.000000,0.000000,0.000000,0.000000
-1.707675,0.457835,-0.272658,-0.538379,1.032276,1.486375,1.000000,0.000000,0.000000,0.000000,0.000000
0.735608,-2.415857,0.036070,-1.329555,1.272148,0.521923,0.000000,0.000000,0.000000,1.000000,0.000000
-1.602987,0.662618,-1.131776,-1.852934,-0.682518,-0.367084,0.000000,1.000000,0.000000,0.000000,0.000000
0.644504,-0.947887,0.090408,1.289378,1.782561,1.366935,0.000000,0.000000,0.000000,1.000000,0.000000
0.537353,-0.766220,2.537345,1.330715,1.739579,2.001835,0.000000,0.000000,0.000000,1.000000,0.000000
-0.451106,-0.215387,0.697325,-1.939184,-0.957002,-0.675086,0.000000,0.000000,1.000000,0.000000,0.000000
-2.614630,2.192253,1.538535,0.417727,0.644455,2.177908,0.000000,0.000000,0.000000,0.000000,1.000000
3.621658,-2.652436,-2.561548,2.680287,1.681874,-0.556178,0.000000,1.000000,0.000000,0.000000,0.000000
-0.564486,1.215655,1.481682,-0.108493,-1.110989,-0.291788,0.000000,0.000000,0.000000,0.000000,1.000000
1.032266,0.196757,-1.554546,-0.152273,-1.801381,-2.361432,1.000000,0.000000,0.000000,0.000000,0.000000
1.817873,-0.554887,0.381806,0.603288,-0.970206,-1.449742,0.000000,0.000000,1.000000,0.000000,0.000000
1.724536,0.007001,-2.268401,2.547802,0.163318,-0.869295,0.000000,0.000000,1.000000,0.000000,0.000000
-0.730989,1.481705,0.396893,0.091081,-1.107128,-0.456129,0.000000,0.000000,0.000000,0.000000,1.000000
1.919350,-0.541476,-0.249235,0.635293,-1.101571,-1.757971,0.000000,1.000000,0.000000,0.000000,0.000000
-1.155647,-0.640139,-0.023578,-2.237602,0.276340,0.434949,0.000000,0.000000,0.000000,1.000000,0.000000
-3.125152,-0.335705,-2.285177,-3.347881,1.286987,1.443346,1.000000,0.000000,0.000000,0.000000,0.000000
2.335285,-0.529208,0.079696,2.389871,0.035841,-0.687458,0.000000,0.000000,0.000000,0.000000,1.000000
-0.844253,-1.590755,-1.455019,-1.134849,2.290282,1.735780,0.000000,0.000000,0.000000,1.000000,0.000000
0.401223,0.231763,0.288490,0.414706,-0.453914,-0.424824,0.000000,0.000000,0.000000,0.000000,1.000000
-0.388909,0.252358,0.202380,-0.377157,-0.220753,-0.004064,0.000000,1.000000,0.000000,0.000000,0.000000
1.678377,-1.278170,0.036347,-0.673792,-0.974544,-1.657138,0.000000,0.000000,1.000000,0.000000,0.000000
-0.776633,3.702518,2.579475,0.269736,-4.064236,-2.280258,0.000000,0.000000,0.000000,0.000000,1.000000
0.074971,0.947070,-2.466581,2.034098,0.444608,-0.001789,0.000000,0.000000,1.000000,0.000000,0.000000
1.564323,-0.595717,-0.708382,0.638592,-0.565759,-1.270970,0.000000,1.000000,0.000000,0.000000,0.000000
-2.290387,2.518219,3.141226,-0.058918,-0.682578,1.277988,0.000000,0.000000,0.000000,0.000000,1.000000
2.895037,-0.182269,-1.042051,3.112600,-0.518797,-1.578326,0.000000,0.000000,1.000000,0.000000,0.000000
-1.999245,-0.587285,-0.601434,-2.169226,1.352610,1.568601,0.000000,0.000000,0.000000,1.000000,0.000000
-2.922188,2.104319,-2.569971,-2.435725,-1.647185,-0.992386,0.000000,1.000000,0.000000,0.000000,0.000000
0.464306,-0.699899,-1.284472,0.193921,0.577780,-0.036534,0.000000,0.000000,0.000000,1.000000,0.000000
3.043646,-1.020596,2.018642,2.928112,0.380098,-0.168678,0.000000,0.000000,0.000000,1.000000,0.000000
1.039341,0.256812,1.548378,-0.120370,-1.814162,-1.590980,0.000000,0.000000,0.000000,1.000000,0.000000
1.554002,1.576804,2.436820,1.835812,-2.500868,-1.888888,0.000000,0.000000,0.000000,0.000000,1.000000
-0.813263,0.277484,1.134470,-0.086742,0.590287,1.130349,0.000000,1.000000,0.000000,0.000000,0.000000
-2.092154,1.164904,-1.332834,1.233691,2.194490,2.599478,1.000000,0.000000,0.000000,0.000000,0.000000
1.007503,-0.637995,-1.135885,-0.405194,-0.793217,-1.456060,1.000000,0.000000,0.000000,0.000000,0.000000
0.965722,-1.655827,0.670835,0.383034,1.529810,1.029309,0.000000,0.000000,0.000000,1.000000,0.000000
-1.815373,-0.135652,0.450681,-2.976849,-0.302701,0.279501,0.000000,0.000000,1.000000,0.000000,0.000000
-0.220625,1.415965,-1.362945,0.678540,-1.139323,-1.076409,0.000000,0.000000,1.000000,0.000000,0.000000
-1.767497,-1.228475,-0.330841,-2.692988,1.482574,1.561739,0.000000,0.000000,0.000000,1.000000,0.000000
2.538018,-2.068702,-0.871728,2.153423,1.764340,0.360410,0.000000,0.000000,0.000000,1.000000,0.000000
0.627381,-1.039291,-1.744326,0.740684,1.377651,0.504708,0.000000,0.000000,0.000000,1.000000,0.000000
3.800976,-2.336914,-0.896118,2.184791,0.541379,-1.223639,0.000000,1.000000,0.000000,0.000000,0.000000
-4.095631,2.772843,0.816892,0.061987,1.371971,3.223656,0.000000,0.000000,0.000000,0.000000,1.000000
-1.302759,1.824445,0.591677,-1.586921,-2.474845,-1.500759,0.000000,0.000000,1.000000,0.000000,0.000000
0.862642,-0.185931,0.147873,-1.465334,-2.261015,-2.417940,1.000000,0.000000,0.000000,0.000000,0.000000
1.280057,-0.445561,2.814626,1.151575,0.140125,0.395462,0.000000,0.000000,0.000000,0.000000,1.000000
0.948461,-1.458223,-1.428891,0.950752,1.776408,0.792016,0.000000,0.000000,1.000000,0.000000,0.000000
2.287014,-1.124389,0.845344,2.018099,0.617996,-0.049421,0.000000,0.000000,0.000000,0.000000,1.000000
1.462311,-1.755869,0.424152,0.936513,1.558420,0.840483,0.000000,0.000000,0.000000,0.000000,1.000000
1.657045,-1.592274,0.187622,-0.385711,-0.210418,-0.943338,1.000000,0.000000,0.000000,0.000000,0.000000
-1.772027,2.720669,0.989715,-0.772123,-2.374574,-0.986790,0.000000,0.000000,0.000000,0.000000,1.000000
1.723647,0.885060,-2.295334,2.579564,-1.080797,-1.888832,0.000000,0.000000,1.000000,0.000000,0.000000
-1.239669,-1.415448,-1.086686,-1.508535,2.196083,1.880426,0.000000,0.000000,0.000000,1.000000,0.000000
1.559276,-0.085904,1.751189,1.431020,-0.494282,-0.479673,0.000000,0.000000,0.000000,0.000000,1.000000
-2.125427,2.302444,0.833880,-1.511358,-2.022421,-0.679993,0.000000,0.000000,0.000000,0.000000,1.000000
-0.410299,0.560123,3.277071,0.511149,0.268322,1.304529,0.000000,0.000000,0.000000,1.000000,0.000000
-2.362692,1.486330,0.322984,0.901314,1.787412,2.760000,0.000000,0.000000,0.000000,0.000000,1.000000
1.341774,-0.027653,2.402008,1.799006,0.069593,0.297581,0.000000,0.000000,0.000000,1.000000,0.000000
1.264778,-1.789909,-1.237518,0.500450,1.416259,0.335796,0.000000,0.000000,0.000000,1.000000,0.000000
-1.174308,0.118048,-0.813135,-1.307285,0.082192,0.218445,0.000000,0.000000,0.000000,1.000000,0.000000
-1.792117,2.122422,-1.631114,2.373202,1.506302,1.985128,1.000000,0.000000,0.000000,0.000000,0.000000
1.401100,-0.364803,0.454590,1.685671,0.339763,-0.014156,0.000000,0.000000,0.000000,0.000000,1.000000
0.874937,-0.382895,1.670860,1.562593,0.952423,1.017588,0.000000,0.000000,0.000000,1.000000,0.000000
1.828029,-0.215656,-1.117788,1.337663,-0.794173,-1.582940,1.000000,0.000000,0.000000,0.000000,0.000000
1.213192,0.525299,-1.348914,1.734914,-0.692099,-1.217785,0.000000,0.000000,1.000000,0.000000,0.000000
0.411546,-1.410802,1.423864,0.440688,1.962944,1.836377,0.000000,0.000000,0.000000,1.000000,0.000000
0.606324,-3.591754,-0.788699,-0.856915,3.589619,2.337075,0.000000,0.000000,0.000000,1.000000,0.000000
1.815342,-1.049957,2.610415,-1.332304,-2.074713,-2.066939,0.000000,0.000000,1.000000,0.000000,0.000000
-0.538280,2.052669,-1.478376,0.151453,-2.160886,-1.869513,0.000000,0.000000,1.000000,0.000000,0.000000
0.546202,-0.331798,-0.223381,0.071373,-0.163377,-0.431333,0.000000,1.000000,0.000000,0.000000,0.000000
-1.156254,1.510277,-1.557560,2.029159,1.238362,1.442568,1.000000,0.000000,0.000000,0.000000,0.000000
0.770749,-1.119490,-0.386183,1.074463,1.652458,1.052072,0.000000,0.000000,0.000000,1.000000,0.000000
-3.161111,3.686801,-2.669308,3.126030,1.721862,2.638346,1.000000,0.000000,0.000000,0.000000,0.000000
-1.723184,2.655407,-0.044928,-0.624832,-2.219025,-1.121107,0.000000,0.000000,1.000000,0.000000,0.000000
-1.163433,-0.108818,-0.095043,-0.551119,1.138381,1.365193,1.000000,0.000000,0.000000,0.000000,0.000000
-0.307387,0.038175,-1.128410,-0.156766,0.173992,-0.021807,0.000000,1.000000,0.000000,0.000000,0.000000
0.205479,1.363936,-0.534871,0.553988,-1.723737,-1.560440,1.000000,0.000000,0.000000,0.000000,0.000000
3.541135,-1.381741,0.242111,2.079346,-0.590331,-1.758624,0.000000,0.000000,0.000000,0.000000,1.000000
-1.851275,1.101274,-0.482114,0.219554,1.011078,1.590198,0.000000,0.000000,1.000000,0.000000,0.000000
0.758411,1.495243,0.731705,1.468491,-1.730793,-1.372925,0.000000,0.000000,0.000000,0.000000,1.000000
-1.139809,0.496074,0.094045,-1.823060,-0.993239,-0.522454,0.000000,0.000000,1.000000,0.000000,0.000000
0.205709,-1.621324,-0.832614,0.697848,2.745696,2.041077,0.000000,0.000000,0.000000,1.000000,0.000000
0.607549,0.422762,0.470899,0.065919,-1.332594,-1.242356,0.000000,0.000000,1.000000,0.000000,0.000000
-3.637194,3.971064,2.920841,-2.134287,-3.044838,-0.383770,0.000000,0.000000,1.000000,0.000000,0.000000
-0.268167,1.207077,-1.278692,-0.821197,-2.217616,-2.128323,0.000000,1.000000,0.000000,0.000000,0.000000
-0.556917,1.860763,-1.886426,-0.685479,-2.671228,-2.499747,0.000000,1.000000,0.000000,0.000000,0.000000
0.862615,-0.398455,1.604826,1.825342,1.243078,1.281739,0.000000,0.000000,0.000000,1.000000,0.000000
-0.590937,-0.146550,-0.594172,1.983643,2.882401,2.762487,0.000000,0.000000,0.000000,0.000000,1.000000
0.064907,-0.029328,1.557880,-1.606054,-1.562644,-1.144767,0.000000,0.000000,1.000000,0.000000,0.000000
-0.208664,1.563357,-0.994561,0.505675,-1.529238,-1.332857,0.000000,0.000000,1.000000,0.000000,0.000000
-0.584437,0.814981,0.211222,1.446927,0.973904,1.324491,0.000000,0.000000,0.000000,0.000000,1.000000
-1.937988,3.286052,-4.874761,-2.435182,-4.682336,-4.507702,0.000000,1.000000,0.000000,0.000000,0.000000
-1.235813,1.053437,0.553010,1.024929,1.073832,1.732355,0.000000,0.000000,0.000000,0.000000,1.000000
-0.435152,1.401392,2.858214,0.538939,-0.901701,0.257604,0.000000,0.000000,0.000000,0.000000,1.000000
1.838671,-2.441803,-0.449980,1.310415,2.410686,1.197662,0.000000,0.000000,0.000000,0.000000,1.000000
-1.113911,0.458405,-0.343240,0.433097,1.194113,1.465346,1.000000,0.000000,0.000000,0.000000,0.000000
-0.493397,0.430125,0.924337,0.216496,0.241195,0.687650,0.000000,1.000000,0.000000,0.000000,0.000000
3.432379,-1.400542,2.019304,0.654816,-1.763800,-2.424140,1.000000,0.000000,0.000000,0.000000,0.000000
-0.402566,0.592996,-0.452616,-0.589553,-0.913595,-0.759248,0.000000,1.000000,0.000000,0.000000,0.000000
-1.111689,-2.224515,-0.087693,-2.614116,2.156685,1.883250,0.000000,0.000000,0.000000,1.000000,0.000000
-1.926497,2.275712,0.308513,-1.099712,-1.854626,-0.707960,0.000000,0.000000,1.000000,0.000000,0.000000
0.743000,-1.378300,-1.027150,0.851926,1.839134,1.024914,0.000000,0.000000,0.000000,0.000000,1.000000
0.882532,-0.026109,1.132799,0.549295,-0.561168,-0.503102,0.000000,1.000000,0.000000,0.000000,0.000000
-2.369841,-0.067126,0.686726,-2.431411,0.848342,1.613318,1.000000,0.000000,0.000000,0.000000,0.000000
-0.977398,0.818626,-0.656353,-1.150054,-1.037324,-0.726342,0.000000,0.000000,1.000000,0.000000,0.000000
-0.152176,0.224942,1.118503,-1.164333,-1.231588,-0.821605,0.000000,0.000000,1.000000,0.000000,0.000000
-0.985838,0.333527,-0.657334,0.907231,1.660420,1.776171,1.000000,0.000000,0.000000,0.000000,0.000000
-0.418315,-2.608215,-0.058425,-2.066913,2.340077,1.798798,0.000000,0.000000,0.000000,1.000000,0.000000
-0.914496,-1.017744,-2.075226,-0.523697,2.127564,1.565988,0.000000,0.000000,0.000000,1.000000,0.000000
2.001070,1.213559,1.247290,2.563239,-1.874030,-1.777742,0.000000,0.000000,0.000000,0.000000,1.000000
-1.884369,1.127420,-1.243927,-0.937002,-0.111178,0.331811,0.000000,0.000000,0.000000,1.000000,0.000000
-0.006834,2.127180,-3.514674,2.435687,-0.794115,-1.183693,0.000000,0.000000,1.000000,0.000000,0.000000
-0.041902,1.703746,0.000746,0.673409,-1.771435,-1.333926,0.000000,1.000000,0.000000,0.000000,0.000000
-0.907502,-2.102056,-0.419719,-1.938307,2.358751,1.966981,0.000000,0.000000,0.000000,1.000000,0.000000
-1.500121,1.465585,1.183861,0.673080,0.490636,1.485644,0.000000,0.000000,0.000000,0.000000,1.000000
0.978209,0.100675,1.562915,1.366354,-0.075189,0.074424,0.000000,0.000000,0.000000,0.000000,1.000000
2.034574,-2.998570,2.605038,0.667534,2.397349,1.772797,0.000000,0.000000,0.000000,1.000000,0.000000
1.068031,1.160393,0.565768,1.758501,-1.370451,-1.221357,0.000000,0.000000,0.000000,0.000000,1.000000
2.325060,0.626769,1.577084,2.525520,-1.473732,-1.522089,0.000000,0.000000,0.000000,0.000000,1.000000
0.477203,0.032101,-2.428892,1.408517,0.648477,-0.099734,0.000000,0.000000,0.000000,1.000000,0.000000
2.387263,-0.247224,-0.612459,0.559573,-2.216610,-2.987712,0.000000,0.000000,1.000000,0.000000,0.000000
4.299148,-3.322609,-1.332754,2.858817,1.967280,-0.300818,0.000000,1.000000,0.000000,0.000000,0.000000
0.159299,0.199624,-0.314752,-0.396667,-0.884664,-0.932471,0.000000,0.000000,1.000000,0.000000,0.000000
0.468647,0.889360,-0.305628,0.310293,-1.607509,-1.563640,0.000000,1.000000,0.000000,0.000000,0.000000
-1.753977,2.122559,-1.202927,1.001290,0.141994,0.764335,1.000000,0.000000,0.000000,0.000000,0.000000
-0.731181,2.330389,-1.693114,-0.321658,-2.772933,-2.402408,0.000000,0.000000,1.000000,0.000000,0.000000
6.894681,-4.478486,-2.663170,4.565906,1.893058,-1.649484,0.000000,1.000000,0.000000,0.000000,0.000000
1.626616,0.036600,-0.014512,0.667273,-1.525763,-1.906548,0.000000,0.000000,1.000000,0.000000,0.000000
1.311432,0.041378,-0.530797,1.918376,0.073777,-0.404958,0.000000,0.000000,1.000000,0.000000,0.000000
-0.724645,-0.437471,-0.107406,-1.487853,0.142420,0.212183,0.000000,0.000000,0.000000,1.000000,0.000000
1.211903,-0.281915,0.715405,1.623287,0.409738,0.186943,0.000000,0.000000,0.000000,0.000000,1.000000
-1.065154,1.557087,-2.311110,-1.722101,-2.575225,-2.440906,0.000000,1.000000,0.000000,0.000000,0.000000
-1.109434,-1.987211,-0.468439,-2.096335,2.301440,1.978474,0.000000,0.000000,0.000000,1.000000,0.000000
-1.858110,-0.403398,-1.648578,-2.498750,0.566626,0.550734,0.000000,1.000000,0.000000,0.000000,0.000000
-2.165217,1.132677,-0.782318,0.551833,1.688742,2.260948,1.000000,0.000000,0.000000,0.000000,0.000000
0.414622,0.286718,2.344515,-1.020323,-1.898727,-1.300021,0.000000,0.000000,1.000000,0.000000,0.000000
-1.072455,0.537064,0.906008,1.381735,1.961248,2.522341,0.000000,0.000000,0.000000,0.000000,1.000000
-2.398167,2.826888,-3.059529,-2.161651,-3.122465,-2.524735,0.000000,1.000000,0.000000,0.000000,0.000000
2.164941,0.326652,2.195013,1.893374,-1.428106,-1.345479,0.000000,0.000000,0.000000,0.000000,1.000000
3.718373,-2.617819,0.930167,0.300485,-0.727531,-2.032225,1.000000,0.000000,0.000000,0.000000,0.000000
-0.219233,-0.987724,2.121056,0.722489,2.452074,2.742348,0.000000,0.000000,0.000000,1.000000,0.000000
-2.337335,-0.466241,-0.400471,-2.754395,1.056070,1.449233,0.000000,0.000000,0.000000,1.000000,0.000000
3.389995,-2.312756,1.153356,-0.347285,-1.363932,-2.437379,0.000000,0.000000,1.000000,0.000000,0.000000
-0.233090,-0.402242,-1.326751,0.111700,0.972379,0.585322,0.000000,1.000000,0.000000,0.000000,0.000000
-1.115731,0.042798,0.765546,1.647458,2.989089,3.385498,0.000000,0.000000,0.000000,0.000000,1.000000
-0.866928,-1.943589,-1.726057,-0.854570,3.097695,2.378390,0.000000,0.000000,0.000000,1.000000,0.000000
0.095549,-1.978057,-0.385514,-1.247262,1.540659,0.942272,0.000000,0.000000,0.000000,1.000000,0.000000
-0.107738,0.793231,-2.264098,0.957314,-0.128349,-0.488290,0.000000,0.000000,1.000000,0.000000,0.000000
0.899353,-1.462009,1.174972,2.185154,3.079498,2.710090,0.000000,0.000000,0.000000,0.000000,1.000000
-1.354213,-0.823841,-3.473550,-1.712530,1.248455,0.529362,1.000000,0.000000,0.000000,0.000000,0.000000
0.891651,-0.135730,-0.223800,0.101666,-0.868217,-1.162886,0.000000,1.000000,0.000000,0.000000,0.000000
-0.414299,-0.461481,-2.344536,-0.344454,0.837217,0.237768,1.000000,0.000000,0.000000,0.000000,0.000000
-1.037833,0.594816,-0.564863,0.200465,0.669123,0.912130,1.000000,0.000000,0.000000,0.000000,0.000000
-4.670410,3.564570,0.110047,-3.409802,-2.387662,-0.257421,0.000000,1.000000,0.000000,0.000000,0.000000
-1.560560,2.404708,1.763524,-0.832517,-2.235613,-0.784716,0.000000,0.000000,0.000000,0.000000,1.000000
-0.924530,0.311229,1.140876,-2.172151,-1.323186,-0.678098,0.000000,0.000000,1.000000,0.000000,0.000000
2.335073,-2.182754,-0.186946,1.759574,1.826127,0.620607,0.000000,0.000000,0.000000,0.000000,1.000000
-1.497461,1.052789,-0.855719,0.641223,1.021304,1.401521,1.000000,0.000000,0.000000,0.000000,0.000000
0.114348,-0.444631,-2.441763,0.896496,1.319265,0.540247,0.000000,0.000000,0.000000,1.000000,0.000000
-4.061908,3.011264,1.779189,-2.736396,-1.697984,0.541332,0.000000,0.000000,1.000000,0.000000,0.000000
-0.189001,0.643644,-0.421101,0.110035,-0.590304,-0.485957,0.000000,0.000000,1.000000,0.000000,0.000000
1.016185,0.097470,-0.530842,-0.288822,-1.750357,-2.074457,1.000000,0.000000,0.000000,0.000000,0.000000
0.682751,-1.535579,-0.212440,-1.835698,-0.429652,-0.980102,1.000000,0.000000,0.000000,0.000000,0.000000
1.771181,0.316343,-2.765731,4.267967,1.302199,0.160102,0.000000,0.000000,1.000000,0.000000,0.000000
5.544137,-3.184167,-2.295099,3.483228,0.732398,-2.037803,0.000000,1.000000,0.000000,0.000000,0.000000
1.050648,0.048307,1.100895,-0.614560,-2.009779,-1.938810,0.000000,0.000000,1.000000,0.000000,0.000000
2.180934,-1.706732,2.291838,0.986391,0.632451,0.228240,0.000000,0.000000,0.000000,1.000000,0.000000
0.264487,0.783317,-1.264481,-0.173340,-1.670312,-1.830523,0.000000,0.000000,1.000000,0.000000,0.000000
0.844557,-1.040200,0.422662,0.415353,0.820058,0.446798,0.000000,0.000000,0.000000,0.000000,1.000000
-2.391115,1.176397,-1.000437,-1.820719,-0.370638,0.288789,0.000000,0.000000,0.000000,1.000000,0.000000
-0.426885,3.976277,2.970882,0.496118,-4.691906,-2.824374,0.000000,0.000000,0.000000,0.000000,1.000000
-0.202468,1.444276,-0.584908,1.767630,-0.141466,0.081600,0.000000,0.000000,1.000000,0.000000,0.000000
-0.952514,-0.975441,0.077416,-1.431217,1.277885,1.300482,0.000000,0.000000,0.000000,0.000000,1.000000
0.025030,1.966734,-2.359172,3.271123,0.222136,0.041872,0.000000,0.000000,1.000000,0.000000,0.000000
-1.712818,-0.353366,-0.994655,-2.931347,-0.100633,0.040841,1.000000,0.000000,0.000000,0.000000,0.000000
-0.564250,1.404410,2.306637,0.437776,-0.845081,0.210457,0.000000,0.000000,0.000000,0.000000,1.000000
3.635592,-0.669641,-2.234552,3.277246,-0.635594,-2.291373,0.000000,0.000000,1.000000,0.000000,0.000000
1.814957,-0.314545,-0.878075,0.672085,-1.270720,-2.001007,0.000000,1.000000,0.000000,0.000000,0.000000
1.246496,0.623069,-2.115924,1.976347,-0.657886,-1.363583,0.000000,0.000000,1.000000,0.000000,0.000000
-0.631230,-0.615204,0.360178,-2.015233,-0.221040,-0.085573,0.000000,0.000000,0.000000,1.000000,0.000000
6.686230,-3.330533,-1.144801,3.656742,-0.353387,-3.138612,0.000000,0.000000,0.000000,1.000000,0.000000
1.281513,-0.512080,2.334933,0.756653,-0.153830,-0.022266,0.000000,0.000000,0.000000,1.000000,0.000000
0.997077,0.235295,-0.519493,0.172459,-1.481075,-1.777031,0.000000,0.000000,1.000000,0.000000,0.000000
1.379717,0.915237,0.763801,1.252776,-1.903552,-1.823113,0.000000,0.000000,0.000000,0.000000,1.000000
-0.638263,0.347866,-0.376659,-0.582804,-0.243235,-0.082236,0.000000,1.000000,0.000000,0.000000,0.000000
3.405764,-1.909428,0.984859,2.578049,0.845348,-0.264423,0.000000,0.000000,0.000000,0.000000,1.000000
0.988441,-0.850906,-0.484267,0.975016,0.881755,0.282554,0.000000,0.000000,0.000000,1.000000,0.000000
-1.241692,2.413201,-1.306702,-0.537007,-2.430246,-1.820326,0.000000,1.000000,0.000000,0.000000,0.000000
-1.261921,0.824092,0.971393,-1.920235,-1.389566,-0.583737,0.000000,0.000000,1.000000,0.000000,0.000000
-3.331418,0.655239,-2.400310,-3.047327,0.403448,0.829405,0.000000,1.000000,0.000000,0.000000,0.000000
0.429358,1.651403,-2.987462,3.709677,0.566203,0.041405,0.000000,0.000000,1.000000,0.000000,0.000000
0.788741,0.376144,2.483058,1.148719,-0.422930,0.077573,0.000000,0.000000,0.000000,0.000000,1.000000
1.090877,0.471782,1.107570,1.180304,-0.947772,-0.832097,0.000000,0.000000,0.000000,0.000000,1.000000
0.158901,-3.386345,-0.824103,-1.080712,3.656857,2.557584,0.000000,0.000000,0.000000,1.000000,0.000000
-1.791170,0.413550,1.232921,-3.199961,-1.333536,-0.410013,0.000000,0.000000,1.000000,0.000000,0.000000
-5.379812,1.564061,-6.549552,-3.527052,1.214124,1.325822,1.000000,0.000000,0.000000,0.000000,0.000000
0.267146,0.193350,0.437727,0.431025,-0.205497,-0.120019,0.000000,0.000000,0.000000,0.000000,1.000000
0.963821,2.006883,2.562261,0.902878,-3.254828,-2.334613,0.000000,0.000000,1.000000,0.000000,0.000000
2.475310,-0.146354,1.136279,0.798780,-2.217329,-2.555523,0.000000,0.000000,1.000000,0.000000,0.000000
-0.024325,0.422293,-0.352230,-0.560841,-1.128132,-1.079739,0.000000,1.000000,0.000000,0.000000,0.000000
0.008151,-2.783532,-0.644626,-1.356702,2.714434,1.862054,0.000000,0.000000,0.000000,1.000000,0.000000
2.885832,-0.809802,0.769116,0.809419,-1.783502,-2.480568,0.000000,1.000000,0.000000,0.000000,0.000000
-0.880983,-0.453161,-1.530866,-2.130691,-0.275124,-0.506258,1.000000,0.000000,0.000000,0.000000,0.000000
1.578650,0.581922,2.904102,1.584653,-1.321835,-0.854047,0.000000,0.000000,0.000000,1.000000,0.000000
1.315965,-0.466967,0.295254,1.642068,0.554141,0.154212,0.000000,0.000000,0.000000,1.000000,0.000000
-3.301551,0.800698,-3.231967,-3.904129,-0.686373,-0.406451,0.000000,1.000000,0.000000,0.000000,0.000000
0.098788,1.195087,0.541925,1.129778,-0.766609,-0.376032,0.000000,0.000000,0.000000,0.000000,1.000000
1.749794,-1.240459,-1.014647,-0.227852,-0.710460,-1.674780,1.000000,0.000000,0.000000,0.000000,0.000000
-0.069416,0.955537,-0.981240,1.270263,-0.090541,-0.108258,0.000000,0.000000,1.000000,0.000000,0.000000
-0.383348,0.063262,-0.581981,0.193205,0.582842,0.534624,1.000000,0.000000,0.000000,0.000000,0.000000
-1.360954,0.254713,-0.806320,-1.350955,0.084436,0.301802,0.000000,0.000000,0.000000,1.000000,0.000000
-1.440649,1.101036,0.383152,1.175832,1.413558,2.083391,0.000000,0.000000,0.000000,0.000000,1.000000
1.290610,0.057800,-1.480083,1.981008,0.121156,-0.586230,0.000000,0.000000,1.000000,0.000000,0.000000
-1.691613,1.513050,-1.052600,1.118236,1.061470,1.542107,1.000000,0.000000,0.000000,0.000000,0.000000
-0.300388,-0.108158,0.077610,-0.503452,0.063986,0.138780,0.000000,1.000000,0.000000,0.000000,0.000000
0.061827,0.614750,0.922278,-0.049383,-1.005200,-0.626028,0.000000,0.000000,1.000000,0.000000,0.000000
2.945376,-2.120277,-2.384051,2.165912,1.295767,-0.588811,0.000000,1.000000,0.000000,0.000000,0.000000
4.593972,-2.890120,0.080442,0.888464,-0.918619,-2.722039,0.000000,0.000000,1.000000,0.000000,0.000000
-0.231849,2.253885,1.129760,0.615064,-2.360486,-1.452851,0.000000,0.000000,0.000000,0.000000,1.000000
-0.291916,0.081024,-0.728765,0.948602,1.163453,1.037808,1.000000,0.000000,0.000000,0.000000,0.000000
-2.313445,1.568861,-1.257241,-1.819213,-1.044638,-0.362646,0.000000,1.000000,0.000000,0.000000,0.000000
0.067822,0.013318,-0.689124,1.217310,1.053566,0.830261,1.000000,0.000000,0.000000,0.000000,0.000000
0.194707,2.454269,0.557629,1.564306,-2.301424,-1.610073,0.000000,1.000000,0.000000,0.000000,0.000000
-1.842432,1.765097,-0.343856,-1.420241,-1.542207,-0.700564,0.000000,0.000000,0.000000,1.000000,0.000000
0.166611,-2.375329,-0.124496,-0.524591,2.726036,2.047362,0.000000,0.000000,0.000000,1.000000,0.000000
-1.739863,0.914481,-0.758368,-1.540558,-0.563027,-0.068090,0.000000,1.000000,0.000000,0.000000,0.000000
-1.436511,-0.801304,-0.036352,-2.187184,0.924034,1.098140,0.000000,0.000000,0.000000,1.000000,0.000000
3.041709,1.414532,1.772031,3.747346,-2.369387,-2.362513,0.000000,0.000000,0.000000,0.000000,1.000000
2.027327,-1.597002,-2.446831,1.639649,1.221409,-0.317083,0.000000,1.000000,0.000000,0.000000,0.000000
-0.441616,0.821344,-2.265592,0.866858,0.177814,-0.097210,0.000000,0.000000,0.000000,1.000000,0.000000
2.239839,-3.047877,0.843782,-1.838638,-0.242647,-1.279694,1.000000,0.000000,0.000000,0.000000,0.000000
-3.180752,-0.043196,-3.383230,-4.454006,-0.150049,-0.139484,0.000000,1.000000,0.000000,0.000000,0.000000
2.299728,-0.324821,-0.436308,0.755713,-1.798084,-2.532909,0.000000,1.000000,0.000000,0.000000,0.000000
1.237592,-0.582167,-0.918703,0.601326,-0.200050,-0.879393,0.000000,1.000000,0.000000,0.000000,0.000000
-0.324749,0.487898,0.580229,-1.266399,-1.496645,-1.108637,0.000000,0.000000,1.000000,0.000000,0.000000
0.097993,-0.278181,1.433876,-1.600348,-1.240819,-0.927107,0.000000,0.000000,1.000000,0.000000,0.000000
-0.256371,0.411652,1.580764,1.066934,0.790376,1.313341,0.000000,0.000000,0.000000,0.000000,1.000000
0.834860,-4.127265,-0.797987,-0.935290,3.994609,2.549584,0.000000,0.000000,0.000000,1.000000,0.000000
-0.785944,2.113002,-1.896529,2.580370,0.406632,0.584663,1.000000,0.000000,0.000000,0.000000,0.000000
2.469254,-0.261593,1.596053,2.161769,-0.721007,-1.019687,0.000000,0.000000,0.000000,0.000000,1.000000
-0.609276,-1.993777,-0.700237,-1.587930,2.146456,1.635163,0.000000,0.000000,0.000000,1.000000,0.000000
1.952425,-4.215492,0.332534,-1.581693,2.065956,0.649222,1.000000,0.000000,0.000000,0.000000,0.000000
0.249268,1.740242,1.781621,0.695893,-2.151052,-1.327977,0.000000,0.000000,0.000000,0.000000,1.000000
0.195899,0.509414,0.461625,0.152933,-0.839470,-0.639260,0.000000,1.000000,0.000000,0.000000,0.000000
1.936416,0.337651,-3.917504,3.332234,0.135171,-1.292928,0.000000,0.000000,1.000000,0.000000,0.000000
-0.116160,-3.590556,-1.264067,-1.361578,4.033058,2.841645,0.000000,0.000000,0.000000,1.000000,0.000000
0.534756,0.215208,1.048959,1.177816,0.144698,0.302736,0.000000,0.000000,0.000000,1.000000,0.000000
-0.155695,1.974219,0.883958,0.304762,-2.356454,-1.590465,0.000000,0.000000,1.000000,0.000000,0.000000
-0.718788,1.279647,-0.674335,0.482641,-0.470504,-0.154549,1.000000,0.000000,0.000000,0.000000,0.000000
0.531421,1.895812,-1.468187,1.691682,-1.839931,-1.878652,0.000000,0.000000,1.000000,0.000000,0.000000
-0.273128,-0.014095,-0.123478,0.160381,0.528069,0.549570,0.000000,0.000000,0.000000,1.000000,0.000000
-1.973812,-0.050664,0.291810,-2.867075,-0.117059,0.480037,0.000000,0.000000,0.000000,1.000000,0.000000
1.553645,0.237472,0.826642,1.643992,-0.767247,-0.902424,0.000000,0.000000,0.000000,0.000000,1.000000
-2.262084,1.793071,-3.772265,-1.865323,-1.524417,-1.417244,1.000000,0.000000,0.000000,0.000000,0.000000
-1.100426,0.123955,-1.392951,-1.743735,-0.452865,-0.460933,0.000000,1.000000,0.000000,0.000000,0.000000
-0.112296,1.566724,2.947368,0.323573,-1.767675,-0.607720,0.000000,0.000000,0.000000,0.000000,1.000000
0.588572,1.369377,0.924290,1.159570,-1.621465,-1.200704,0.000000,0.000000,0.000000,0.000000,1.000000
-0.203294,1.309207,-0.847647,1.659665,-0.052704,0.073242,0.000000,0.000000,1.000000,0.000000,0.000000
-2.251280,1.521739,-2.339653,-2.509237,-1.740317,-1.330300,0.000000,1.000000,0.000000,0.000000,0.000000
-0.204782,0.289356,-0.511437,0.296831,0.123269,0.108844,1.000000,0.000000,0.000000,0.000000,0.000000
1.286326,-1.263270,-1.524829,1.040793,1.138988,0.103591,0.000000,1.000000,0.000000,0.000000,0.000000
-0.441278,1.134287,0.650090,-0.954828,-1.982629,-1.390682,0.000000,0.000000,1.000000,0.000000,0.000000
-0.766010,1.462764,-1.847612,2.497538,1.246231,1.262801,1.000000,0.000000,0.000000,0.000000,0.000000
3.051767,-2.000674,-0.444093,1.671689,0.540595,-0.838313,0.000000,1.000000,0.000000,0.000000,0.000000
-1.373864,1.857799,-0.965012,0.565483,-0.383569,0.157161,1.000000,0.000000,0.000000,0.000000,0.000000
-0.879235,1.888022,-1.856998,2.980176,1.240620,1.376558,1.000000,0.000000,0.000000,0.000000,0.000000
-0.855266,1.465498,-1.507881,-1.299459,-2.294220,-2.045935,0.000000,1.000000,0.000000,0.000000,0.000000
2.455069,2.452549,0.882306,3.807747,-3.071254,-2.881284,0.000000,0.000000,0.000000,0.000000,1.000000
-0.758476,0.970981,1.976427,0.803391,0.383698,1.274049,0.000000,0.000000,0.000000,0.000000,1.000000
-1.235562,2.658023,1.482415,-0.320701,-2.537858,-1.179676,0.000000,0.000000,1.000000,0.000000,0.000000
1.052982,0.480638,1.718955,1.853105,-0.252698,0.003084,0.000000,0.000000,0.000000,1.000000,0.000000
-1.752047,0.728515,0.002803,-0.911362,0.342139,0.958541,1.000000,0.000000,0.000000,0.000000,0.000000
1.479252,2.110954,1.090621,2.466303,-2.595026,-2.180186,0.000000,0.000000,0.000000,0.000000,1.000000
-0.119098,0.747540,-1.581838,2.103116,1.068387,0.829992,1.000000,0.000000,0.000000,0.000000,0.000000
-1.313022,0.140100,0.396075,-1.492027,0.073170,0.552580,0.000000,0.000000,0.000000,0.000000,1.000000
1.217675,-1.480044,0.452105,0.713462,1.261469,0.685660,0.000000,0.000000,0.000000,0.000000,1.000000
2.089027,-0.578914,0.258442,0.591671,-1.301213,-1.878104,0.000000,1.000000,0.000000,0.000000,0.000000
-0.654150,2.335475,0.789444,0.118884,-2.413700,-1.457736,0.000000,0.000000,0.000000,0.000000,1.000000
0.682632,0.283212,1.086755,1.307693,-0.020601,0.127315,0.000000,0.000000,0.000000,1.000000,0.000000
1.391138,-0.594970,0.604194,0.940047,-0.028801,-0.379331,0.000000,0.000000,0.000000,1.000000,0.000000
2.827328,-1.157794,-1.420753,1.519568,-0.555079,-1.898147,0.000000,1.000000,0.000000,0.000000,0.000000
3.209051,-1.449751,1.485342,1.993606,-0.121109,-0.921573,0.000000,0.000000,0.000000,0.000000,1.000000
-1.224942,-0.690084,-1.419316,-1.184302,1.430034,1.209471,0.000000,0.000000,0.000000,1.000000,0.000000
0.333846,0.690440,-2.048643,2.373858,0.815213,0.335325,0.000000,0.000000,1.000000,0.000000,0.000000
-1.401868,0.474639,0.619578,0.604134,1.726204,2.299495,0.000000,0.000000,0.000000,1.000000,0.000000
1.627579,-1.563568,-2.219892,1.454221,1.517893,0.140343,0.000000,1.000000,0.000000,0.000000,0.000000
-2.113545,1.736809,0.661184,0.859694,1.065258,2.133531,0.000000,0.000000,0.000000,0.000000,1.000000
1.294882,-0.354167,-0.244800,1.263376,0.043639,-0.443128,0.000000,0.000000,0.000000,0.000000,1.000000
0.043744,-1.688229,-3.153894,-0.508894,1.851236,0.629458,1.000000,0.000000,0.000000,0.000000,0.000000
-0.378739,-2.953838,0.286344,-4.000417,0.933623,0.442169,1.000000,0.000000,0.000000,0.000000,0.000000
-1.507045,2.502035,2.450779,-1.221879,-2.810000,-1.161832,0.000000,0.000000,0.000000,0.000000,1.000000
3.584814,-2.133065,-1.150351,2.078290,0.419431,-1.302782,0.000000,0.000000,0.000000,0.000000,1.000000
-2.398343,-1.422272,-2.788996,-3.404145,1.857320,1.440378,1.000000,0.000000,0.000000,0.000000,0.000000
-0.494308,-2.262599,-0.786187,-1.529588,2.442171,1.810767,0.000000,0.000000,0.000000,1.000000,0.000000
-0.643448,-2.288014,-1.676454,-0.607451,3.546313,2.689930,0.000000,0.000000,0.000000,1.000000,0.000000
3.001166,-0.176138,1.899517,0.915061,-2.732844,-3.011257,0.000000,0.000000,1.000000,0.000000,0.000000
-0.890180,0.070285,-0.613678,-1.037343,0.045575,0.146006,0.000000,0.000000,0.000000,1.000000,0.000000
-0.926833,2.073245,-1.512237,-1.024531,-2.819117,-2.404380,0.000000,1.000000,0.000000,0.000000,0.000000
1.782227,0.382378,4.561890,2.004832,-0.863615,-0.096839,0.000000,0.000000,0.000000,1.000000,0.000000
-1.787760,0.247325,-0.851460,-0.825400,1.155782,1.438125,0.000000,1.000000,0.000000,0.000000,0.000000
-1.294365,2.391436,1.043876,0.325563,-1.458978,-0.288476,0.000000,0.000000,0.000000,0.000000,1.000000
-0.498696,1.784327,1.452156,0.522636,-1.414981,-0.488577,0.000000,0.000000,0.000000,0.000000,1.000000
0.381773,0.773017,-1.462356,1.496640,-0.202246,-0.496289,0.000000,0.000000,1.000000,0.000000,0.000000
1.846107,-1.158843,-1.668833,1.210322,0.420244,-0.754410,0.000000,1.000000,0.000000,0.000000,0.000000
-2.917982,1.258021,-1.356599,1.454640,3.345620,3.947059,0.000000,0.000000,0.000000,0.000000,1.000000
0.747578,-0.543145,0.463316,-1.083213,-1.218971,-1.379007,0.000000,0.000000,1.000000,0.000000,0.000000
0.152305,0.611610,-0.899945,2.067151,0.889874,0.725127,0.000000,0.000000,1.000000,0.000000,0.000000
0.519046,-0.350358,-2.007622,0.098941,-0.104969,-0.815433,1.000000,0.000000,0.000000,0.000000,0.000000
1.054155,1.842014,1.448703,1.547169,-2.531046,-1.972494,0.000000,0.000000,0.000000,0.000000,1.000000
-0.170292,-1.055116,0.826490,0.183354,1.944798,1.903020,0.000000,0.000000,0.000000,1.000000,0.000000
-0.095964,3.087203,2.223692,0.664028,-3.681786,-2.314483,0.000000,0.000000,0.000000,0.000000,1.000000
0.683143,1.432426,-1.989103,2.481817,-0.611746,-0.962603,0.000000,0.000000,1.000000,0.000000,0.000000
1.369982,-2.064497,-1.665930,0.940959,2.095418,0.797775,0.000000,0.000000,0.000000,1.000000,0.000000
2.358677,-0.134225,-0.956257,1.896755,-1.061082,-1.925832,0.000000,0.000000,1.000000,0.000000,0.000000
0.195543,-1.246214,-1.227534,1.894075,3.359865,2.618777,0.000000,0.000000,0.000000,1.000000,0.000000
-0.219329,-0.703813,-2.133184,-1.133166,0.179368,-0.449083,1.000000,0.000000,0.000000,0.000000,0.000000
-1.983778,-0.545669,-1.065402,-1.925434,1.499026,1.599281,0.000000,0.000000,0.000000,1.000000,0.000000
-0.007842,0.458891,2.350358,0.112818,-0.507579,0.194979,0.000000,0.000000,0.000000,1.000000,0.000000
2.041727,-2.070891,-1.442604,1.584120,1.854649,0.438710,0.000000,1.000000,0.000000,0.000000,0.000000
1.120332,2.375382,1.802026,1.484494,-3.446201,-2.671712,0.000000,0.000000,1.000000,0.000000,0.000000
-1.413578,2.102632,0.801845,-0.857308,-2.028258,-0.927979,0.000000,0.000000,1.000000,0.000000,0.000000
-0.025176,-0.158486,-0.605619,-0.092798,0.163209,-0.020236,0.000000,1.000000,0.000000,0.000000,0.000000
0.610130,2.718741,1.213155,1.511184,-3.265802,-2.433207,0.000000,0.000000,0.000000,0.000000,1.000000
0.848453,-0.615881,0.734641,1.413593,1.165761,0.947914,0.000000,0.000000,0.000000,1.000000,0.000000
0.106699,0.042285,0.971632,-1.496749,-1.625696,-1.347382,0.000000,0.000000,1.000000,0.000000,0.000000
0.585636,-0.831702,-2.133089,-0.105100,0.308877,-0.568087,1.000000,0.000000,0.000000,0.000000,0.000000
-0.410383,-0.688355,-0.489858,0.620066,2.122595,1.890360,1.000000,0.000000,0.000000,0.000000,0.000000
-3.180050,2.810786,-0.825826,0.176764,0.208803,1.453817,1.000000,0.000000,0.000000,0.000000,0.000000
-1.288552,-1.146519,-0.324704,-2.076404,1.334882,1.309312,0.000000,0.000000,0.000000,1.000000,0.000000
1.131616,-0.495892,-0.519025,-0.206019,-0.958604,-1.465268,0.000000,0.000000,1.000000,0.000000,0.000000
-0.007770,3.106731,1.537572,1.214159,-3.306498,-2.142420,0.000000,0.000000,0.000000,0.000000,1.000000
-0.112521,-0.338532,-0.843882,0.093343,0.713597,0.436797,0.000000,0.000000,0.000000,0.000000,1.000000
0.733228,-1.962318,-0.928030,0.358135,2.226080,1.300732,0.000000,0.000000,0.000000,1.000000,0.000000
-2.054707,-0.945345,-2.611012,-2.555530,1.538363,1.186330,1.000000,0.000000,0.000000,0.000000,0.000000
1.653513,-2.001801,2.327681,0.375121,1.158574,0.823866,0.000000,0.000000,0.000000,1.000000,0.000000
-0.407687,0.244568,1.648441,1.370824,1.523792,2.043160,0.000000,0.000000,1.000000,0.000000,0.000000
-0.877650,0.485027,-2.808239,-2.246421,-1.775499,-2.072489,0.000000,1.000000,0.000000,0.000000,0.000000
-0.398800,-1.068025,-1.029088,-2.558439,-0.412615,-0.775582,1.000000,0.000000,0.000000,0.000000,0.000000
0.423541,0.657441,2.408557,0.212825,-1.259605,-0.590145,0.000000,0.000000,0.000000,0.000000,1.000000
-0.329475,1.578587,0.094658,0.214905,-1.655836,-1.148354,0.000000,1.000000,0.000000,0.000000,0.000000
0.998009,-2.975622,-1.970131,0.246611,3.228397,1.720944,0.000000,0.000000,0.000000,1.000000,0.000000
3.141539,-1.533251,0.782624,0.524171,-1.339790,-2.272552,1.000000,0.000000,0.000000,0.000000,0.000000
0.924762,3.555404,1.863502,2.184558,-4.230359,-3.108187,0.000000,0.000000,0.000000,0.000000,1.000000
0.153281,-0.470610,-1.903898,0.551893,0.983524,0.333883,0.000000,0.000000,0.000000,1.000000,0.000000
1.490551,2.853876,1.450150,2.641246,-3.514156,-2.822069,0.000000,0.000000,0.000000,0.000000,1.000000
1.340813,1.032248,-2.688834,2.260107,-1.111256,-1.881561,0.000000,0.000000,1.000000,0.000000,0.000000
-1.576128,1.250003,-0.992007,1.302719,1.472158,1.866252,1.000000,0.000000,0.000000,0.000000,0.000000
-1.439972,2.104707,-1.327075,-1.135288,-2.301083,-1.713368,0.000000,1.000000,0.000000,0.000000,0.000000
-0.185577,1.391431,0.116499,0.025162,-1.753553,-1.316050,0.000000,0.000000,1.000000,0.000000,0.000000
-1.446866,-2.162853,0.565383,-3.321325,1.832736,1.836389,0.000000,0.000000,0.000000,1.000000,0.000000
4.201131,-1.934846,-1.453213,2.317147,-0.444981,-2.336064,0.000000,1.000000,0.000000,0.000000,0.000000
0.377740,1.122103,0.935072,0.939421,-1.200049,-0.787380,0.000000,0.000000,0.000000,0.000000,1.000000
-2.256083,-0.103566,-0.242651,-2.708617,0.470407,0.978871,0.000000,0.000000,0.000000,1.000000,0.000000
-1.069838,-2.374705,-1.571336,-2.896506,2.023039,1.341767,1.000000,0.000000,0.000000,0.000000,0.000000
-2.434292,2.412473,1.167800,0.100070,-0.222313,1.247533,0.000000,1.000000,0.000000,0.000000,0.000000
0.203997,0.420561,0.338272,1.480892,0.556423,0.656413,0.000000,0.000000,0.000000,0.000000,1.000000
0.719792,-2.510872,0.755048,-1.441615,1.335020,0.745379,0.000000,1.000000,0.000000,0.000000,0.000000
-0.656911,-1.839092,-1.690586,-0.695159,2.826995,2.091725,0.000000,0.000000,0.000000,1.000000,0.000000
-0.340007,-0.340691,-0.613541,-0.969788,-0.007825,-0.141577,0.000000,1.000000,0.000000,0.000000,0.000000
1.240813,0.620303,-2.357461,1.888385,-0.735346,-1.497504,0.000000,0.000000,1.000000,0.000000,0.000000
-0.040022,-0.632120,-0.383527,0.282802,1.236158,0.973413,0.000000,0.000000,0.000000,1.000000,0.000000
0.579267,-0.353143,0.158422,0.526310,0.269464,0.068023,0.000000,0.000000,0.000000,0.000000,1.000000
-0.198140,-2.333399,-1.559880,-0.654080,2.990216,2.052505,0.000000,0.000000,0.000000,1.000000,0.000000
1.980990,0.389555,-2.327992,2.631753,-0.645981,-1.652535,0.000000,0.000000,1.000000,0.000000,0.000000
1.017845,-0.051666,0.547582,0.860248,-0.410391,-0.545009,0.000000,0.000000,0.000000,0.000000,1.000000
-2.610775,2.194467,-0.806835,-1.420665,-1.175031,-0.162536,0.000000,0.000000,1.000000,0.000000,0.000000
-0.593951,0.666079,2.344929,1.237200,1.036881,1.886724,0.000000,0.000000,0.000000,1.000000,0.000000
0.040902,1.533949,3.621277,-0.919181,-3.105170,-1.779521,0.000000,0.000000,1.000000,0.000000,0.000000
2.035616,-1.887923,-0.341857,0.005132,0.094271,-0.946094,1.000000,0.000000,0.000000,0.000000,0.000000
1.618419,-2.061154,2.315620,-0.330594,0.610272,0.288292,0.000000,0.000000,0.000000,1.000000,0.000000
0.471417,-0.377951,2.400775,0.620701,0.574932,0.944408,0.000000,0.000000,0.000000,1.000000,0.000000
-1.485276,0.825786,-0.009153,-2.099759,-1.291265,-0.672262,0.000000,0.000000,1.000000,0.000000,0.000000
-1.766563,0.383585,-1.926494,-0.925298,0.815712,0.865884,0.000000,0.000000,0.000000,1.000000,0.000000
0.072064,-3.785587,0.681455,-2.590115,2.921084,2.159702,0.000000,0.000000,0.000000,1.000000,0.000000
-1.820890,-0.003634,-2.859569,-3.053604,-0.617690,-0.818246,0.000000,1.000000,0.000000,0.000000,0.000000
0.577094,-0.099006,-0.659752,0.949916,0.297333,-0.053605,0.000000,0.000000,0.000000,1.000000,0.000000
2.418595,0.837081,0.805690,2.779174,-1.669615,-1.883228,0.000000,0.000000,0.000000,0.000000,1.000000
2.315228,-4.274415,-0.777260,0.157719,3.336722,1.489657,0.000000,0.000000,0.000000,1.000000,0.000000
1.540732,-1.078812,-0.415755,-0.201751,-0.638033,-1.365013,0.000000,0.000000,1.000000,0.000000,0.000000
-0.750102,-0.575794,-0.686535,-1.196907,0.646892,0.532373,0.000000,0.000000,0.000000,1.000000,0.000000
-1.035835,-0.899668,-1.197090,-1.001721,1.668250,1.398949,0.000000,0.000000,0.000000,1.000000,0.000000
0.521847,-0.132109,-0.926149,0.144544,-0.363247,-0.749792,0.000000,1.000000,0.000000,0.000000,0.000000
2.870404,-1.455650,-1.864491,1.733831,0.020424,-1.528303,0.000000,1.000000,0.000000,0.000000,0.000000
0.109403,0.896251,-1.536971,0.660836,-0.833613,-1.024658,0.000000,0.000000,1.000000,0.000000,0.000000
-0.675953,2.311505,-1.267026,1.184117,-1.359267,-0.950616,1.000000,0.000000,0.000000,0.000000,0.000000
2.206416,-0.053108,0.643138,2.301950,-0.563232,-0.989031,0.000000,0.000000,0.000000,0.000000,1.000000
1.029792,-2.434948,-1.649188,0.404088,2.558917,1.261661,0.000000,0.000000,0.000000,1.000000,0.000000
1.539429,0.519703,-0.785064,0.591236,-2.200510,-2.622721,0.000000,0.000000,1.000000,0.000000,0.000000
0.270519,-1.515733,-1.402337,-0.996111,0.866225,0.090130,1.000000,0.000000,0.000000,0.000000,0.000000
-4.081685,1.357754,-1.366262,1.119639,4.391105,5.288527,0.000000,0.000000,0.000000,0.000000,1.000000
0.752217,0.571690,-0.933259,1.339011,-0.534388,-0.828130,0.000000,0.000000,1.000000,0.000000,0.000000
-1.906265,1.285366,-0.352042,-0.202498,0.410765,1.097236,1.000000,0.000000,0.000000,0.000000,0.000000
4.629253,-1.619555,1.354860,1.520613,-2.179244,-3.359526,1.000000,0.000000,0.000000,0.000000,0.000000
-1.454944,-0.647339,-1.133748,-1.464943,1.401517,1.324036,0.000000,0.000000,0.000000,1.000000,0.000000
-0.005214,1.909550,1.187639,0.587002,-2.181094,-1.399986,0.000000,0.000000,0.000000,0.000000,1.000000
-2.032342,1.476574,-0.873367,0.912922,1.362779,1.961473,1.000000,0.000000,0.000000,0.000000,0.000000
2.018400,-0.390223,2.747063,0.771146,-1.268089,-1.167692,0.000000,0.000000,0.000000,1.000000,0.000000
-0.476115,0.953406,-1.591417,0.409715,-0.398101,-0.447929,0.000000,0.000000,1.000000,0.000000,0.000000
-0.426268,0.952000,2.449111,0.481233,-0.323070,0.615848,0.000000,0.000000,0.000000,1.000000,0.000000
-0.047276,0.325840,0.406630,-0.661425,-1.042155,-0.822446,0.000000,0.000000,1.000000,0.000000,0.000000
-0.078953,2.713178,1.217936,0.908328,-2.942393,-1.935514,0.000000,0.000000,0.000000,0.000000,1.000000
0.360949,1.459525,-2.709602,1.995065,-0.713391,-1.147422,0.000000,0.000000,1.000000,0.000000,0.000000
-0.324142,-0.817040,-0.623321,-0.881869,0.748001,0.479406,0.000000,0.000000,0.000000,1.000000,0.000000
3.736734,-1.544484,1.841207,1.962374,-0.693731,-1.548163,0.000000,0.000000,0.000000,0.000000,1.000000
0.555069,2.065215,2.363272,1.077890,-2.642787,-1.670751,0.000000,0.000000,0.000000,0.000000,1.000000
-1.592549,0.184118,-0.775383,-1.503159,0.342026,0.605396,0.000000,0.000000,0.000000,1.000000,0.000000
0.045950,-0.085331,0.257767,1.676188,1.683569,1.658755,0.000000,0.000000,0.000000,0.000000,1.000000
1.817968,1.760738,0.862099,2.525047,-2.474089,-2.286422,0.000000,0.000000,0.000000,0.000000,1.000000
1.936983,-1.441779,-1.221400,1.249894,0.758801,-0.401306,0.000000,1.000000,0.000000,0.000000,0.000000
1.902158,-0.943888,0.450651,1.377908,0.232736,-0.377288,0.000000,0.000000,0.000000,1.000000,0.000000
0.084009,0.749555,-0.584634,0.733690,-0.501075,-0.491313,1.000000,0.000000,0.000000,0.000000,0.000000
2.557057,-0.883913,0.061296,0.591044,-1.470785,-2.282113,1.000000,0.000000,0.000000,0.000000,0.000000
-0.416760,-0.941731,-1.573396,-1.461744,0.474658,-0.022559,1.000000,0.000000,0.000000,0.000000,0.000000
1.271617,-0.559269,2.814247,2.369572,1.489778,1.676217,0.000000,0.000000,0.000000,1.000000,0.000000
0.767771,0.022055,1.631730,1.036790,-0.003693,0.200377,0.000000,0.000000,0.000000,1.000000,0.000000
1.968120,0.261721,-2.947014,2.104023,-0.962577,-2.136046,0.000000,0.000000,1.000000,0.000000,0.000000
-0.433356,0.792211,1.663285,1.143625,0.543050,1.224209,0.000000,0.000000,0.000000,0.000000,1.000000
1.477481,0.088049,-0.000091,1.791852,-0.322800,-0.690497,0.000000,0.000000,0.000000,0.000000,1.000000
-1.279026,0.244331,-0.330022,1.811452,3.048027,3.256972,0.000000,0.000000,0.000000,0.000000,1.000000
-1.668748,-0.960669,-1.205722,-1.780206,1.829695,1.709963,0.000000,0.000000,0.000000,1.000000,0.000000
-0.102207,0.795915,-1.345139,-0.817483,-1.833757,-1.906970,0.000000,1.000000,0.000000,0.000000,0.000000
-1.054453,-0.649233,-1.192325,-0.910665,1.416507,1.215728,0.000000,0.000000,0.000000,1.000000,0.000000
-1.906878,1.376570,0.635606,0.926328,1.383533,2.301680,0.000000,0.000000,0.000000,0.000000,1.000000
-1.960699,0.929953,-1.849690,-2.291545,-1.040500,-0.737736,0.000000,1.000000,0.000000,0.000000,0.000000
1.790579,-0.725537,-1.527489,1.000458,-0.336732,-1.342314,0.000000,1.000000,0.000000,0.000000,0.000000
0.382787,-2.115720,-1.483387,-0.114613,2.439661,1.430268,0.000000,0.000000,0.000000,1.000000,0.000000
1.201190,-0.265210,0.030025,1.339528,0.114319,-0.262272,0.000000,0.000000,0.000000,0.000000,1.000000
-1.206338,-1.709946,-1.395419,-1.614740,2.472916,1.998865,0.000000,0.000000,0.000000,1.000000,0.000000
-2.088129,1.150010,1.335901,-2.485640,-1.327114,-0.140617,0.000000,0.000000,1.000000,0.000000,0.000000
1.447167,-2.086564,-0.983531,0.540282,1.652691,0.514623,0.000000,0.000000,0.000000,1.000000,0.000000
3.738210,-1.004710,2.246755,0.323947,-3.051372,-3.608139,1.000000,0.000000,0.000000,0.000000,0.000000
-0.164777,-1.700024,-1.155449,-0.624213,2.062504,1.384118,0.000000,0.000000,0.000000,1.000000,0.000000
1.016384,0.615875,-0.166107,0.314929,-1.915695,-2.032428,0.000000,1.000000,0.000000,0.000000,0.000000
-0.323928,0.722249,-0.167055,-0.605292,-1.213894,-0.971616,0.000000,0.000000,1.000000,0.000000,0.000000
4.164122,-2.587448,-1.686193,2.614472,0.833570,-1.289473,0.000000,1.000000,0.000000,0.000000,0.000000
5.245769,-2.882712,-1.538851,3.048711,0.276768,-2.144699,0.000000,1.000000,0.000000,0.000000,0.000000
-0.223388,-0.430513,1.571425,-0.037927,0.906088,1.233572,0.000000,0.000000,0.000000,1.000000,0.000000
2.733841,-0.945052,-0.504634,1.153258,-1.079834,-2.106146,0.000000,1.000000,0.000000,0.000000,0.000000
1.336529,-3.466804,-1.117326,0.122686,3.396788,1.899372,0.000000,0.000000,0.000000,1.000000,0.000000
1.082155,0.552797,-1.420327,2.525394,0.198757,-0.334383,1.000000,0.000000,0.000000,0.000000,0.000000
-0.257511,1.911619,-0.183726,0.749794,-1.722551,-1.230087,0.000000,0.000000,0.000000,0.000000,1.000000
-2.602431,1.980752,0.373595,-1.886070,-1.303733,-0.041149,0.000000,0.000000,1.000000,0.000000,0.000000
-2.922018,0.927933,-0.604556,-2.098736,0.419540,1.239799,0.000000,1.000000,0.000000,0.000000,0.000000
-0.172313,0.393222,-0.740541,1.624196,1.205164,1.109781,0.000000,0.000000,0.000000,1.000000,0.000000
1.027158,-1.954108,2.229700,0.907777,2.415348,2.191556,0.000000,0.000000,0.000000,1.000000,0.000000
2.780819,-0.526078,1.294834,1.775922,-1.118886,-1.619196,0.000000,0.000000,0.000000,0.000000,1.000000
-1.912794,1.245227,-0.832767,0.475470,1.122573,1.657983,1.000000,0.000000,0.000000,0.000000,0.000000
-0.167657,-1.846381,-1.052317,-0.822164,2.089873,1.405639,0.000000,0.000000,0.000000,1.000000,0.000000
1.768090,-4.001643,-0.111055,-0.626798,2.907503,1.446682,0.000000,0.000000,0.000000,1.000000,0.000000
-0.228853,2.119919,0.967739,0.609571,-2.177847,-1.346321,0.000000,1.000000,0.000000,0.000000,0.000000
0.588997,-1.525267,0.876642,-1.772190,-0.242953,-0.501521,1.000000,0.000000,0.000000,0.000000,0.000000
-0.917874,-0.764903,-1.042747,-1.173434,1.156292,0.940207,0.000000,0.000000,0.000000,1.000000,0.000000
1.441238,-1.804033,-0.236665,-1.436524,-0.641869,-1.452628,1.000000,0.000000,0.000000,0.000000,0.000000
1.042711,-1.211225,0.497441,-1.694144,-1.220393,-1.594344,1.000000,0.000000,0.000000,0.000000,0.000000
-0.938082,0.457064,1.239292,-1.815484,-1.172071,-0.472870,0.000000,0.000000,1.000000,0.000000,0.000000
1.884527,-0.078343,0.387381,-0.363646,-2.680611,-3.015465,0.000000,0.000000,1.000000,0.000000,0.000000
3.868795,-1.635914,-1.263464,2.029624,-0.720808,-2.401694,0.000000,1.000000,0.000000,0.000000,0.000000
-1.810775,1.130727,-0.068906,-0.662724,0.072617,0.782421,0.000000,1.000000,0.000000,0.000000,0.000000
-0.937248,-0.366278,-1.848677,-0.353829,1.378399,1.044696,0.000000,0.000000,0.000000,1.000000,0.000000
2.625181,-1.153055,-0.932257,0.811243,-0.973219,-2.124868,0.000000,0.000000,1.000000,0.000000,0.000000
-1.464585,0.029374,-1.080450,-1.301744,0.589252,0.700608,0.000000,0.000000,0.000000,1.000000,0.000000
-0.779516,1.526903,0.901049,0.634706,-0.577304,0.203493,0.000000,0.000000,0.000000,0.000000,1.000000
1.287704,-0.311433,0.979600,1.686519,0.419470,0.235333,0.000000,0.000000,0.000000,0.000000,1.000000
3.299810,-0.444034,-0.117370,1.198726,-2.493159,-3.419298,1.000000,0.000000,0.000000,0.000000,0.000000
0.191910,-0.323282,-0.939475,-1.367952,-1.114001,-1.429975,1.000000,0.000000,0.000000,0.000000,0.000000
3.293363,-1.145194,0.072849,1.149949,-1.510066,-2.571285,0.000000,0.000000,1.000000,0.000000,0.000000
1.543314,0.027409,0.489249,1.794054,-0.309860,-0.586986,0.000000,0.000000,0.000000,0.000000,1.000000
1.154307,-0.385094,0.944904,0.939042,-0.020837,-0.178218,0.000000,0.000000,0.000000,1.000000,0.000000
1.106289,-1.730218,0.105971,-1.533904,-0.401498,-1.029391,1.000000,0.000000,0.000000,0.000000,0.000000
1.133365,0.229061,-1.947683,0.576935,-1.283900,-1.979959,1.000000,0.000000,0.000000,0.000000,0.000000
2.671454,-1.436669,-1.230877,1.513990,0.050560,-1.283987,0.000000,1.000000,0.000000,0.000000,0.000000
0.906045,0.822784,2.806138,0.292664,-2.043519,-1.342502,0.000000,0.000000,0.000000,1.000000,0.000000
1.739563,0.192602,-2.189060,2.929584,0.243378,-0.736587,0.000000,0.000000,1.000000,0.000000,0.000000
0.505491,1.127370,-1.740206,0.235906,-2.097274,-2.352259,0.000000,0.000000,1.000000,0.000000,0.000000
-1.659603,0.775613,-0.199713,-1.504453,-0.421375,0.156289,0.000000,0.000000,1.000000,0.000000,0.000000
0.850869,0.710907,-2.306262,3.897563,1.576815,0.871685,1.000000,0.000000,0.000000,0.000000,0.000000
-3.583584,2.958112,0.017562,-0.033786,0.331085,1.921812,0.000000,0.000000,0.000000,0.000000,1.000000
1.829651,-0.550332,-0.365905,0.645159,-0.964548,-1.632465,0.000000,1.000000,0.000000,0.000000,0.000000
-1.401599,1.966507,0.188356,-1.143844,-2.132643,-1.213716,0.000000,0.000000,1.000000,0.000000,0.000000
-1.528382,2.085881,0.608728,0.698908,-0.358539,0.663199,0.000000,0.000000,0.000000,0.000000,1.000000
-1.679793,0.980621,-0.043985,-2.053630,-1.219367,-0.526015,0.000000,0.000000,0.000000,1.000000,0.000000
-1.306407,0.875845,-0.486239,0.157090,0.569720,0.968177,1.000000,0.000000,0.000000,0.000000,0.000000
-5.073026,4.513209,-0.072664,-0.468608,-0.411358,1.916439,0.000000,0.000000,0.000000,0.000000,1.000000
3.438102,-0.642787,-0.323624,1.219232,-2.368060,-3.429605,0.000000,1.000000,0.000000,0.000000,0.000000
-0.016289,1.413153,0.937039,-0.105513,-2.117156,-1.503876,0.000000,0.000000,1.000000,0.000000,0.000000
-1.454436,1.762341,-0.997030,-0.335869,-1.009120,-0.453439,0.000000,0.000000,1.000000,0.000000,0.000000
-1.899845,0.203050,-1.251163,-1.475388,0.732780,0.951040,0.000000,0.000000,0.000000,1.000000,0.000000
-1.900790,1.858111,-0.036016,-0.786779,-0.985845,-0.051275,0.000000,1.000000,0.000000,0.000000,0.000000
-1.728634,0.849712,-2.550561,-2.308247,-1.253769,-1.197600,0.000000,1.000000,0.000000,0.000000,0.000000
3.641783,-2.409809,0.414198,3.146992,1.803687,0.348140,0.000000,0.000000,0.000000,0.000000,1.000000
-0.621931,-2.057598,-1.609197,-0.770165,3.028018,2.249843,0.000000,0.000000,0.000000,1.000000,0.000000
2.572276,-0.663162,-0.561168,1.000495,-1.427341,-2.351851,0.000000,1.000000,0.000000,0.000000,0.000000
4.213904,-1.840478,-0.848842,2.106655,-0.791163,-2.503161,0.000000,1.000000,0.000000,0.000000,0.000000
0.094413,-1.348348,0.817719,-2.776018,-0.824951,-0.907022,1.000000,0.000000,0.000000,0.000000,0.000000
-0.029406,-0.480599,0.454610,1.716740,2.398132,2.333210,0.000000,0.000000,0.000000,0.000000,1.000000
0.250899,-2.502241,-1.007759,-0.745531,2.572838,1.629906,0.000000,0.000000,0.000000,1.000000,0.000000
-0.767694,0.733094,0.577622,-1.282158,-1.292022,-0.740032,0.000000,0.000000,1.000000,0.000000,0.000000
-0.891297,-0.973278,-0.980321,-1.289054,1.314069,1.056291,0.000000,0.000000,0.000000,1.000000,0.000000
2.666374,-0.522101,1.096509,1.769970,-0.984956,-1.507579,0.000000,0.000000,0.000000,0.000000,1.000000
3.779477,-1.358402,1.298842,0.833516,-2.116489,-3.028237,1.000000,0.000000,0.000000,0.000000,0.000000
0.351250,1.305147,-2.946646,3.650473,1.114378,0.527656,0.000000,0.000000,1.000000,0.000000,0.000000
0.497421,1.006862,2.251172,0.824124,-1.276933,-0.591111,0.000000,0.000000,0.000000,0.000000,1.000000
0.278137,-1.138581,-0.957384,0.136749,1.407570,0.802092,0.000000,0.000000,0.000000,0.000000,1.000000
-1.302160,-0.995847,-1.470287,-1.118864,2.036760,1.737842,0.000000,0.000000,0.000000,1.000000,0.000000
-0.620077,-2.312978,-1.117968,-1.239542,2.952696,2.244154,0.000000,0.000000,0.000000,1.000000,0.000000
-1.293909,1.983642,-0.565467,-0.879462,-2.055701,-1.352268,0.000000,0.000000,1.000000,0.000000,0.000000
-1.409546,-0.215749,-0.949433,-1.418680,0.763299,0.833931,0.000000,0.000000,0.000000,1.000000,0.000000
3.635222,-3.827580,1.323625,-0.919805,-0.031197,-1.498712,1.000000,0.000000,0.000000,0.000000,0.000000
-0.325089,-0.924900,-2.864267,0.106426,1.819894,0.933923,1.000000,0.000000,0.000000,0.000000,0.000000
2.351565,-0.010077,-1.974573,2.937088,-0.247186,-1.364931,0.000000,0.000000,1.000000,0.000000,0.000000
1.363648,-1.441990,2.143740,0.824019,1.151738,0.969370,0.000000,0.000000,0.000000,1.000000,0.000000
0.642455,-1.860490,-1.526818,0.231618,2.064104,1.041651,0.000000,0.000000,0.000000,1.000000,0.000000
-0.705494,-0.194478,-0.151202,-0.690740,0.531819,0.624063,1.000000,0.000000,0.000000,0.000000,0.000000
-2.785581,1.313646,2.664143,-3.278178,-1.398776,0.343361,0.000000,0.000000,1.000000,0.000000,0.000000
0.692396,2.552298,2.696353,1.469515,-3.145870,-2.006261,0.000000,0.000000,0.000000,0.000000,1.000000
-0.224915,0.392819,2.631010,0.833377,0.569709,1.349061,0.000000,0.000000,0.000000,0.000000,1.000000
-2.846259,3.110308,2.634116,-1.789986,-2.496255,-0.322658,0.000000,0.000000,1.000000,0.000000,0.000000
1.184402,-0.855796,-1.984785,0.964199,0.598018,-0.418399,0.000000,1.000000,0.000000,0.000000,0.000000
-0.571464,0.828924,-0.688183,0.520871,0.029206,0.188275,1.000000,0.000000,0.000000,0.000000,0.000000
2.991708,-0.656476,1.056883,0.419426,-2.514740,-3.110582,1.000000,0.000000,0.000000,0.000000,0.000000
4.117249,-1.568224,1.918404,2.142031,-0.979656,-1.912492,0.000000,0.000000,0.000000,0.000000,1.000000
0.495986,-0.501687,2.155763,1.437494,1.505502,1.748708,0.000000,0.000000,0.000000,1.000000,0.000000
-3.885796,2.589457,0.647524,0.295516,1.587588,3.293939,0.000000,0.000000,0.000000,0.000000,1.000000
0.228035,1.030541,0.762468,-0.176009,-1.950016,-1.533615,0.000000,0.000000,1.000000,0.000000,0.000000
1.017398,-0.127004,1.614862,2.504456,1.301989,1.357550,0.000000,0.000000,0.000000,1.000000,0.000000
-1.918525,1.462045,-0.095672,0.889376,1.226450,1.989566,0.000000,0.000000,0.000000,0.000000,1.000000
-2.795449,1.764270,-0.102482,-1.042092,0.066758,1.169078,1.000000,0.000000,0.000000,0.000000,0.000000
0.203619,1.162255,-1.979201,0.544708,-1.461941,-1.709652,0.000000,0.000000,1.000000,0.000000,0.000000
-0.493736,0.352443,0.018650,-1.290848,-1.113273,-0.861738,0.000000,0.000000,1.000000,0.000000,0.000000
0.841458,-1.470131,0.494840,1.548542,2.541620,2.035503,0.000000,0.000000,0.000000,1.000000,0.000000
3.982900,-2.550687,-2.531753,2.741106,1.123426,-1.163334,0.000000,1.000000,0.000000,0.000000,0.000000
-1.550855,2.320638,-2.212178,2.361378,0.883348,1.216697,0.000000,0.000000,1.000000,0.000000,0.000000
-1.543689,1.141932,-1.086610,-1.453591,-1.070321,-0.643583,0.000000,1.000000,0.000000,0.000000,0.000000
3.687356,-2.108542,-2.344484,2.429195,0.568192,-1.478561,0.000000,1.000000,0.000000,0.000000,0.000000
-0.567567,-0.266621,-1.729688,-1.973000,-0.805106,-1.111777,1.000000,0.000000,0.000000,0.000000,0.000000
-0.158931,0.434522,0.407577,0.035043,-0.383772,-0.133306,0.000000,0.000000,0.000000,0.000000,1.000000
-0.413108,0.625192,-1.042919,1.151148,0.720419,0.681077,1.000000,0.000000,0.000000,0.000000,0.000000
0.958351,0.194547,-1.801682,3.026853,1.356768,0.645306,1.000000,0.000000,0.000000,0.000000,0.000000
-3.252395,2.288180,-0.086236,0.475085,1.362025,2.658680,0.000000,0.000000,0.000000,0.000000,1.000000
0.816136,-1.024971,-0.942749,-1.312101,-0.852762,-1.496826,1.000000,0.000000,0.000000,0.000000,0.000000
0.712555,-0.070024,-0.550253,-0.293602,-1.117161,-1.422140,1.000000,0.000000,0.000000,0.000000,0.000000
0.177202,1.506765,-0.378070,0.483236,-1.959926,-1.711261,0.000000,0.000000,1.000000,0.000000,0.000000
2.392370,-1.374248,-1.185817,1.389477,0.203615,-1.036539,0.000000,1.000000,0.000000,0.000000,0.000000
2.532305,-0.897746,-0.709622,1.126720,-0.915535,-1.934151,0.000000,1.000000,0.000000,0.000000,0.000000
0.476657,-1.718600,-0.709649,-1.942141,-0.006837,-0.679310,1.000000,0.000000,0.000000,0.000000,0.000000
-2.872252,2.178316,-2.227186,2.370729,2.817180,3.405052,1.000000,0.000000,0.000000,0.000000,0.000000
0.086950,-0.940915,-1.259751,-0.162718,1.075385,0.499972,0.000000,0.000000,0.000000,1.000000,0.000000
0.405895,-0.852728,1.060333,-0.185294,0.550346,0.503250,0.000000,0.000000,0.000000,0.000000,1.000000
-0.496036,1.075540,-0.422375,0.149386,-0.780487,-0.494774,1.000000,0.000000,0.000000,0.000000,0.000000
1.292053,-2.381340,-1.578999,1.118323,2.829355,1.481075,0.000000,0.000000,0.000000,0.000000,1.000000
4.838574,-2.595850,-1.259935,2.746571,0.103258,-2.071810,0.000000,1.000000,0.000000,0.000000,0.000000
0.061843,0.602904,-0.980679,0.122439,-0.854917,-0.956842,0.000000,0.000000,1.000000,0.000000,0.000000
0.497741,0.704551,-1.998404,1.696111,-0.070556,-0.548370,0.000000,0.000000,1.000000,0.000000,0.000000
1.427129,0.639362,0.950315,1.774846,-1.058302,-1.032554,0.000000,0.000000,0.000000,0.000000,1.000000
0.057069,-0.047984,1.138280,0.525517,0.521225,0.760685,0.000000,0.000000,0.000000,1.000000,0.000000
1.572634,-0.606576,-0.765616,0.672275,-0.529316,-1.254588,0.000000,1.000000,0.000000,0.000000,0.000000
-0.707136,-0.341545,1.128362,-0.085840,1.352206,1.703289,0.000000,0.000000,0.000000,1.000000,0.000000
-1.399757,1.618345,-0.113413,-0.224995,-0.749170,-0.028237,0.000000,0.000000,1.000000,0.000000,0.000000
0.912742,-1.578794,-0.883039,-0.609028,0.504478,-0.316287,1.000000,0.000000,0.000000,0.000000,0.000000
0.895397,1.311452,-1.522644,2.495881,-0.690537,-1.005665,1.000000,0.000000,0.000000,0.000000,0.000000
0.704175,-1.547669,-0.583634,-1.801763,-0.413586,-1.065280,1.000000,0.000000,0.000000,0.000000,0.000000
-1.722358,0.650783,-0.244635,-0.159876,1.136265,1.638988,1.000000,0.000000,0.000000,0.000000,0.000000
0.550662,-0.210694,-1.227824,1.791943,1.295527,0.751924,1.000000,0.000000,0.000000,0.000000,0.000000
3.237552,-1.949783,-1.386608,1.941939,0.469387,-1.180617,0.000000,1.000000,0.000000,0.000000,0.000000
-1.162048,-0.041044,-1.853208,-1.820042,-0.214433,-0.363977,0.000000,1.000000,0.000000,0.000000,0.000000
2.213866,-1.974239,-0.658719,0.459051,0.419791,-0.777120,1.000000,0.000000,0.000000,0.000000,0.000000
0.517009,-0.261577,-0.754052,-0.179321,-0.478003,-0.844177,1.000000,0.000000,0.000000,0.000000,0.000000
-2.566719,1.747379,-2.535542,-0.363393,0.406276,0.826442,0.000000,0.000000,0.000000,1.000000,0.000000
1.041387,-0.834913,-0.586035,-1.305762,-1.409554,-1.965554,1.000000,0.000000,0.000000,0.000000,0.000000
-1.085483,6.608097,3.367781,1.027428,-7.139604,-4.347942,0.000000,0.000000,0.000000,0.000000,1.000000
1.020717,-1.499288,0.342265,-1.591921,-0.677525,-1.164615,1.000000,0.000000,0.000000,0.000000,0.000000
-0.255491,-1.186551,0.600191,-2.220107,-0.073049,-0.106445,0.000000,0.000000,0.000000,1.000000,0.000000
2.004573,0.651392,1.646715,2.202882,-1.402405,-1.344374,0.000000,0.000000,0.000000,0.000000,1.000000
3.285598,-1.267009,-0.091019,1.374731,-1.109248,-2.249094,0.000000,1.000000,0.000000,0.000000,0.000000
-0.112908,-1.413316,-1.756937,-1.584486,0.643133,-0.088310,1.000000,0.000000,0.000000,0.000000,0.000000
-1.373983,2.234332,2.012197,-1.127056,-2.510304,-1.074731,0.000000,0.000000,1.000000,0.000000,0.000000
-0.398720,-0.091678,-0.660322,-0.254821,0.394887,0.304661,0.000000,1.000000,0.000000,0.000000,0.000000
-0.653811,-0.692431,-1.828504,-0.110743,1.718120,1.231561,0.000000,0.000000,0.000000,1.000000,0.000000
0.183561,2.038258,0.758291,0.982705,-2.239599,-1.586527,0.000000,0.000000,0.000000,0.000000,1.000000
-0.879023,1.429566,-1.492395,1.478839,0.465972,0.621234,1.000000,0.000000,0.000000,0.000000,0.000000
-0.527476,0.873839,0.068441,1.085738,0.463906,0.793904,0.000000,0.000000,0.000000,0.000000,1.000000
-1.589224,2.486894,2.711783,-1.432947,-2.880051,-1.145655,0.000000,0.000000,1.000000,0.000000,0.000000
0.550233,-1.180015,-1.068176,-0.136133,0.849114,0.153305,0.000000,0.000000,0.000000,1.000000,0.000000
0.893536,-1.684235,-1.097198,-0.375582,0.903879,-0.001388,1.000000,0.000000,0.000000,0.000000,0.000000
0.826286,-1.243472,0.450927,1.256748,1.950231,1.506272,0.000000,0.000000,0.000000,1.000000,0.000000
1.222171,-1.479555,0.174938,1.032313,1.557393,0.901288,0.000000,0.000000,0.000000,1.000000,0.000000
3.507006,-2.173276,-2.073084,2.320030,0.796198,-1.156251,0.000000,1.000000,0.000000,0.000000,0.000000
0.612920,-0.586122,-1.348875,0.483397,0.497064,-0.146123,0.000000,1.000000,0.000000,0.000000,0.000000
1.789975,-0.036752,1.273519,1.655247,-0.657786,-0.807909,0.000000,0.000000,0.000000,1.000000,0.000000
-0.114312,0.286708,-1.023538,-0.189465,-0.467803,-0.614062,0.000000,1.000000,0.000000,0.000000,0.000000
-1.083346,1.927070,-1.485679,1.840505,0.357606,0.679784,1.000000,0.000000,0.000000,0.000000,0.000000
-0.553809,-2.215200,-1.179067,-1.252872,2.710609,1.998345,0.000000,0.000000,0.000000,1.000000,0.000000
0.283951,1.616836,2.777782,0.392525,-2.292204,-1.252202,0.000000,0.000000,0.000000,0.000000,1.000000
0.889082,1.723544,1.847972,2.092079,-1.612482,-0.967348,0.000000,1.000000,0.000000,0.000000,0.000000
-2.233190,0.870374,-2.769746,-2.072237,-0.404001,-0.291542,1.000000,0.000000,0.000000,0.000000,0.000000
0.279954,1.411855,-2.483491,0.955957,-1.536128,-1.873827,0.000000,0.000000,1.000000,0.000000,0.000000
-0.821491,1.873039,-2.310582,2.964087,1.164055,1.171067,0.000000,0.000000,1.000000,0.000000,0.000000
1.367190,-0.067613,-1.038854,-0.154518,-1.846281,-2.423244,1.000000,0.000000,0.000000,0.000000,0.000000
0.986661,-1.078004,0.155763,-1.662504,-1.316355,-1.728368,1.000000,0.000000,0.000000,0.000000,0.000000
1.246741,0.692390,-0.588217,0.543679,-2.113196,-2.373716,1.000000,0.000000,0.000000,0.000000,0.000000
0.988103,-0.373196,-1.209813,0.495048,-0.286513,-0.923386,0.000000,1.000000,0.000000,0.000000,0.000000
0.205231,1.748032,-0.311053,0.915153,-1.929535,-1.621152,0.000000,0.000000,1.000000,0.000000,0.000000
-1.436589,1.871927,-0.274026,0.233865,-0.630247,0.110813,0.000000,0.000000,1.000000,0.000000,0.000000
-1.280004,1.839526,-0.649924,0.557865,-0.481049,0.112257,0.000000,0.000000,1.000000,0.000000,0.000000
-0.013169,0.998571,-0.026828,0.064492,-1.371658,-1.113535,0.000000,1.000000,0.000000,0.000000,0.000000
0.131973,-0.073356,0.249141,-0.963636,-0.989264,-0.944261,0.000000,0.000000,1.000000,0.000000,0.000000
-1.949054,0.920775,-1.123557,-1.373686,-0.145586,0.301713,0.000000,0.000000,0.000000,1.000000,0.000000
-0.871322,-1.503589,-0.511711,-1.281224,2.073926,1.787505,0.000000,0.000000,0.000000,0.000000,1.000000
-2.341194,1.656076,-0.447370,0.896079,1.494714,2.316363,0.000000,0.000000,0.000000,0.000000,1.000000
0.294368,0.564063,0.369246,-0.539964,-1.716070,-1.523291,0.000000,1.000000,0.000000,0.000000,0.000000
-0.065536,0.516175,-1.302786,-0.205845,-0.885086,-1.050366,0.000000,1.000000,0.000000,0.000000,0.000000
-1.065156,-1.079063,-2.023086,-2.280506,0.720784,0.248321,1.000000,0.000000,0.000000,0.000000,0.000000
-1.570582,0.906866,-0.659241,-1.215862,-0.457571,0.011175,0.000000,1.000000,0.000000,0.000000,0.000000
0.894391,0.396725,-0.718276,1.012400,-0.776147,-1.083763,1.000000,0.000000,0.000000,0.000000,0.000000
0.816903,0.625655,0.395506,-0.726950,-2.664751,-2.560059,0.000000,0.000000,1.000000,0.000000,0.000000
0.907341,-1.489356,-1.294046,0.058461,1.017695,0.097521,0.000000,0.000000,0.000000,1.000000,0.000000
-0.233686,1.324225,2.000635,1.023258,-0.599591,0.265186,0.000000,1.000000,0.000000,0.000000,0.000000
-0.829527,1.584680,-1.755600,2.072501,0.743795,0.843845,1.000000,0.000000,0.000000,0.000000,0.000000
2.187128,0.155006,-1.715752,3.079378,-0.131633,-1.109399,0.000000,0.000000,1.000000,0.000000,0.000000
-0.556111,0.853153,-0.598761,-0.700392,-1.201095,-0.976126,0.000000,1.000000,0.000000,0.000000,0.000000
0.064481,0.798101,-0.294149,-0.526963,-1.755861,-1.614743,0.000000,1.000000,0.000000,0.000000,0.000000
-3.276624,2.059620,-1.204895,0.755969,1.977075,2.931767,1.000000,0.000000,0.000000,0.000000,0.000000
1.070169,-0.645618,0.163585,1.938061,1.416212,0.981599,0.000000,0.000000,0.000000,0.000000,1.000000
0.262886,1.079561,-0.065341,0.219125,-1.699954,-1.497013,0.000000,0.000000,1.000000,0.000000,0.000000
-2.069264,0.960487,-1.133495,-1.733659,-0.393946,0.100339,0.000000,1.000000,0.000000,0.000000,0.000000
-3.665950,3.405551,2.014798,-1.962601,-2.036050,0.251398,0.000000,0.000000,1.000000,0.000000,0.000000
0.867270,2.104646,1.618096,1.630038,-2.586771,-1.877630,0.000000,0.000000,0.000000,0.000000,1.000000
-4.215987,3.762386,1.741507,-0.559642,-0.492028,1.898415,0.000000,0.000000,0.000000,0.000000,1.000000
1.606300,0.323266,1.946310,1.561450,-1.020774,-0.864468,0.000000,1.000000,0.000000,0.000000,0.000000
-0.338392,-0.808800,-0.068443,-1.196248,0.461126,0.346089,0.000000,0.000000,0.000000,1.000000,0.000000
-0.313322,0.828237,1.125405,-0.771191,-1.519438,-0.925253,0.000000,0.000000,1.000000,0.000000,0.000000
0.439299,1.187823,-0.826223,1.987140,-0.396138,-0.451922,0.000000,0.000000,1.000000,0.000000,0.000000
2.258717,-1.618922,-1.540826,1.490484,0.824081,-0.542264,0.000000,1.000000,0.000000,0.000000,0.000000
2.364250,-0.788250,-1.482717,2.263913,0.226441,-0.955349,0.000000,0.000000,1.000000,0.000000,0.000000
1.223298,0.174894,1.210275,-0.005079,-1.829076,-1.756532,0.000000,0.000000,1.000000,0.000000,0.000000
2.210240,-1.622829,-1.143216,1.382269,0.795313,-0.458920,0.000000,1.000000,0.000000,0.000000,0.000000
-0.587366,0.748118,-1.105902,1.272283,0.884108,0.896651,1.000000,0.000000,0.000000,0.000000,0.000000
-1.501320,1.170919,-0.534535,-1.166338,-0.881345,-0.329025,0.000000,1.000000,0.000000,0.000000,0.000000
-1.839360,2.474841,-0.942789,1.159789,-0.101529,0.692346,0.000000,0.000000,1.000000,0.000000,0.000000
0.001492,0.810398,-0.220399,-0.016594,-1.198820,-1.039059,0.000000,0.000000,1.000000,0.000000,0.000000
3.166506,-2.077440,0.990630,0.847981,-0.266267,-1.307672,1.000000,0.000000,0.000000,0.000000,0.000000
1.115304,-0.673598,1.623683,1.207074,0.718765,0.653358,0.000000,0.000000,0.000000,1.000000,0.000000
-1.111189,-1.157506,-1.108607,-1.427544,1.731996,1.447588,0.000000,0.000000,0.000000,1.000000,0.000000
0.690623,1.317297,-1.814722,2.867718,-0.079461,-0.432032,0.000000,0.000000,1.000000,0.000000,0.000000
0.658111,0.625413,2.578823,1.014259,-0.743048,-0.119118,0.000000,0.000000,0.000000,1.000000,0.000000
0.231759,-2.357413,-2.157409,0.341865,3.415442,2.193516,0.000000,0.000000,0.000000,1.000000,0.000000
-0.681235,0.886817,-1.182467,1.579297,1.099208,1.140214,1.000000,0.000000,0.000000,0.000000,0.000000
2.609178,-0.384667,2.895716,2.766520,-0.119366,-0.179603,0.000000,1.000000,0.000000,0.000000,0.000000
2.215078,-0.496889,-1.597009,1.692115,-0.555655,-1.636270,0.000000,0.000000,1.000000,0.000000,0.000000
-1.382929,0.447049,-0.410600,0.125917,1.263328,1.585391,1.000000,0.000000,0.000000,0.000000,0.000000
-0.648753,-0.225165,-0.835618,-1.810838,-0.588261,-0.649318,0.000000,0.000000,1.000000,0.000000,0.000000
0.248139,0.553164,0.832942,-0.231148,-1.334676,-1.029651,0.000000,0.000000,1.000000,0.000000,0.000000
1.748812,-1.174353,-1.391153,2.397896,1.718240,0.590580,0.000000,0.000000,0.000000,1.000000,0.000000
2.576435,3.248030,1.954044,3.613913,-4.553026,-3.907543,0.000000,0.000000,0.000000,0.000000,1.000000
0.812797,1.198415,2.763106,2.983293,0.123767,0.844539,0.000000,0.000000,0.000000,1.000000,0.000000
-1.845109,-0.480364,-1.707480,-2.736524,0.431422,0.385585,0.000000,1.000000,0.000000,0.000000,0.000000
0.354052,1.351687,-3.440863,3.048724,0.454930,-0.222683,0.000000,0.000000,1.000000,0.000000,0.000000
-0.947753,0.060738,-1.818016,-1.860176,-0.679014,-0.839612,0.000000,1.000000,0.000000,0.000000,0.000000
-0.140579,2.507894,1.006503,0.805175,-2.667064,-1.749667,0.000000,0.000000,0.000000,0.000000,1.000000
1.442651,0.273821,0.328312,1.690999,-0.638916,-0.864837,0.000000,0.000000,0.000000,0.000000,1.000000
-0.003702,-0.536364,-1.148938,-0.172956,0.597670,0.177363,0.000000,0.000000,0.000000,1.000000,0.000000
-0.049873,0.309895,-0.958673,1.238552,0.791696,0.605577,1.000000,0.000000,0.000000,0.000000,0.000000
-0.878264,2.041024,-3.622824,-1.966962,-3.779483,-3.876461,0.000000,1.000000,0.000000,0.000000,0.000000
-0.450635,0.386799,1.931134,-1.117688,-1.019775,-0.300003,0.000000,0.000000,1.000000,0.000000,0.000000
0.329517,-0.041234,-2.480594,-0.493963,-0.886839,-1.570690,1.000000,0.000000,0.000000,0.000000,0.000000
1.764211,-0.605965,-1.077056,0.834633,-0.628212,-1.478965,0.000000,1.000000,0.000000,0.000000,0.000000
1.514733,-0.083245,-0.960386,1.395945,-0.520257,-1.166681,0.000000,0.000000,1.000000,0.000000,0.000000
0.755687,0.767918,0.511423,-0.190553,-2.273002,-2.106110,0.000000,0.000000,1.000000,0.000000,0.000000
-1.013849,2.294168,-1.138673,0.731248,-1.328826,-0.802060,0.000000,0.000000,1.000000,0.000000,0.000000
2.975037,-0.373955,-0.505910,2.210078,-1.204820,-2.169796,0.000000,0.000000,1.000000,0.000000,0.000000
1.306175,-0.966707,0.827784,1.610988,1.271900,0.875242,0.000000,0.000000,0.000000,1.000000,0.000000
-1.374095,2.007118,1.397187,-0.846847,-1.920633,-0.707066,0.000000,0.000000,0.000000,0.000000,1.000000
-0.787722,-0.836231,1.158705,1.034506,3.255503,3.464026,0.000000,0.000000,0.000000,1.000000,0.000000
0.215128,-0.099290,-0.356903,0.330491,0.176805,0.002744,0.000000,0.000000,0.000000,0.000000,1.000000
0.045757,-2.359163,-1.034525,-0.822039,2.557609,1.694392,0.000000,0.000000,0.000000,1.000000,0.000000
0.055522,1.781159,1.733288,0.518856,-2.129935,-1.258703,0.000000,0.000000,0.000000,0.000000,1.000000
1.569269,-2.407561,1.057453,-1.510974,0.018625,-0.656753,1.000000,0.000000,0.000000,0.000000,0.000000
-0.203411,0.569781,-2.056493,2.748461,2.049914,1.644107,1.000000,0.000000,0.000000,0.000000,0.000000
1.290051,-1.235943,-1.432824,-0.369169,-0.262456,-1.221591,1.000000,0.000000,0.000000,0.000000,0.000000
0.058927,-0.138666,0.244872,0.119928,0.244513,0.251412,0.000000,0.000000,0.000000,0.000000,1.000000
-3.763876,4.055304,3.141227,-2.160515,-3.023975,-0.256677,0.000000,0.000000,1.000000,0.000000,0.000000
2.381868,-2.302089,0.329657,-0.726335,-0.447709,-1.484128,1.000000,0.000000,0.000000,0.000000,0.000000
3.743549,-1.332777,-0.033808,1.542973,-1.446166,-2.697461,0.000000,1.000000,0.000000,0.000000,0.000000
-0.014132,-3.972205,-0.522774,-1.931561,3.918214,2.806011,0.000000,0.000000,0.000000,1.000000,0.000000
-0.621235,0.739779,1.080075,-0.724327,-0.946158,-0.319153,0.000000,0.000000,0.000000,0.000000,1.000000
2.055052,-0.852755,-1.544926,0.978376,-0.517437,-1.619521,1.000000,0.000000,0.000000,0.000000,0.000000
-0.516828,0.009212,0.746819,1.420570,2.040137,2.296348,0.000000,0.000000,0.000000,1.000000,0.000000
-0.422343,1.164508,0.673705,-0.774481,-1.876986,-1.281450,0.000000,0.000000,1.000000,0.000000,0.000000
2.658282,2.479863,2.661094,3.257873,-3.874649,-3.263247,0.000000,0.000000,0.000000,0.000000,1.000000
-2.420460,0.438798,-3.023653,-3.512289,-0.925390,-0.900010,0.000000,1.000000,0.000000,0.000000,0.000000
-0.032248,0.880704,-0.049794,0.841792,-0.427117,-0.227509,0.000000,0.000000,1.000000,0.000000,0.000000
0.926992,-1.085632,0.752651,0.987077,1.335325,0.994391,0.000000,0.000000,0.000000,1.000000,0.000000
-1.260948,1.875542,-1.017202,0.548838,-0.573104,-0.065389,0.000000,0.000000,1.000000,0.000000,0.000000
4.471406,-2.568291,-1.642886,2.703911,0.493062,-1.686030,0.000000,1.000000,0.000000,0.000000,0.000000
1.746119,-0.140716,0.758266,0.170178,-1.889372,-2.135464,0.000000,1.000000,0.000000,0.000000,0.000000
2.249064,-1.535008,0.919588,2.274465,1.512056,0.754466,0.000000,0.000000,0.000000,0.000000,1.000000
-1.760219,1.627956,-2.562140,-2.103015,-2.145586,-1.886323,0.000000,1.000000,0.000000,0.000000,0.000000
-0.954192,0.972354,0.636957,-1.185404,-1.302801,-0.634261,0.000000,1.000000,0.000000,0.000000,0.000000
0.610186,1.112893,-1.558903,-0.420971,-2.842190,-3.057562,0.000000,1.000000,0.000000,0.000000,0.000000
0.228300,2.098416,-2.760171,3.068787,-0.435256,-0.719030,0.000000,0.000000,1.000000,0.000000,0.000000
0.389125,0.769024,-0.648177,0.772950,-0.889386,-0.959945,1.000000,0.000000,0.000000,0.000000,0.000000
-1.814925,2.214167,1.413648,-1.231688,-2.018629,-0.634594,0.000000,0.000000,1.000000,0.000000,0.000000
-1.225308,1.533610,-1.884088,0.271409,-0.404863,-0.201395,0.000000,0.000000,1.000000,0.000000,0.000000
-1.904151,2.200803,-2.270164,-1.701604,-2.398764,-1.896740,0.000000,1.000000,0.000000,0.000000,0.000000
0.665862,-0.328472,0.659612,0.543409,0.146043,0.055515,0.000000,0.000000,0.000000,0.000000,1.000000
2.463825,-1.952449,1.048100,2.550248,2.107033,1.213641,0.000000,0.000000,0.000000,0.000000,1.000000
0.130313,1.622607,1.584873,0.652128,-1.871016,-1.099739,0.000000,0.000000,0.000000,0.000000,1.000000
-1.677546,2.598323,1.518124,0.161577,-1.411108,0.023131,0.000000,0.000000,0.000000,0.000000,1.000000
0.380071,-0.005525,-1.779016,2.597189,1.985789,1.371015,1.000000,0.000000,0.000000,0.000000,0.000000
-0.137230,1.396385,2.528370,0.254803,-1.561233,-0.542401,0.000000,0.000000,0.000000,0.000000,1.000000
-0.695027,1.320707,0.524980,-1.154435,-2.117888,-1.444169,0.000000,0.000000,1.000000,0.000000,0.000000
-3.341921,1.653435,0.699747,-3.056837,-0.989108,0.472696,0.000000,0.000000,1.000000,0.000000,0.000000
-3.840784,3.002898,0.841271,-3.087738,-2.327889,-0.361375,0.000000,1.000000,0.000000,0.000000,0.000000
-0.884490,-0.884832,-0.160780,-1.935744,0.567647,0.556673,0.000000,0.000000,0.000000,1.000000,0.000000
-1.261671,0.862179,-2.526562,-2.041543,-1.621744,-1.669889,0.000000,1.000000,0.000000,0.000000,0.000000
0.759962,-0.155427,-0.794449,0.212062,-0.571725,-0.987376,0.000000,1.000000,0.000000,0.000000,0.000000
-1.035291,0.973959,-2.282226,-1.328955,-1.387761,-1.420240,0.000000,1.000000,0.000000,0.000000,0.000000
2.646448,-1.425703,-1.424477,1.572924,0.120630,-1.255423,0.000000,1.000000,0.000000,0.000000,0.000000
-0.960886,1.275791,0.836767,-0.809452,-1.369220,-0.581923,0.000000,0.000000,1.000000,0.000000,0.000000
-2.017341,2.528483,0.219137,0.532251,-0.532806,0.624417,0.000000,0.000000,0.000000,0.000000,1.000000
-0.505758,0.989903,2.552514,0.844711,0.077213,1.057501,0.000000,0.000000,0.000000,0.000000,1.000000
1.390717,-0.549277,1.896190,0.513615,-0.483452,-0.486966,0.000000,0.000000,0.000000,1.000000,0.000000
1.020925,-0.623514,2.660632,1.120781,0.703289,0.932479,0.000000,0.000000,0.000000,1.000000,0.000000
-1.222425,1.011154,-0.398000,-1.592526,-1.420253,-0.924579,0.000000,0.000000,1.000000,0.000000,0.000000
-0.047074,-1.971949,-1.312192,-0.625957,2.300070,1.484578,0.000000,0.000000,0.000000,1.000000,0.000000
0.467678,-0.385876,0.942551,1.136400,1.063305,1.052453,0.000000,0.000000,0.000000,1.000000,0.000000
0.455500,0.361549,-0.122080,-0.212232,-1.324062,-1.353796,1.000000,0.000000,0.000000,0.000000,0.000000
0.603145,-1.417805,-1.158853,0.015818,1.270563,0.472460,0.000000,0.000000,0.000000,1.000000,0.000000
-1.585814,0.663562,-2.279316,-2.216156,-1.075749,-1.036565,0.000000,1.000000,0.000000,0.000000,0.000000
-3.578011,2.877083,-1.402356,0.920280,1.336548,2.520414,1.000000,0.000000,0.000000,0.000000,0.000000
3.243287,-2.519294,-2.006698,2.338596,1.660764,-0.308193,0.000000,1.000000,0.000000,0.000000,0.000000
-1.663849,2.930588,-2.375542,3.111969,0.864705,1.319044,1.000000,0.000000,0.000000,0.000000,0.000000
1.071962,0.502328,1.857681,-0.192932,-2.277842,-1.917893,0.000000,0.000000,1.000000,0.000000,0.000000
1.812843,-2.067522,0.457995,1.832489,2.419109,1.518720,0.000000,0.000000,0.000000,1.000000,0.000000
-0.586825,1.712101,-3.393185,1.803916,-0.043604,-0.361683,0.000000,0.000000,1.000000,0.000000,0.000000
-0.281754,0.309913,-0.176714,1.727777,1.577904,1.621489,0.000000,0.000000,0.000000,0.000000,1.000000
-0.015800,-0.955710,2.657835,0.226416,1.672223,2.075116,0.000000,0.000000,0.000000,1.000000,0.000000
2.035388,0.872159,0.403108,1.456718,-2.503273,-2.677500,0.000000,1.000000,0.000000,0.000000,0.000000
4.116221,-2.064250,-0.712913,2.120798,-0.323152,-2.039152,0.000000,1.000000,0.000000,0.000000,0.000000
3.932426,-1.157826,0.227711,1.486419,-1.995933,-3.176530,0.000000,1.000000,0.000000,0.000000,0.000000
-4.025270,3.197651,0.504294,0.076051,0.671642,2.541815,0.000000,0.000000,0.000000,0.000000,1.000000
-1.549494,1.110126,-2.468952,-2.000204,-1.566799,-1.471967,0.000000,1.000000,0.000000,0.000000,0.000000
4.554577,-1.143005,1.537861,1.161519,-3.117203,-4.097374,1.000000,0.000000,0.000000,0.000000,0.000000
2.080126,0.634466,-1.494056,1.219239,-2.477354,-3.187312,1.000000,0.000000,0.000000,0.000000,0.000000
0.080004,0.354604,2.005627,1.634029,0.989450,1.508450,0.000000,0.000000,0.000000,1.000000,0.000000
-1.034495,0.594872,1.705366,-1.181046,-0.627649,0.224086,0.000000,0.000000,0.000000,0.000000,1.000000
-1.501760,1.259721,-1.214081,-1.018970,-0.879363,-0.477018,0.000000,1.000000,0.000000,0.000000,0.000000
4.210354,-2.122623,-0.688380,2.205296,-0.278945,-2.028206,0.000000,1.000000,0.000000,0.000000,0.000000
-0.442751,0.973932,-1.923248,2.754892,1.782578,1.570109,1.000000,0.000000,0.000000,0.000000,0.000000
-0.866504,-0.208983,-1.240876,1.259496,2.622703,2.411728,1.000000,0.000000,0.000000,0.000000,0.000000
-1.394829,-1.814917,-2.192776,-0.834514,3.608643,2.925193,0.000000,0.000000,0.000000,1.000000,0.000000
1.388087,0.891988,-0.784239,0.618124,-2.518543,-2.809106,0.000000,1.000000,0.000000,0.000000,0.000000
2.433494,-1.566256,-0.923617,0.419870,-0.500693,-1.703408,1.000000,0.000000,0.000000,0.000000,0.000000
1.445956,-0.013377,-0.584756,0.556528,-1.334663,-1.825980,0.000000,0.000000,1.000000,0.000000,0.000000
-0.650785,1.437343,-0.838773,1.375985,0.069923,0.341713,1.000000,0.000000,0.000000,0.000000,0.000000
-0.622018,1.018376,1.092661,-0.993082,-1.608539,-0.895620,0.000000,0.000000,1.000000,0.000000,0.000000
-1.092091,-0.273144,-1.639994,-0.508366,1.299142,1.081709,0.000000,0.000000,0.000000,1.000000,0.000000
-1.567093,0.603763,-0.828145,-1.711129,-0.501901,-0.139455,0.000000,1.000000,0.000000,0.000000,0.000000
-0.654103,1.215130,0.852949,-0.127260,-1.022492,-0.338739,0.000000,0.000000,0.000000,0.000000,1.000000
-1.361427,2.202611,2.112096,-1.035189,-2.390340,-0.944241,0.000000,0.000000,1.000000,0.000000,0.000000
1.828640,-0.829507,-0.064348,2.445381,1.181905,0.455185,0.000000,0.000000,0.000000,1.000000,0.000000
-0.758822,1.852606,1.382540,-0.581933,-2.241311,-1.218975,0.000000,0.000000,1.000000,0.000000,0.000000
0.664882,-1.785603,-1.409627,-1.063504,0.680334,-0.255058,1.000000,0.000000,0.000000,0.000000,0.000000
-4.108647,3.048693,0.474353,-0.014919,0.908275,2.753363,0.000000,0.000000,0.000000,0.000000,1.000000
-1.075087,2.544697,1.435699,-0.300705,-2.563462,-1.283468,0.000000,0.000000,0.000000,0.000000,1.000000
-1.191485,0.879457,2.538557,0.335336,0.638349,1.756673,0.000000,0.000000,0.000000,1.000000,0.000000
2.684771,-0.318676,-2.410533,1.802129,-1.333184,-2.677517,0.000000,0.000000,1.000000,0.000000,0.000000
2.047407,-2.715993,0.219273,-1.222122,0.108872,-0.972850,1.000000,0.000000,0.000000,0.000000,0.000000
0.907722,-2.793327,2.594363,0.059097,2.978190,2.678123,0.000000,0.000000,0.000000,1.000000,0.000000
-0.444412,1.941884,0.485818,0.870625,-1.395626,-0.691150,0.000000,1.000000,0.000000,0.000000,0.000000
-2.849319,2.972403,2.465208,-1.936640,-2.436143,-0.335339,0.000000,0.000000,1.000000,0.000000,0.000000
0.179283,0.409170,0.023550,0.123875,-0.707722,-0.638029,1.000000,0.000000,0.000000,0.000000,0.000000
3.235765,-1.987353,1.772442,0.699982,-0.616449,-1.450615,1.000000,0.000000,0.000000,0.000000,0.000000
1.489448,0.552288,0.077035,-0.025847,-2.762694,-2.930565,1.000000,0.000000,0.000000,0.000000,0.000000
0.107715,-2.869365,-2.036169,-2.092184,1.977281,0.759114,1.000000,0.000000,0.000000,0.000000,0.000000
-1.402323,1.623970,0.497491,-0.785864,-1.283974,-0.390667,0.000000,0.000000,0.000000,0.000000,1.000000
3.282645,-1.992950,-1.352046,1.989156,0.519532,-1.144990,0.000000,1.000000,0.000000,0.000000,0.000000
0.084075,0.875479,-0.936430,0.513559,-0.902162,-0.939081,0.000000,0.000000,1.000000,0.000000,0.000000
-1.612827,0.878086,0.609276,1.129529,1.920547,2.627692,0.000000,0.000000,0.000000,0.000000,1.000000
-0.099378,1.984566,-0.290056,0.534051,-2.243821,-1.786707,0.000000,1.000000,0.000000,0.000000,0.000000
-3.739838,2.659685,3.006896,-3.642274,-2.457986,-0.048918,0.000000,0.000000,1.000000,0.000000,0.000000
6.432452,-3.230280,1.232438,2.853204,-0.902652,-2.987758,0.000000,0.000000,0.000000,0.000000,1.000000
-1.267673,0.505065,-0.337424,-0.868895,0.071941,0.434857,0.000000,1.000000,0.000000,0.000000,0.000000
0.240132,0.425860,1.643277,0.870946,-0.063681,0.373804,0.000000,1.000000,0.000000,0.000000,0.000000
1.177827,0.031493,1.622443,-1.219657,-2.724847,-2.537216,0.000000,0.000000,1.000000,0.000000,0.000000
0.921291,0.946664,1.309486,1.295285,-1.302798,-0.977302,0.000000,0.000000,0.000000,0.000000,1.000000
2.155754,-1.793835,2.560080,0.332906,0.166669,-0.166557,0.000000,0.000000,0.000000,1.000000,0.000000
-0.049011,1.017547,-1.457765,-0.459525,-1.881897,-1.948335,0.000000,1.000000,0.000000,0.000000,0.000000
0.898820,-0.797731,-0.543520,-0.507417,-0.508251,-1.038551,1.000000,0.000000,0.000000,0.000000,0.000000
1.359573,1.076447,1.905062,1.470423,-1.882359,-1.478840,0.000000,0.000000,0.000000,0.000000,1.000000
-0.007722,0.266986,-1.484280,-0.899288,-1.269526,-1.535544,1.000000,0.000000,0.000000,0.000000,0.000000
3.038873,-1.676846,0.540133,2.583699,0.982482,-0.094117,0.000000,0.000000,0.000000,0.000000,1.000000
0.446574,-0.670009,1.971525,0.510742,0.918200,1.113184,0.000000,0.000000,0.000000,1.000000,0.000000
0.120711,-0.919698,-0.736876,0.158530,1.319098,0.860763,0.000000,0.000000,0.000000,0.000000,1.000000
-2.969197,3.398687,3.026984,-1.995918,-2.946980,-0.565228,0.000000,0.000000,1.000000,0.000000,0.000000
1.618697,0.074279,-1.175023,0.925072,-1.341599,-2.007236,0.000000,0.000000,1.000000,0.000000,0.000000
-0.742631,1.310419,0.235445,-0.155147,-1.083179,-0.506699,0.000000,0.000000,0.000000,0.000000,1.000000
3.252376,-1.389838,-1.124425,1.668456,-0.622256,-2.053371,0.000000,1.000000,0.000000,0.000000,0.000000
0.257061,2.885174,0.858724,1.551395,-3.015720,-2.149283,0.000000,0.000000,0.000000,0.000000,1.000000
2.171299,2.785102,2.089296,3.173730,-3.775567,-3.113405,0.000000,0.000000,0.000000,0.000000,1.000000
2.943772,-2.588560,-1.445099,2.137458,1.966650,0.192591,0.000000,1.000000,0.000000,0.000000,0.000000
0.989336,-0.317378,-0.823503,0.372814,-0.480377,-1.002828,0.000000,1.000000,0.000000,0.000000,0.000000
-3.126916,3.027655,0.802225,-1.522169,-1.784434,-0.033307,0.000000,0.000000,1.000000,0.000000,0.000000
3.234632,-0.985246,-0.793300,1.242985,-1.591154,-2.814969,1.000000,0.000000,0.000000,0.000000,0.000000
0.725411,-1.063308,-2.037912,0.778904,1.316876,0.341480,0.000000,0.000000,0.000000,1.000000,0.000000
-0.908874,-0.074375,-3.187560,-2.522369,-1.194682,-1.717478,0.000000,1.000000,0.000000,0.000000,0.000000
0.845088,-0.447690,0.188024,-0.408664,-0.839205,-1.086684,0.000000,0.000000,1.000000,0.000000,0.000000
-0.647426,1.539409,1.672667,-0.509198,-1.856213,-0.872072,0.000000,0.000000,0.000000,0.000000,1.000000
1.094353,0.492799,1.861717,0.930239,-1.210893,-0.894953,0.000000,0.000000,0.000000,0.000000,1.000000
3.690887,-2.443284,1.572288,0.114828,-1.113235,-2.200089,1.000000,0.000000,0.000000,0.000000,0.000000
0.576865,1.260817,3.204054,-0.124357,-2.646718,-1.643462,0.000000,0.000000,1.000000,0.000000,0.000000
0.176091,1.277197,-0.316940,1.350689,-0.788205,-0.613751,0.000000,0.000000,1.000000,0.000000,0.000000
1.213143,0.747017,-0.205307,1.032262,-1.671580,-1.831408,0.000000,1.000000,0.000000,0.000000,0.000000
1.921155,0.223840,-2.990594,2.956040,-0.026318,-1.238515,0.000000,0.000000,1.000000,0.000000,0.000000
1.644743,-0.668712,2.368285,2.095522,0.891887,0.864236,0.000000,0.000000,0.000000,1.000000,0.000000
-0.070496,1.072699,1.380983,1.125557,-0.358456,0.246067,0.000000,0.000000,0.000000,0.000000,1.000000
-0.600841,1.334801,-0.641873,-0.378227,-1.532874,-1.191998,0.000000,1.000000,0.000000,0.000000,0.000000
1.558838,-1.252262,-1.818873,1.200626,0.917604,-0.254266,0.000000,1.000000,0.000000,0.000000,0.000000
-0.102553,0.862962,-1.313791,-0.693758,-1.810954,-1.862714,0.000000,1.000000,0.000000,0.000000,0.000000
2.823510,-0.530155,-1.092100,1.510895,-1.464536,-2.558980,0.000000,0.000000,1.000000,0.000000,0.000000
-1.060650,-1.485287,-0.573118,-1.913201,1.683599,1.450299,0.000000,0.000000,0.000000,1.000000,0.000000
1.879563,-0.946801,2.411256,1.351431,0.274275,0.155963,0.000000,0.000000,0.000000,1.000000,0.000000
0.563378,1.044759,-0.868377,0.343305,-1.934211,-2.011245,0.000000,0.000000,1.000000,0.000000,0.000000
2.299805,0.694360,3.361896,1.848212,-2.161207,-1.720527,0.000000,0.000000,0.000000,1.000000,0.000000
0.260735,-0.150933,-1.120836,0.137801,-0.006170,-0.387251,0.000000,1.000000,0.000000,0.000000,0.000000
0.002662,-0.529336,-0.373217,-0.797840,-0.009650,-0.216178,0.000000,0.000000,0.000000,1.000000,0.000000
-1.166709,2.378495,-1.551049,-0.236966,-2.192425,-1.679134,0.000000,1.000000,0.000000,0.000000,0.000000
0.539278,0.254681,-1.305411,-0.362070,-1.442323,-1.807736,1.000000,0.000000,0.000000,0.000000,0.000000
2.180223,-0.399540,-1.189797,0.401479,-1.888296,-2.791252,1.000000,0.000000,0.000000,0.000000,0.000000
0.021292,0.720302,1.041338,0.200515,-0.863003,-0.425634,0.000000,1.000000,0.000000,0.000000,0.000000
-0.694329,-0.373450,-1.391789,-0.496399,0.943351,0.671439,0.000000,0.000000,0.000000,1.000000,0.000000
-0.058564,0.336128,-0.022112,-0.008372,-0.420525,-0.323748,0.000000,1.000000,0.000000,0.000000,0.000000
0.147727,0.268009,-0.952873,2.627411,1.933820,1.647438,0.000000,0.000000,0.000000,1.000000,0.000000
1.670694,2.934121,2.128955,2.654598,-3.840533,-2.999607,0.000000,0.000000,0.000000,0.000000,1.000000
-1.687780,0.609045,-0.761840,-1.923901,-0.556504,-0.142057,0.000000,1.000000,0.000000,0.000000,0.000000
-1.376446,1.787730,-3.316774,-0.632388,-1.472666,-1.493518,1.000000,0.000000,0.000000,0.000000,0.000000
1.881556,-1.036361,1.184184,0.634424,-0.309978,-0.732994,0.000000,0.000000,0.000000,1.000000,0.000000
0.745091,-0.530076,1.576035,0.411431,0.224319,0.294555,0.000000,0.000000,0.000000,1.000000,0.000000
0.925108,4.725751,2.698471,2.393580,-5.715154,-4.083441,0.000000,0.000000,0.000000,0.000000,1.000000
0.949947,-1.194219,1.788343,1.783722,2.248417,2.104066,0.000000,0.000000,0.000000,1.000000,0.000000
1.504313,0.795743,0.853385,1.816142,-1.347686,-1.323329,0.000000,0.000000,0.000000,0.000000,1.000000
0.907792,0.411178,0.276046,1.158050,-0.657280,-0.722193,0.000000,0.000000,0.000000,0.000000,1.000000
1.683889,-0.383286,-2.198434,1.585258,-0.143119,-1.220320,0.000000,0.000000,1.000000,0.000000,0.000000
0.441299,-1.767885,-0.202786,0.741114,2.704646,2.063328,0.000000,0.000000,0.000000,1.000000,0.000000
4.763062,-2.973109,-1.336939,2.886350,0.882799,-1.398847,0.000000,1.000000,0.000000,0.000000,0.000000
1.847684,-0.545620,1.066459,1.603243,-0.047318,-0.394548,0.000000,0.000000,0.000000,0.000000,1.000000
1.402667,0.671653,1.876367,0.521224,-2.265446,-1.954050,0.000000,0.000000,1.000000,0.000000,0.000000
1.165554,0.899410,-0.317016,0.734877,-2.119483,-2.246157,0.000000,0.000000,1.000000,0.000000,0.000000
1.202001,0.154416,1.925608,-0.428289,-2.167193,-1.903655,0.000000,0.000000,1.000000,0.000000,0.000000
-6.019487,4.790780,1.086048,-0.623932,0.286349,3.192390,0.000000,0.000000,0.000000,0.000000,1.000000
-2.524913,2.205779,-3.091562,-2.354565,-2.241876,-1.781445,0.000000,1.000000,0.000000,0.000000,0.000000
-2.411256,2.090902,-2.301115,-1.875541,-1.747801,-1.163043,0.000000,1.000000,0.000000,0.000000,0.000000
-1.960393,2.807344,1.414335,-1.086093,-2.550783,-0.982018,0.000000,0.000000,0.000000,0.000000,1.000000
4.733657,-2.322287,0.356242,1.202487,-1.617806,-3.244461,0.000000,0.000000,1.000000,0.000000,0.000000
-1.280707,2.298852,-0.522862,0.537518,-1.164760,-0.417661,0.000000,0.000000,1.000000,0.000000,0.000000
-0.395791,-0.410825,-0.565228,-1.043862,0.096044,-0.029284,0.000000,0.000000,0.000000,1.000000,0.000000
0.205694,1.624414,1.159094,0.596578,-2.032449,-1.381396,0.000000,0.000000,0.000000,0.000000,1.000000
1.476525,-1.331868,0.518491,1.625353,1.589352,0.980745,0.000000,0.000000,0.000000,1.000000,0.000000
3.956890,0.187230,2.069363,4.014023,-1.514781,-1.972600,0.000000,0.000000,0.000000,0.000000,1.000000
1.259400,-0.614678,-0.557030,0.515685,-0.257530,-0.857748,0.000000,1.000000,0.000000,0.000000,0.000000
-1.382667,0.969388,-0.698862,0.461552,0.822732,1.200090,1.000000,0.000000,0.000000,0.000000,0.000000
1.126803,-0.099129,0.504007,1.204845,-0.151868,-0.345766,0.000000,0.000000,0.000000,0.000000,1.000000
0.080229,1.124509,1.183357,0.451178,-1.282840,-0.724947,0.000000,0.000000,0.000000,0.000000,1.000000
-0.839265,-1.693411,-3.955089,-3.541849,0.071167,-1.051690,0.000000,1.000000,0.000000,0.000000,0.000000
-0.376003,2.472836,0.797941,0.844510,-2.275653,-1.367823,0.000000,0.000000,1.000000,0.000000,0.000000
1.292129,-2.212692,0.254190,-1.189714,0.391794,-0.380001,1.000000,0.000000,0.000000,0.000000,0.000000
2.676585,0.370514,1.207076,2.975465,-1.131433,-1.433156,0.000000,0.000000,0.000000,0.000000,1.000000
0.020549,1.284157,-0.157426,1.005615,-0.925800,-0.663545,0.000000,0.000000,1.000000,0.000000,0.000000
1.075792,-1.134840,-1.174022,-0.316253,-0.075290,-0.897216,1.000000,0.000000,0.000000,0.000000,0.000000
-0.203437,-0.656951,0.334323,1.517078,2.686176,2.590455,0.000000,0.000000,0.000000,1.000000,0.000000
-0.455642,1.859563,1.566931,-0.263437,-2.335663,-1.344312,0.000000,0.000000,1.000000,0.000000,0.000000
0.553320,1.556813,1.311432,0.934333,-2.058290,-1.476492,0.000000,0.000000,0.000000,0.000000,1.000000
-1.158566,1.120210,0.115233,-0.474409,-0.575664,0.024582,0.000000,1.000000,0.000000,0.000000,0.000000
0.111671,4.041719,3.285299,1.123157,-4.877798,-3.056577,0.000000,0.000000,0.000000,0.000000,1.000000
0.066960,0.509183,2.920746,-0.521465,-1.279298,-0.417504,0.000000,0.000000,0.000000,1.000000,0.000000
-0.257686,1.384006,-1.264455,-0.205340,-1.894630,-1.777928,0.000000,1.000000,0.000000,0.000000,0.000000
-1.127412,0.171476,-0.409340,-1.467514,-0.203890,0.041526,0.000000,1.000000,0.000000,0.000000,0.000000
-2.403779,-1.376523,-1.283595,-2.261475,2.924552,2.856371,0.000000,0.000000,0.000000,1.000000,0.000000
1.343466,0.089070,1.575011,1.370245,-0.529359,-0.461812,0.000000,0.000000,0.000000,0.000000,1.000000
-0.930221,-0.300151,-2.090568,-0.147298,1.468074,1.083360,0.000000,0.000000,0.000000,1.000000,0.000000
-0.101083,1.323244,-1.072979,0.132944,-1.680821,-1.579054,0.000000,0.000000,0.000000,1.000000,0.000000
-0.243602,-2.785867,-1.475667,-0.714745,3.649549,2.625337,0.000000,0.000000,0.000000,1.000000,0.000000
5.762000,-2.166788,4.090640,0.808144,-3.497195,-4.373374,1.000000,0.000000,0.000000,0.000000,0.000000
0.990076,-1.384985,0.338234,1.600383,2.271955,1.714443,0.000000,0.000000,0.000000,1.000000,0.000000
-1.305737,1.139296,-0.676705,0.415072,0.431490,0.843571,1.000000,0.000000,0.000000,0.000000,0.000000
1.241371,0.488148,0.435516,1.387667,-0.978916,-1.066338,0.000000,0.000000,1.000000,0.000000,0.000000
1.184138,2.198707,2.060315,1.880238,-2.886849,-2.122475,0.000000,0.000000,0.000000,0.000000,1.000000
1.891147,-2.005776,-0.688350,2.110261,2.475673,1.280317,0.000000,0.000000,0.000000,1.000000,0.000000
2.048556,-0.735649,0.539481,1.741946,0.092143,-0.485747,0.000000,0.000000,0.000000,0.000000,1.000000
-2.243309,-0.703616,-2.168107,-2.944448,1.065336,0.942366,1.000000,0.000000,0.000000,0.000000,0.000000
-1.250157,4.131718,2.354010,-0.078090,-4.410863,-2.451630,0.000000,0.000000,0.000000,0.000000,1.000000
-2.810972,4.690218,1.215379,0.115195,-3.025605,-0.857885,0.000000,0.000000,1.000000,0.000000,0.000000
1.731897,-0.865939,1.244206,-0.498319,-1.453261,-1.744993,0.000000,0.000000,1.000000,0.000000,0.000000
-2.250148,0.891128,-0.080869,-1.114666,0.556363,1.313420,0.000000,1.000000,0.000000,0.000000,0.000000
3.605052,-1.945722,-1.490028,2.125522,0.160707,-1.602386,0.000000,1.000000,0.000000,0.000000,0.000000
1.354682,0.245180,3.910550,1.316202,-0.782941,-0.095260,0.000000,0.000000,0.000000,1.000000,0.000000
0.020100,0.327301,1.705097,1.796788,1.258696,1.703897,0.000000,0.000000,0.000000,1.000000,0.000000
-0.093813,0.293225,0.064445,0.065359,-0.239855,-0.127499,0.000000,0.000000,0.000000,0.000000,1.000000
5.099185,-4.211886,2.982723,0.109527,-0.356684,-1.876562,1.000000,0.000000,0.000000,0.000000,0.000000
-1.741405,1.928256,-1.574422,-1.033849,-1.559280,-1.015412,0.000000,1.000000,0.000000,0.000000,0.000000
-0.586439,1.606318,-0.668490,0.627693,-0.977259,-0.608000,0.000000,0.000000,1.000000,0.000000,0.000000
-1.423510,-1.249558,-3.309248,-2.325605,1.369053,0.614178,1.000000,0.000000,0.000000,0.000000,0.000000
3.010539,-1.404838,-0.743547,1.489410,-0.451996,-1.732379,0.000000,1.000000,0.000000,0.000000,0.000000
-2.921006,2.885154,1.084398,-0.655079,-1.004973,0.703423,0.000000,0.000000,1.000000,0.000000,0.000000
-2.238455,2.054622,-1.343986,1.438877,1.289895,1.953266,1.000000,0.000000,0.000000,0.000000,0.000000
2.040281,-0.197180,1.014803,2.009326,-0.413521,-0.738175,0.000000,0.000000,0.000000,0.000000,1.000000
-1.525231,1.296287,-1.148264,1.418203,1.447345,1.799638,1.000000,0.000000,0.000000,0.000000,0.000000
-1.075578,-0.625610,0.167695,-0.044667,2.267231,2.386036,0.000000,0.000000,0.000000,1.000000,0.000000
0.227990,-0.758210,-0.366842,-0.051338,0.749129,0.408267,0.000000,0.000000,0.000000,0.000000,1.000000
-1.226675,-0.718484,-0.723570,-1.440281,1.238773,1.192284,0.000000,0.000000,0.000000,1.000000,0.000000
-0.587828,-0.650122,-2.116665,-1.789350,-0.051365,-0.557034,1.000000,0.000000,0.000000,0.000000,0.000000
-1.164537,-0.919557,-3.010819,-3.306882,-0.387410,-1.006299,0.000000,1.000000,0.000000,0.000000,0.000000
-2.186866,-1.011622,-0.299790,-3.044928,1.374379,1.624318,0.000000,0.000000,0.000000,1.000000,0.000000
0.747404,-2.322606,0.008611,-1.728107,0.736891,0.015157,1.000000,0.000000,0.000000,0.000000,0.000000
-1.579861,2.136243,1.225678,0.315750,-0.723394,0.489080,0.000000,0.000000,0.000000,0.000000,1.000000
-0.441863,2.719546,-2.069273,2.715615,-0.794481,-0.580608,1.000000,0.000000,0.000000,0.000000,0.000000
2.535073,0.271793,1.074902,2.573112,-1.193927,-1.509405,0.000000,0.000000,0.000000,0.000000,1.000000
2.452811,-1.823472,0.808216,2.159671,1.553606,0.650281,0.000000,0.000000,0.000000,1.000000,0.000000
-0.433692,-0.724434,-1.869814,-1.158880,0.467795,-0.051845,1.000000,0.000000,0.000000,0.000000,0.000000
-0.508207,1.496460,-1.914194,2.985996,1.331525,1.266398,1.000000,0.000000,0.000000,0.000000,0.000000
0.038358,0.043188,0.062174,-0.704160,-0.789998,-0.748257,1.000000,0.000000,0.000000,0.000000,0.000000
-0.269619,2.325112,0.946025,0.652030,-2.382346,-1.494244,0.000000,0.000000,0.000000,0.000000,1.000000
-0.907032,1.450871,-1.177592,-0.355925,-1.290946,-0.984441,0.000000,0.000000,0.000000,1.000000,0.000000
1.306277,-0.090046,0.458808,0.655834,-0.928183,-1.152808,0.000000,0.000000,0.000000,1.000000,0.000000
1.152190,1.317380,1.218688,0.597947,-2.814962,-2.442485,0.000000,0.000000,0.000000,0.000000,1.000000
1.947516,-0.966835,0.412309,-0.343070,-1.451704,-2.030057,1.000000,0.000000,0.000000,0.000000,0.000000
0.731960,0.023463,0.297917,-0.134875,-1.110795,-1.190228,0.000000,1.000000,0.000000,0.000000,0.000000
-1.797951,1.404093,-1.424967,-0.669783,-0.371060,0.071858,0.000000,0.000000,0.000000,1.000000,0.000000
-0.781115,0.659530,-1.325866,1.328842,1.315480,1.291560,1.000000,0.000000,0.000000,0.000000,0.000000
-0.697174,1.944972,-1.270598,1.339570,-0.649553,-0.339114,0.000000,0.000000,1.000000,0.000000,0.000000
-1.771246,0.824912,-1.812726,-2.351913,-1.191823,-0.948105,0.000000,1.000000,0.000000,0.000000,0.000000
-0.767483,0.459043,-1.542948,0.103475,0.404644,0.311681,0.000000,0.000000,0.000000,1.000000,0.000000
0.601644,0.485512,-1.353952,1.875194,0.296024,-0.109035,1.000000,0.000000,0.000000,0.000000,0.000000
-0.291927,0.048000,1.354500,1.420711,1.701832,2.068682,0.000000,0.000000,0.000000,0.000000,1.000000
-2.750562,0.970467,-1.264782,1.091896,3.197657,3.720441,1.000000,0.000000,0.000000,0.000000,0.000000
-2.261253,1.901944,-2.401309,2.693126,2.731729,3.055622,0.000000,0.000000,1.000000,0.000000,0.000000
1.765198,0.333374,0.293399,0.373854,-2.414503,-2.661698,0.000000,0.000000,1.000000,0.000000,0.000000
1.947654,3.083726,1.920683,3.044207,-4.046169,-3.292456,0.000000,0.000000,0.000000,0.000000,1.000000
-2.342014,-0.583333,-0.310596,-2.866316,1.125933,1.515228,0.000000,0.000000,0.000000,1.000000,0.000000
2.135237,-2.857774,1.117839,1.179650,2.529990,1.533953,0.000000,0.000000,0.000000,1.000000,0.000000
1.449657,-1.437954,0.101279,-0.670952,-0.441180,-1.098730,1.000000,0.000000,0.000000,0.000000,0.000000
1.816472,-1.797375,-1.055087,-0.579586,-0.327807,-1.452598,0.000000,0.000000,1.000000,0.000000,0.000000
1.215204,0.561416,-0.101593,0.381299,-2.030092,-2.191991,0.000000,0.000000,1.000000,0.000000,0.000000
2.170769,-1.999272,1.086836,-0.787743,-0.659301,-1.378405,1.000000,0.000000,0.000000,0.000000,0.000000
-1.526933,1.159368,-1.568611,1.590861,1.807622,2.014028,1.000000,0.000000,0.000000,0.000000,0.000000
0.015979,0.546125,2.123047,0.820553,0.012748,0.653007,0.000000,1.000000,0.000000,0.000000,0.000000
-1.354927,0.803570,-1.765411,-1.647465,-1.022674,-0.889675,0.000000,1.000000,0.000000,0.000000,0.000000
1.103621,-0.565220,0.602552,1.046186,0.404108,0.121939,0.000000,0.000000,0.000000,0.000000,1.000000
-1.831847,1.240879,-1.589229,1.699862,2.190405,2.477952,1.000000,0.000000,0.000000,0.000000,0.000000
-1.120887,-0.994226,0.243189,-3.029123,-0.012605,0.137215,0.000000,0.000000,1.000000,0.000000,0.000000
-0.986176,0.289719,1.367587,-2.340337,-1.369955,-0.654864,0.000000,0.000000,1.000000,0.000000,0.000000
0.005571,0.820527,1.776818,0.811156,-0.387256,0.242272,0.000000,1.000000,0.000000,0.000000,0.000000
-1.929867,-0.971361,-1.634198,-3.208116,0.801710,0.678992,1.000000,0.000000,0.000000,0.000000,0.000000
0.524652,-0.268632,-1.229421,1.474555,1.107682,0.564786,1.000000,0.000000,0.000000,0.000000,0.000000
0.481532,-0.335377,-0.734732,0.187499,0.029085,-0.356090,0.000000,1.000000,0.000000,0.000000,0.000000
-0.682832,-1.159964,-0.508288,-2.614158,0.045484,-0.147026,1.000000,0.000000,0.000000,0.000000,0.000000
0.299860,0.808062,-1.361918,1.797284,0.144749,-0.106776,1.000000,0.000000,0.000000,0.000000,0.000000
-2.977245,3.864655,2.344120,-2.145885,-3.769486,-1.427201,0.000000,0.000000,0.000000,0.000000,1.000000
-0.995443,0.951480,0.288442,-0.638306,-0.697661,-0.130132,0.000000,0.000000,1.000000,0.000000,0.000000
0.843921,-0.475292,1.276196,0.573134,0.166909,0.149674,0.000000,0.000000,0.000000,1.000000,0.000000
2.721378,-0.499425,-1.252578,2.447283,-0.476901,-1.611393,0.000000,0.000000,1.000000,0.000000,0.000000
1.213186,-1.872091,0.471053,0.691784,1.816207,1.143189,0.000000,0.000000,0.000000,1.000000,0.000000
3.503125,-1.374130,-0.627618,1.618783,-1.010535,-2.368759,0.000000,1.000000,0.000000,0.000000,0.000000
0.778231,0.025783,-1.097853,1.606280,0.479437,-0.014212,1.000000,0.000000,0.000000,0.000000,0.000000
-1.590594,0.853301,-0.868492,0.996804,1.774557,2.107880,1.000000,0.000000,0.000000,0.000000,0.000000
-0.222600,-1.535169,0.096298,0.810309,3.301722,2.942644,0.000000,0.000000,0.000000,1.000000,0.000000
1.424658,1.060483,1.600212,1.755021,-1.674800,-1.375235,0.000000,0.000000,0.000000,0.000000,1.000000
-0.293147,1.000172,-0.744573,0.929902,-0.188330,-0.074013,1.000000,0.000000,0.000000,0.000000,0.000000
-1.177429,0.568195,-0.482853,0.279992,0.967342,1.252299,1.000000,0.000000,0.000000,0.000000,0.000000
2.161747,1.115044,0.094956,2.758926,-1.770989,-2.029245,0.000000,0.000000,0.000000,0.000000,1.000000
-2.100387,-0.921349,0.180408,-3.062786,1.121781,1.495959,0.000000,0.000000,0.000000,1.000000,0.000000
-0.698965,1.521997,0.725727,-0.488183,-1.759802,-1.004400,0.000000,0.000000,1.000000,0.000000,0.000000
-2.262898,1.894151,1.041486,-1.384962,-1.125272,0.187336,0.000000,0.000000,1.000000,0.000000,0.000000
1.007460,0.351988,1.461472,-0.581476,-2.356701,-2.107395,0.000000,0.000000,1.000000,0.000000,0.000000
0.071421,-0.094310,-0.525471,0.491955,0.509142,0.321390,1.000000,0.000000,0.000000,0.000000,0.000000
-0.763881,0.298317,-0.481888,-1.591501,-0.981566,-0.797969,0.000000,0.000000,1.000000,0.000000,0.000000
2.267005,-0.621665,-0.343043,0.336082,-1.727072,-2.495892,1.000000,0.000000,0.000000,0.000000,0.000000
2.106262,0.061571,2.315378,2.391275,-0.484988,-0.446027,0.000000,0.000000,0.000000,1.000000,0.000000
-0.714295,1.296837,-3.156727,2.498899,1.398983,1.035188,0.000000,0.000000,1.000000,0.000000,0.000000
0.768939,-0.407444,1.991035,0.868510,0.462644,0.647689,0.000000,0.000000,0.000000,1.000000,0.000000
-0.626259,-1.976622,-0.760090,-1.541289,2.187540,1.668179,0.000000,0.000000,0.000000,1.000000,0.000000
1.412138,-1.747669,-0.191899,1.026389,1.687842,0.827444,0.000000,0.000000,0.000000,0.000000,1.000000
-1.565275,1.935809,1.020527,0.524986,-0.253127,0.845201,0.000000,0.000000,0.000000,0.000000,1.000000
-5.011295,2.740944,-0.549114,0.524039,3.030923,4.725019,0.000000,0.000000,0.000000,0.000000,1.000000
-1.484868,-0.172659,-1.203490,-1.135809,1.066866,1.093290,0.000000,0.000000,0.000000,1.000000,0.000000
-2.228079,1.978661,0.233489,-1.198630,-1.127556,-0.007137,0.000000,0.000000,1.000000,0.000000,0.000000
0.208619,0.803374,-0.543312,0.577007,-0.891547,-0.880006,1.000000,0.000000,0.000000,0.000000,0.000000
-0.772838,0.803283,0.971086,-0.403976,-0.534461,0.105579,0.000000,1.000000,0.000000,0.000000,0.000000
0.229227,-0.186606,-1.246639,0.148314,0.094603,-0.320415,0.000000,0.000000,0.000000,1.000000,0.000000
2.238591,-2.922630,-0.689479,1.451289,2.720694,1.226788,0.000000,0.000000,0.000000,0.000000,1.000000
-2.584090,1.860744,-1.462171,0.850277,1.451852,2.131751,1.000000,0.000000,0.000000,0.000000,0.000000
2.747745,-3.536319,1.340750,-1.361810,0.274240,-0.898358,1.000000,0.000000,0.000000,0.000000,0.000000
0.176864,-2.461388,1.414038,-0.337112,3.044576,2.716393,0.000000,0.000000,0.000000,1.000000,0.000000
-2.487166,2.029506,0.918829,-1.707142,-1.342746,0.036222,0.000000,0.000000,1.000000,0.000000,0.000000
-2.401788,2.337509,-1.247799,1.057338,0.725424,1.536787,1.000000,0.000000,0.000000,0.000000,0.000000
2.796339,-1.744123,-1.967562,1.874697,0.669721,-0.968943,0.000000,1.000000,0.000000,0.000000,0.000000
-0.340162,1.266351,-1.939041,1.532495,0.046391,-0.074905,0.000000,0.000000,1.000000,0.000000,0.000000
1.343748,-3.288249,-2.375862,1.052992,4.002916,2.207734,0.000000,0.000000,0.000000,1.000000,0.000000
-0.934610,0.534816,-0.320285,-0.248216,0.193917,0.473588,1.000000,0.000000,0.000000,0.000000,0.000000
-0.424786,1.423515,-0.622117,-0.427814,-1.938117,-1.606693,0.000000,1.000000,0.000000,0.000000,0.000000
-0.236459,-0.677862,-1.740357,-0.977807,0.320334,-0.205119,1.000000,0.000000,0.000000,0.000000,0.000000
-1.387324,0.251527,-0.884258,-1.157169,0.308737,0.505365,0.000000,0.000000,0.000000,1.000000,0.000000
1.130461,-0.110176,-0.065510,1.429986,0.066629,-0.279850,0.000000,0.000000,0.000000,0.000000,1.000000
1.676130,-0.884330,-1.052706,0.887914,-0.057586,-0.957919,0.000000,1.000000,0.000000,0.000000,0.000000
3.409823,-3.624964,-1.066093,2.672420,3.387902,1.311603,0.000000,0.000000,0.000000,0.000000,1.000000
-0.119152,0.622145,0.197001,-0.478718,-1.206622,-0.950587,0.000000,0.000000,1.000000,0.000000,0.000000
-0.067907,2.267344,-1.835831,2.860726,-0.480141,-0.416544,1.000000,0.000000,0.000000,0.000000,0.000000
-1.554241,-0.108220,-1.459383,-1.904436,0.318555,0.339706,0.000000,1.000000,0.000000,0.000000,0.000000
-0.057947,1.004958,0.068593,-0.139834,-1.517944,-1.217600,0.000000,0.000000,1.000000,0.000000,0.000000
-3.283823,1.573591,-1.642703,-2.625265,-0.572817,0.259169,0.000000,1.000000,0.000000,0.000000,0.000000
-0.367716,1.884106,-1.603703,2.376336,0.003656,0.106907,1.000000,0.000000,0.000000,0.000000,0.000000
0.577331,1.937727,1.115983,1.555614,-2.047546,-1.439662,0.000000,1.000000,0.000000,0.000000,0.000000
1.773778,-2.025439,3.446175,0.919867,1.580444,1.471916,0.000000,0.000000,0.000000,1.000000,0.000000
3.444010,-1.987913,0.711871,2.303807,0.640734,-0.556952,0.000000,0.000000,0.000000,0.000000,1.000000
0.878837,-1.252354,-0.122521,0.566061,1.219549,0.642203,0.000000,0.000000,0.000000,0.000000,1.000000
-0.201901,-1.412500,-1.130780,-1.673484,0.682605,0.129678,1.000000,0.000000,0.000000,0.000000,0.000000
-0.889244,0.234188,-1.136058,0.856559,1.622116,1.572848,1.000000,0.000000,0.000000,0.000000,0.000000
1.379430,0.595493,-1.668864,1.014625,-1.709678,-2.309435,0.000000,0.000000,1.000000,0.000000,0.000000
2.064903,-0.001979,0.513634,0.780831,-1.921258,-2.283208,0.000000,0.000000,1.000000,0.000000,0.000000
-0.459209,-0.456958,-2.410320,0.327777,1.535610,0.908670,0.000000,1.000000,0.000000,0.000000,0.000000
-0.259737,-0.855030,0.004595,0.537095,2.097287,1.912693,0.000000,0.000000,0.000000,1.000000,0.000000
-1.396721,1.067912,-1.145282,-0.709605,-0.438104,-0.103258,0.000000,0.000000,0.000000,1.000000,0.000000
-0.209904,-2.104463,-1.793065,-0.379183,2.933859,1.992269,0.000000,0.000000,0.000000,1.000000,0.000000
1.136783,-1.422536,-1.770864,1.542891,2.044361,0.922573,0.000000,0.000000,0.000000,1.000000,0.000000
-0.558220,1.293701,1.954004,-0.884981,-1.972581,-0.991037,0.000000,0.000000,1.000000,0.000000,0.000000
-0.745400,0.044691,-1.114551,-0.632235,0.276250,0.199654,0.000000,0.000000,0.000000,1.000000,0.000000
0.083306,1.035653,-1.339962,0.494456,-1.159107,-1.253011,0.000000,0.000000,1.000000,0.000000,0.000000
4.272975,-1.974433,-1.978055,2.474599,-0.338153,-2.391300,0.000000,1.000000,0.000000,0.000000,0.000000
-3.763489,3.584759,2.076839,-0.481785,-0.741717,1.580961,0.000000,0.000000,0.000000,0.000000,1.000000
1.052930,-1.509695,-1.026951,0.334199,1.128138,0.227036,0.000000,0.000000,0.000000,1.000000,0.000000
-3.091622,3.238728,-1.427493,-1.780230,-2.423582,-1.169273,0.000000,1.000000,0.000000,0.000000,0.000000
-0.848473,-0.093937,-1.685591,-0.342730,0.880845,0.639339,0.000000,0.000000,0.000000,1.000000,0.000000
2.095542,-0.531832,0.614960,0.715094,-1.253077,-1.734628,0.000000,0.000000,1.000000,0.000000,0.000000
0.617247,-1.594472,-0.920007,-1.538848,0.015016,-0.721811,1.000000,0.000000,0.000000,0.000000,0.000000
1.506383,-0.167859,3.183967,2.038539,0.303311,0.643393,0.000000,0.000000,0.000000,1.000000,0.000000
1.454995,-1.583859,0.103718,-0.181066,0.235848,-0.477208,0.000000,0.000000,0.000000,1.000000,0.000000
-2.382990,0.342764,-0.307886,-2.600918,0.089779,0.724898,0.000000,0.000000,0.000000,1.000000,0.000000
-1.766289,1.390141,-0.573300,0.316767,0.573081,1.183644,1.000000,0.000000,0.000000,0.000000,0.000000
2.299162,-0.919170,0.408108,2.067479,0.344230,-0.381808,0.000000,0.000000,0.000000,0.000000,1.000000
-0.458364,0.107339,-1.224650,-0.201442,0.225174,0.059107,0.000000,1.000000,0.000000,0.000000,0.000000
-2.303829,2.426308,1.720063,0.302683,-0.207433,1.367115,0.000000,0.000000,0.000000,0.000000,1.000000
-1.502263,1.662210,0.130280,-0.121482,-0.575698,0.236828,0.000000,0.000000,1.000000,0.000000,0.000000
-0.912215,1.403487,-2.482932,3.655731,2.627526,2.464898,1.000000,0.000000,0.000000,0.000000,0.000000
1.658440,-1.004862,2.707125,1.312649,0.613838,0.604457,0.000000,0.000000,0.000000,1.000000,0.000000
-3.090327,2.472237,0.501486,0.581686,0.996652,2.447927,0.000000,0.000000,0.000000,0.000000,1.000000
-1.564200,-1.662323,-1.769802,-1.220124,3.242929,2.755609,0.000000,0.000000,0.000000,1.000000,0.000000
-1.885546,3.117478,-1.930070,2.723412,0.514765,1.191712,1.000000,0.000000,0.000000,0.000000,0.000000
0.111693,1.093620,1.361897,1.692583,-0.079770,0.465793,0.000000,0.000000,0.000000,1.000000,0.000000
2.468491,-2.109778,0.538777,2.638970,2.406288,1.340907,0.000000,0.000000,0.000000,0.000000,1.000000
-4.471122,1.000605,-5.912696,-5.910404,-1.434558,-1.437936,0.000000,1.000000,0.000000,0.000000,0.000000
-0.486789,1.087437,0.355514,-0.146875,-1.081969,-0.592263,0.000000,0.000000,0.000000,0.000000,1.000000
-2.175910,1.569737,-1.189444,0.699991,1.203605,1.787776,1.000000,0.000000,0.000000,0.000000,0.000000
2.491923,-1.180333,-0.875801,1.267420,-0.319825,-1.450027,0.000000,1.000000,0.000000,0.000000,0.000000
1.624703,-0.931177,0.545173,-0.736305,-1.460321,-1.910800,0.000000,0.000000,1.000000,0.000000,0.000000
-1.682107,2.674643,-1.650055,-0.718134,-2.417651,-1.719062,0.000000,1.000000,0.000000,0.000000,0.000000
1.359452,0.306209,1.499552,1.179680,-1.050442,-0.941444,0.000000,1.000000,0.000000,0.000000,0.000000
-0.010651,-0.666473,-1.350851,-0.020409,0.939228,0.430888,0.000000,0.000000,0.000000,1.000000,0.000000
-0.032415,0.897626,1.651641,-1.018557,-2.214880,-1.526475,0.000000,0.000000,1.000000,0.000000,0.000000
2.046204,0.038265,0.915548,0.689380,-2.036653,-2.280985,0.000000,0.000000,1.000000,0.000000,0.000000
0.869188,-1.279192,-1.184460,0.201325,0.901553,0.067918,0.000000,0.000000,0.000000,1.000000,0.000000
1.997776,-1.237138,-1.585895,1.305291,0.429655,-0.782279,0.000000,1.000000,0.000000,0.000000,0.000000
-0.758994,0.702352,-0.542180,-0.690825,-0.708037,-0.463737,0.000000,1.000000,0.000000,0.000000,0.000000
1.239950,-1.475708,-1.327869,1.047316,1.517514,0.485011,0.000000,1.000000,0.000000,0.000000,0.000000
-0.616705,-0.785204,-0.176402,-0.543957,1.415404,1.320433,1.000000,0.000000,0.000000,0.000000,0.000000
-2.799891,-0.003509,-1.032863,-2.435389,1.282015,1.733611,0.000000,0.000000,0.000000,1.000000,0.000000
0.483965,0.418319,-0.578561,1.301296,0.006936,-0.177944,1.000000,0.000000,0.000000,0.000000,0.000000
2.974609,-1.143454,0.660613,0.837345,-1.389251,-2.222277,0.000000,0.000000,1.000000,0.000000,0.000000
-1.840212,0.154859,-2.548301,-1.563615,0.618107,0.491313,1.000000,0.000000,0.000000,0.000000,0.000000
-0.656364,-0.294499,-1.265754,-0.108492,1.155193,0.913977,0.000000,1.000000,0.000000,0.000000,0.000000
-0.627656,-0.614231,-1.740436,-0.382445,1.310241,0.869411,0.000000,0.000000,0.000000,0.000000,1.000000
5.786976,-3.681044,-2.302276,3.770692,1.415186,-1.552171,0.000000,1.000000,0.000000,0.000000,0.000000
0.503510,0.610902,0.699980,-0.344334,-1.861949,-1.628119,0.000000,0.000000,1.000000,0.000000,0.000000
-1.095640,1.224727,-0.978328,-1.254864,-1.579913,-1.211475,0.000000,1.000000,0.000000,0.000000,0.000000
0.546924,0.961910,-1.586002,-0.309144,-2.433334,-2.684896,0.000000,1.000000,0.000000,0.000000,0.000000
-0.093163,-0.432966,-0.147882,-0.996894,-0.212964,-0.309978,0.000000,1.000000,0.000000,0.000000,0.000000
-3.673090,3.193428,1.333384,-0.118356,0.046631,2.048977,0.000000,0.000000,0.000000,0.000000,1.000000
-0.915112,-0.726394,-1.714138,-0.502053,1.732179,1.336647,0.000000,0.000000,0.000000,1.000000,0.000000
-0.606460,1.129973,0.293437,-0.065489,-0.910778,-0.401123,0.000000,0.000000,1.000000,0.000000,0.000000
0.779083,0.933102,1.461474,1.672328,-0.732306,-0.353382,0.000000,0.000000,0.000000,1.000000,0.000000
2.549993,-0.357583,-0.347153,0.795071,-2.036500,-2.815271,0.000000,1.000000,0.000000,0.000000,0.000000
-2.024405,0.828413,1.262415,-2.966625,-1.407523,-0.322514,0.000000,0.000000,1.000000,0.000000,0.000000
1.528754,-0.614149,-0.181359,0.519207,-0.598768,-1.166113,0.000000,1.000000,0.000000,0.000000,0.000000
-0.736121,1.883116,-1.899171,1.927529,0.046714,0.173930,0.000000,0.000000,1.000000,0.000000,0.000000
-3.889577,3.168910,1.190794,0.011953,0.486884,2.491541,0.000000,0.000000,0.000000,0.000000,1.000000
-1.138532,-0.874041,-0.853989,-1.347441,1.437329,1.294498,0.000000,0.000000,0.000000,1.000000,0.000000
0.719301,0.911556,0.897286,0.811766,-1.462026,-1.186693,0.000000,1.000000,0.000000,0.000000,0.000000
0.650890,1.041834,-2.349271,1.947403,-0.523496,-1.041928,0.000000,0.000000,1.000000,0.000000,0.000000
1.598144,-0.036878,-2.296789,1.206591,-0.901304,-1.879484,0.000000,0.000000,1.000000,0.000000,0.000000
1.114532,-0.406543,-1.551813,-0.618167,-1.480879,-2.202634,0.000000,1.000000,0.000000,0.000000,0.000000
0.060468,1.849194,3.288881,0.249399,-2.468279,-1.185152,0.000000,0.000000,0.000000,0.000000,1.000000
-1.313528,0.961750,-0.506853,-1.020177,-0.680428,-0.223503,0.000000,1.000000,0.000000,0.000000,0.000000
-0.881944,2.334800,2.697905,0.097776,-2.104288,-0.623145,0.000000,0.000000,0.000000,0.000000,1.000000
1.366488,-2.219653,0.497181,-1.575897,-0.062728,-0.779847,1.000000,0.000000,0.000000,0.000000,0.000000
-0.904075,-0.547913,-0.417748,-1.043002,0.959487,0.948417,0.000000,0.000000,0.000000,0.000000,1.000000
2.026984,-1.297917,-0.362878,1.012229,0.218454,-0.702820,0.000000,1.000000,0.000000,0.000000,0.000000
0.549791,-1.468947,0.854256,-1.562559,-0.072181,-0.319622,0.000000,0.000000,0.000000,1.000000,0.000000
0.033925,1.198267,1.450549,-0.960303,-2.685143,-1.983976,0.000000,0.000000,1.000000,0.000000,0.000000
0.827544,1.747779,1.534886,1.241427,-2.392587,-1.776566,0.000000,0.000000,0.000000,0.000000,1.000000
1.377180,-1.000793,-0.713126,0.754937,0.378008,-0.397401,0.000000,1.000000,0.000000,0.000000,0.000000
2.244771,-0.836943,1.051399,0.145330,-1.545467,-2.013811,0.000000,0.000000,1.000000,0.000000,0.000000
-2.294431,2.797593,0.325220,0.272910,-0.811432,0.514018,0.000000,0.000000,0.000000,0.000000,1.000000
0.086032,1.679245,1.729819,0.478928,-2.060107,-1.222184,0.000000,0.000000,0.000000,0.000000,1.000000
-1.854275,2.505559,1.700657,0.117911,-1.085505,0.410578,0.000000,0.000000,0.000000,0.000000,1.000000
3.094798,0.561203,0.768942,2.343370,-2.568746,-3.001436,0.000000,0.000000,1.000000,0.000000,0.000000
-0.587342,-0.171267,-1.554132,1.994237,2.907464,2.541638,0.000000,0.000000,0.000000,1.000000,0.000000
3.014775,-1.673349,-1.299062,1.745821,0.170094,-1.328631,0.000000,1.000000,0.000000,0.000000,0.000000
0.270396,-0.037018,-0.592412,-0.399438,-0.692808,-0.896885,1.000000,0.000000,0.000000,0.000000,0.000000
-0.548052,-1.668665,-1.002358,-0.949733,2.204343,1.669007,0.000000,0.000000,0.000000,1.000000,0.000000
-2.680906,3.030637,-1.636021,2.075044,1.055518,1.982385,1.000000,0.000000,0.000000,0.000000,0.000000
-2.142411,2.876139,-1.971404,2.018550,0.519520,1.203501,1.000000,0.000000,0.000000,0.000000,0.000000
-1.152024,1.531451,0.461507,-0.945346,-1.629349,-0.820212,0.000000,0.000000,1.000000,0.000000,0.000000
-1.558338,1.252545,0.469400,0.964319,1.144210,1.908935,0.000000,0.000000,0.000000,0.000000,1.000000
1.892801,2.431168,0.969388,2.928067,-3.155096,-2.793790,0.000000,0.000000,0.000000,0.000000,1.000000
-0.407532,0.726713,-0.132085,0.271716,-0.266081,-0.024465,0.000000,0.000000,1.000000,0.000000,0.000000
-0.458375,-2.522636,-0.655058,-1.658058,2.651615,1.980240,0.000000,0.000000,0.000000,1.000000,0.000000
0.192975,-0.974788,0.247421,0.531871,1.681640,1.424346,0.000000,0.000000,0.000000,1.000000,0.000000
3.596978,-2.754274,-2.268436,2.616811,1.805731,-0.378856,0.000000,1.000000,0.000000,0.000000,0.000000
0.494272,1.221664,-0.661828,1.780050,-0.713504,-0.724960,1.000000,0.000000,0.000000,0.000000,0.000000
-2.752228,-0.338884,0.136573,-3.483805,0.716991,1.394424,0.000000,0.000000,0.000000,1.000000,0.000000
0.570713,1.234198,-1.106909,0.042658,-2.512653,-2.590413,0.000000,0.000000,1.000000,0.000000,0.000000
-0.087244,-0.832124,-0.967391,-0.515488,0.808983,0.385695,0.000000,0.000000,0.000000,1.000000,0.000000
0.321854,1.055813,1.216798,-0.239184,-2.161848,-1.644943,0.000000,0.000000,1.000000,0.000000,0.000000
-0.209655,-1.648937,0.398937,-1.847571,0.894479,0.666202,0.000000,0.000000,0.000000,1.000000,0.000000
-1.369297,1.456652,-2.903548,-1.935785,-2.249815,-2.213763,0.000000,1.000000,0.000000,0.000000,0.000000
-2.197729,1.704897,-0.500544,-0.356826,0.029176,0.860181,1.000000,0.000000,0.000000,0.000000,0.000000
-0.718360,-1.008256,-2.469751,-1.902603,0.523445,-0.131483,1.000000,0.000000,0.000000,0.000000,0.000000
0.524200,0.391636,-1.906477,1.260486,-0.068591,-0.597711,0.000000,0.000000,1.000000,0.000000,0.000000
-0.289799,0.958125,-1.471476,2.406965,1.279120,1.151906,1.000000,0.000000,0.000000,0.000000,0.000000
3.033253,-1.808511,-1.414570,1.841901,0.432994,-1.137472,0.000000,1.000000,0.000000,0.000000,0.000000
4.257959,-1.742394,2.822647,0.775872,-2.210499,-2.950945,1.000000,0.000000,0.000000,0.000000,0.000000
1.381113,-0.962117,-0.019138,0.551733,0.132766,-0.454304,0.000000,1.000000,0.000000,0.000000,0.000000
1.380017,-1.403558,0.556144,0.706192,0.934030,0.368113,0.000000,0.000000,0.000000,1.000000,0.000000
1.842869,-0.273081,-0.884393,0.665787,-1.373422,-2.100362,0.000000,1.000000,0.000000,0.000000,0.000000
-0.983522,0.324755,0.198485,-0.981839,-0.135344,0.252971,0.000000,0.000000,0.000000,0.000000,1.000000
-1.491546,2.002615,-1.555065,-0.973084,-1.933330,-1.423033,0.000000,1.000000,0.000000,0.000000,0.000000
-0.405807,-1.949559,-1.988096,-0.482312,2.860918,1.959232,0.000000,0.000000,0.000000,1.000000,0.000000
-1.514872,-2.011126,-0.674737,-2.408757,2.558878,2.279696,0.000000,0.000000,0.000000,1.000000,0.000000
-0.020659,3.487376,1.200970,1.281198,-3.783789,-2.601961,0.000000,0.000000,0.000000,0.000000,1.000000
-0.279694,0.293304,-0.672208,0.563577,0.469214,0.423829,1.000000,0.000000,0.000000,0.000000,0.000000
2.417350,-1.398741,0.957921,1.979706,0.811942,0.072001,0.000000,0.000000,0.000000,1.000000,0.000000
1.504129,-0.877703,-0.605288,1.443713,0.699593,-0.067950,0.000000,0.000000,0.000000,0.000000,1.000000
0.798586,-0.243761,1.472292,1.678590,0.957989,1.023904,0.000000,0.000000,0.000000,0.000000,1.000000
-0.296383,0.631557,0.455395,1.051360,0.488791,0.800112,0.000000,0.000000,0.000000,0.000000,1.000000
-0.641916,1.911628,1.295381,0.437019,-1.498810,-0.542699,0.000000,0.000000,0.000000,0.000000,1.000000
-1.149909,2.846878,-2.223841,2.542410,-0.228206,0.145454,0.000000,0.000000,1.000000,0.000000,0.000000
0.521151,-1.795002,0.317604,0.887085,2.789709,2.247592,0.000000,0.000000,0.000000,1.000000,0.000000
-0.171090,-0.379768,-0.972274,-1.090519,-0.293164,-0.560101,1.000000,0.000000,0.000000,0.000000,0.000000
-1.954594,0.259025,-1.485248,-1.307780,0.880165,1.061812,0.000000,0.000000,0.000000,1.000000,0.000000
0.171744,-2.098885,-1.654662,-0.029972,2.768279,1.765314,0.000000,0.000000,0.000000,1.000000,0.000000
4.214988,-0.675578,1.274478,1.423819,-3.106325,-3.960921,1.000000,0.000000,0.000000,0.000000,0.000000
0.219969,1.519671,-1.210163,2.354862,-0.245194,-0.271635,0.000000,0.000000,1.000000,0.000000,0.000000
0.434967,-0.544827,-1.135366,-0.572814,-0.345511,-0.849671,1.000000,0.000000,0.000000,0.000000,0.000000
-0.672358,0.765597,-0.671949,-0.676970,-0.901431,-0.692495,0.000000,1.000000,0.000000,0.000000,0.000000
1.015941,1.327675,-0.906625,2.837907,-0.530817,-0.727218,0.000000,0.000000,1.000000,0.000000,0.000000
-1.437662,0.352982,-0.235093,-1.639142,-0.226473,0.185432,0.000000,1.000000,0.000000,0.000000,0.000000
-3.030654,2.858273,0.834341,0.180466,-0.022570,1.613367,0.000000,0.000000,0.000000,0.000000,1.000000
-0.206902,-1.043567,-1.833780,-1.520256,0.288864,-0.344976,1.000000,0.000000,0.000000,0.000000,0.000000
0.301502,-0.067443,-0.021001,-0.280465,-0.564692,-0.645955,0.000000,1.000000,0.000000,0.000000,0.000000
0.297022,-0.333373,1.563301,-1.900991,-1.706926,-1.410267,0.000000,0.000000,1.000000,0.000000,0.000000
-0.992134,1.644221,-1.306381,-0.306592,-1.415793,-1.072704,0.000000,1.000000,0.000000,0.000000,0.000000
-0.533638,0.512261,-0.901911,-0.474482,-0.522670,-0.475621,0.000000,1.000000,0.000000,0.000000,0.000000
-1.892717,3.391790,1.177393,-0.210864,-2.648492,-1.028392,0.000000,0.000000,0.000000,0.000000,1.000000
-2.361327,2.537051,-0.843909,0.370622,-0.271786,0.706397,1.000000,0.000000,0.000000,0.000000,0.000000
1.426733,-0.481332,-0.775422,-0.344445,-1.501266,-2.129237,1.000000,0.000000,0.000000,0.000000,0.000000
2.452097,-0.868628,-0.520806,1.020601,-0.952551,-1.895095,0.000000,1.000000,0.000000,0.000000,0.000000
-0.155686,1.520046,-0.121644,0.266810,-1.750476,-1.352832,0.000000,0.000000,1.000000,0.000000,0.000000
0.973829,0.980163,-1.554345,2.535440,-0.273747,-0.703221,0.000000,0.000000,1.000000,0.000000,0.000000
-1.105587,-0.842384,-2.784769,-2.961514,-0.239554,-0.806681,1.000000,0.000000,0.000000,0.000000,0.000000
0.626145,1.181238,-0.982213,1.141829,-1.446651,-1.556565,0.000000,0.000000,1.000000,0.000000,0.000000
0.896477,-0.137300,2.531680,0.920789,-0.036012,0.324280,0.000000,0.000000,0.000000,1.000000,0.000000
-0.792490,-1.072134,-0.751791,-1.270745,1.350711,1.100752,0.000000,0.000000,0.000000,1.000000,0.000000
-0.526497,-0.530299,-1.015989,-0.484460,0.970843,0.712706,0.000000,0.000000,0.000000,1.000000,0.000000
0.221067,0.094805,0.775812,0.141713,-0.275416,-0.112111,0.000000,0.000000,0.000000,0.000000,1.000000
-0.706694,0.618754,1.350373,1.101312,1.104348,1.724681,0.000000,0.000000,0.000000,0.000000,1.000000
-1.436267,-1.097432,-2.472748,-2.223223,1.277582,0.769948,1.000000,0.000000,0.000000,0.000000,0.000000
-3.867979,1.843214,-1.220260,1.025427,3.319769,4.336999,0.000000,0.000000,0.000000,0.000000,1.000000
0.787273,0.928429,-1.842494,3.146452,0.627782,0.134557,1.000000,0.000000,0.000000,0.000000,0.000000
0.354714,-0.788042,1.069887,0.432920,1.118747,1.081968,0.000000,0.000000,0.000000,1.000000,0.000000
2.408129,-0.020523,2.957103,2.143664,-0.985918,-0.868812,0.000000,0.000000,0.000000,1.000000,0.000000
-1.097679,0.608153,1.413742,-1.911872,-1.273888,-0.452465,0.000000,0.000000,1.000000,0.000000,0.000000
0.318118,1.267118,2.172979,-0.450371,-2.651087,-1.833157,0.000000,0.000000,1.000000,0.000000,0.000000
0.903511,-0.683128,2.014752,0.477372,0.311636,0.412573,0.000000,1.000000,0.000000,0.000000,0.000000
0.652743,0.987277,1.222333,1.278385,-1.030340,-0.654977,0.000000,1.000000,0.000000,0.000000,0.000000
-0.890965,1.632577,3.254545,-1.569434,-2.669389,-1.178106,0.000000,0.000000,1.000000,0.000000,0.000000
0.129462,-0.911226,0.057598,-0.064233,1.094332,0.840861,0.000000,0.000000,0.000000,1.000000,0.000000
0.138719,1.433444,1.265650,0.135097,-2.110776,-1.453357,0.000000,0.000000,1.000000,0.000000,0.000000
-1.692653,-1.295768,-0.969571,-0.614806,3.474395,3.291155,0.000000,0.000000,0.000000,1.000000,0.000000
0.752080,-0.718651,-2.061318,0.772977,0.775459,-0.120413,0.000000,1.000000,0.000000,0.000000,0.000000
1.463768,0.815503,1.190267,-0.430478,-3.482499,-3.285277,0.000000,1.000000,0.000000,0.000000,0.000000
-1.433650,1.441234,1.924599,0.636800,0.417243,1.575943,0.000000,0.000000,0.000000,0.000000,1.000000
-1.041470,0.805234,-1.103798,-0.711017,-0.519178,-0.323059,0.000000,1.000000,0.000000,0.000000,0.000000
-0.205317,-1.937262,-0.395860,0.753583,3.800255,3.210768,0.000000,0.000000,0.000000,1.000000,0.000000
1.048929,-0.076386,-0.014046,0.084009,-1.172376,-1.433969,0.000000,1.000000,0.000000,0.000000,0.000000
-1.148057,1.529043,1.517552,-1.412607,-2.063199,-0.977937,0.000000,0.000000,1.000000,0.000000,0.000000
0.069943,1.563524,-1.250345,2.046070,-0.412000,-0.392890,1.000000,0.000000,0.000000,0.000000,0.000000
0.624395,-0.419565,0.543627,-1.454537,-1.594684,-1.662122,1.000000,0.000000,0.000000,0.000000,0.000000
1.112421,0.607362,-0.208901,0.993692,-1.374970,-1.548744,0.000000,0.000000,1.000000,0.000000,0.000000
-2.399363,3.021199,1.715230,-0.168229,-1.401101,0.366637,0.000000,0.000000,0.000000,0.000000,1.000000
-0.773682,0.732363,-2.283705,-1.650305,-1.686672,-1.831302,0.000000,1.000000,0.000000,0.000000,0.000000
-0.186195,1.520153,0.346367,0.194115,-1.773017,-1.249942,0.000000,0.000000,1.000000,0.000000,0.000000
2.139650,-0.978704,1.514430,1.896353,0.492125,0.066350,0.000000,0.000000,0.000000,0.000000,1.000000
-1.917476,0.264616,-0.653252,-1.911244,0.256538,0.657941,0.000000,1.000000,0.000000,0.000000,0.000000
0.490733,1.796089,-1.277902,0.145660,-3.128489,-3.085652,0.000000,1.000000,0.000000,0.000000,0.000000
1.099323,0.433659,0.566648,-0.238936,-2.280018,-2.263196,0.000000,1.000000,0.000000,0.000000,0.000000
5.914832,-3.935416,-1.653888,3.757502,1.616756,-1.285164,0.000000,1.000000,0.000000,0.000000,0.000000
-0.491977,-1.849192,-0.867633,-1.378320,1.983006,1.435109,0.000000,0.000000,0.000000,1.000000,0.000000
-1.424024,2.384968,-1.662692,-0.840595,-2.450703,-1.885590,0.000000,1.000000,0.000000,0.000000,0.000000
1.298427,0.482068,-1.607683,2.692243,0.177814,-0.474560,0.000000,0.000000,1.000000,0.000000,0.000000
1.880542,-1.123730,-0.281430,-0.400159,-1.203549,-1.978617,0.000000,0.000000,1.000000,0.000000,0.000000
-0.505402,0.808928,-1.076923,1.838051,1.234795,1.233358,1.000000,0.000000,0.000000,0.000000,0.000000
-0.968168,1.935955,-1.042517,-0.541205,-2.092259,-1.604113,0.000000,0.000000,1.000000,0.000000,0.000000
4.508599,-2.297974,-1.107269,2.485632,-0.149124,-2.124893,0.000000,1.000000,0.000000,0.000000,0.000000
-0.787931,-0.090983,0.063949,-1.291466,-0.086431,0.125085,0.000000,1.000000,0.000000,0.000000,0.000000
3.343634,-1.960320,-1.391054,1.989741,0.392725,-1.286541,0.000000,1.000000,0.000000,0.000000,0.000000
-0.578998,2.880717,2.310377,0.236929,-3.163743,-1.706997,0.000000,0.000000,0.000000,0.000000,1.000000
3.545106,-1.875122,-1.564075,2.081516,0.092449,-1.655450,0.000000,1.000000,0.000000,0.000000,0.000000
-1.581880,1.180463,-1.330465,1.309906,1.581800,1.874570,0.000000,0.000000,1.000000,0.000000,0.000000
2.239035,-1.698360,2.768640,1.722506,1.262101,0.940842,0.000000,0.000000,0.000000,1.000000,0.000000
0.681174,-1.153151,1.538039,0.109678,0.921094,0.841581,0.000000,0.000000,0.000000,1.000000,0.000000
-4.980343,3.498524,0.248242,0.057670,1.454517,3.555375,0.000000,0.000000,0.000000,0.000000,1.000000
1.256978,-0.136503,-0.473287,0.328184,-1.128174,-1.574403,0.000000,1.000000,0.000000,0.000000,0.000000
1.519685,-0.569631,-1.016126,0.702655,-0.489127,-1.255943,0.000000,1.000000,0.000000,0.000000,0.000000
-1.865724,1.305238,-2.124146,-0.230723,0.271766,0.515589,0.000000,0.000000,0.000000,1.000000,0.000000
-0.661061,1.127330,-2.771231,0.329859,-0.507286,-0.759794,0.000000,0.000000,1.000000,0.000000,0.000000
-1.503121,-0.617475,-2.407261,-2.368254,0.528746,0.184067,1.000000,0.000000,0.000000,0.000000,0.000000
-2.545055,-0.277907,-3.294413,-2.672561,1.082122,0.850756,1.000000,0.000000,0.000000,0.000000,0.000000
-0.440769,-2.131826,-2.354709,-1.926413,1.773513,0.788683,1.000000,0.000000,0.000000,0.000000,0.000000
0.455207,-0.150333,0.523480,-0.763791,-1.100561,-1.086948,0.000000,0.000000,1.000000,0.000000,0.000000
1.409340,-1.729483,-1.483596,1.253640,1.861989,0.678903,0.000000,1.000000,0.000000,0.000000,0.000000
-0.646403,2.350654,0.455228,-1.589830,-4.097840,-3.165529,0.000000,1.000000,0.000000,0.000000,0.000000
0.098324,1.172158,-1.915155,1.596663,-0.324766,-0.565460,0.000000,0.000000,1.000000,0.000000,0.000000
1.286600,-0.788918,0.412309,1.024930,0.467368,0.038548,0.000000,0.000000,0.000000,0.000000,1.000000
-3.990294,0.604627,-5.163068,-2.994527,1.337527,1.210434,0.000000,0.000000,0.000000,0.000000,1.000000
3.435405,0.112629,-1.599038,4.481719,-0.340219,-1.626807,0.000000,0.000000,1.000000,0.000000,0.000000
0.078602,3.056147,2.606539,0.693608,-3.828653,-2.414670,0.000000,0.000000,0.000000,0.000000,1.000000
-0.117074,0.805973,-1.584898,-0.804860,-1.820959,-1.948100,1.000000,0.000000,0.000000,0.000000,0.000000
-0.205217,2.477916,2.078837,0.293246,-3.014413,-1.807268,0.000000,0.000000,1.000000,0.000000,0.000000
2.186405,-1.069748,-1.192924,1.207216,-0.146572,-1.255746,0.000000,1.000000,0.000000,0.000000,0.000000
2.092395,-0.687938,-0.293352,-0.136379,-1.858105,-2.577213,1.000000,0.000000,0.000000,0.000000,0.000000
-1.989192,2.189065,-1.657040,1.687217,1.004401,1.561471,1.000000,0.000000,0.000000,0.000000,0.000000
-1.509239,-1.835622,0.148054,-2.746914,1.984850,1.966263,1.000000,0.000000,0.000000,0.000000,0.000000
0.015889,1.081095,-0.186794,0.309409,-1.296069,-1.070511,0.000000,0.000000,1.000000,0.000000,0.000000
1.179285,-0.811923,-1.229870,0.734985,0.332974,-0.475715,0.000000,1.000000,0.000000,0.000000,0.000000
0.736443,-1.722275,-0.786756,-0.898428,0.664960,-0.120670,1.000000,0.000000,0.000000,0.000000,0.000000
4.723959,-2.622515,1.916997,2.374546,-0.013226,-1.368870,0.000000,0.000000,0.000000,0.000000,1.000000
5.159815,-3.191706,-1.751891,3.229191,1.007626,-1.535149,0.000000,1.000000,0.000000,0.000000,0.000000
-1.073453,-1.439991,-0.826033,-1.715865,1.820269,1.532468,0.000000,0.000000,0.000000,1.000000,0.000000
1.887004,1.278347,1.041952,2.625983,-1.762856,-1.676922,0.000000,0.000000,0.000000,0.000000,1.000000
0.582442,-0.637580,-0.018261,1.213810,1.337874,0.993746,0.000000,0.000000,0.000000,1.000000,0.000000
1.481127,1.032096,-1.242097,1.923853,-1.592803,-2.024366,0.000000,0.000000,1.000000,0.000000,0.000000
0.046445,0.066429,1.195437,-1.407860,-1.492951,-1.142176,0.000000,0.000000,1.000000,0.000000,0.000000
0.099621,1.089690,-1.044540,0.728349,-1.028425,-1.046194,0.000000,0.000000,1.000000,0.000000,0.000000
3.987157,-1.232321,0.191062,1.521065,-1.926144,-3.148952,0.000000,1.000000,0.000000,0.000000,0.000000
-3.885875,2.397720,1.471017,-3.098460,-1.389802,0.583468,0.000000,0.000000,1.000000,0.000000,0.000000
-0.255017,-0.718676,-1.140185,-2.523809,-1.075563,-1.407130,1.000000,0.000000,0.000000,0.000000,0.000000
0.748436,-0.029477,-0.837849,1.095763,0.111008,-0.309017,0.000000,0.000000,1.000000,0.000000,0.000000
1.588629,-1.023429,-0.036444,-0.174437,-0.747978,-1.377837,1.000000,0.000000,0.000000,0.000000,0.000000
0.861861,0.537577,3.019051,0.217062,-1.640999,-0.950117,0.000000,0.000000,0.000000,1.000000,0.000000
2.707448,-1.424318,0.816167,0.042300,-1.397229,-2.179494,1.000000,0.000000,0.000000,0.000000,0.000000
-0.407260,1.489315,2.252977,-0.923122,-2.484676,-1.409792,0.000000,0.000000,1.000000,0.000000,0.000000
-4.223114,2.750190,1.376426,-0.087334,1.436327,3.454431,0.000000,0.000000,0.000000,0.000000,1.000000
-0.613708,-0.857724,0.475097,-1.152450,0.941680,1.008840,1.000000,0.000000,0.000000,0.000000,0.000000
5.000247,-3.199125,-1.125247,3.015822,1.031014,-1.315333,0.000000,1.000000,0.000000,0.000000,0.000000
1.603795,1.394175,1.821214,2.084494,-2.071241,-1.679765,0.000000,0.000000,0.000000,0.000000,1.000000
-0.613793,1.003693,2.045067,0.652127,0.003465,0.892114,0.000000,0.000000,0.000000,0.000000,1.000000
-1.320166,2.305511,-1.138912,-0.508632,-2.141573,-1.501842,0.000000,1.000000,0.000000,0.000000,0.000000
-0.291224,0.602275,-0.927995,0.402794,-0.123858,-0.143090,1.000000,0.000000,0.000000,0.000000,0.000000
-2.341821,0.915662,-1.234685,-2.282584,-0.505007,0.031724,0.000000,1.000000,0.000000,0.000000,0.000000
2.611906,-2.422580,0.509690,-0.361279,-0.217040,-1.304378,1.000000,0.000000,0.000000,0.000000,0.000000
0.359807,-2.087001,-1.560111,-1.120448,1.457416,0.475284,1.000000,0.000000,0.000000,0.000000,0.000000
-1.087883,1.088997,-1.149412,0.867301,0.648906,0.866466,1.000000,0.000000,0.000000,0.000000,0.000000
1.427171,-0.802828,1.328794,0.061143,-0.608191,-0.812610,0.000000,0.000000,0.000000,1.000000,0.000000
-1.611300,2.284697,-1.707721,2.169927,0.838298,1.307265,1.000000,0.000000,0.000000,0.000000,0.000000
-0.066661,2.236537,1.737169,0.326976,-2.817310,-1.790943,0.000000,0.000000,1.000000,0.000000,0.000000
-1.007513,2.044070,0.734218,-1.358275,-2.955068,-1.961357,0.000000,0.000000,1.000000,0.000000,0.000000
-2.097062,0.921557,-0.949327,0.496821,1.850920,2.312430,1.000000,0.000000,0.000000,0.000000,0.000000
-2.342799,2.094825,-3.347606,-2.388952,-2.355030,-2.027142,0.000000,1.000000,0.000000,0.000000,0.000000
2.791924,-1.159265,0.479883,2.162117,0.144593,-0.740712,0.000000,0.000000,0.000000,0.000000,1.000000
-0.399443,-0.007492,-0.585567,0.647867,1.144543,1.065169,1.000000,0.000000,0.000000,0.000000,0.000000
0.418402,-1.253129,0.407373,-0.400292,0.897399,0.586788,0.000000,0.000000,0.000000,1.000000,0.000000
0.007446,1.620806,-1.444632,2.308677,-0.164229,-0.172942,1.000000,0.000000,0.000000,0.000000,0.000000
-2.194625,1.727776,-0.041748,0.746989,1.063238,1.976621,0.000000,0.000000,0.000000,0.000000,1.000000
-1.295491,-0.034410,-1.624971,-2.012589,-0.232163,-0.286980,0.000000,1.000000,0.000000,0.000000,0.000000
-1.956488,3.108160,-0.451760,0.269296,-1.718737,-0.579625,0.000000,0.000000,1.000000,0.000000,0.000000
0.637995,-0.054321,-0.913919,0.165069,-0.607291,-0.996956,0.000000,1.000000,0.000000,0.000000,0.000000
0.781002,-3.712322,-1.006830,-0.621757,3.760448,2.374902,0.000000,0.000000,0.000000,1.000000,0.000000
-1.550689,1.435511,-3.158110,-2.185335,-2.228001,-2.211725,0.000000,1.000000,0.000000,0.000000,0.000000
1.576803,0.318515,0.414010,2.032151,-0.548132,-0.782422,0.000000,0.000000,0.000000,0.000000,1.000000
0.084691,1.494950,-1.384028,2.158502,-0.225524,-0.264774,0.000000,0.000000,1.000000,0.000000,0.000000
-1.942355,2.326391,-1.975274,-1.354185,-2.191744,-1.586370,0.000000,1.000000,0.000000,0.000000,0.000000
-1.923623,2.364113,0.977573,-0.490172,-1.388078,-0.072993,0.000000,0.000000,1.000000,0.000000,0.000000
-0.450004,1.253646,0.891068,1.080696,-0.179353,0.437992,0.000000,0.000000,0.000000,0.000000,1.000000
1.622123,-1.116911,-0.791661,0.894412,0.361191,-0.523959,0.000000,1.000000,0.000000,0.000000,0.000000
-1.936755,-0.954725,-0.136295,-2.894640,1.114077,1.358553,0.000000,0.000000,0.000000,1.000000,0.000000
2.598525,-0.554860,0.958745,1.831573,-0.792138,-1.344455,0.000000,0.000000,0.000000,0.000000,1.000000
-1.586011,1.448418,0.931594,0.741381,0.688767,1.633609,0.000000,0.000000,0.000000,0.000000,1.000000
-2.829287,0.615569,-0.437839,-2.769567,0.109181,0.889831,0.000000,0.000000,0.000000,1.000000,0.000000
-0.290193,1.206467,-0.522692,0.496521,-0.905595,-0.667885,1.000000,0.000000,0.000000,0.000000,0.000000
-0.401646,0.051128,-0.869284,1.005311,1.401813,1.256098,1.000000,0.000000,0.000000,0.000000,0.000000
-1.926673,1.966887,0.999929,-1.294253,-1.581464,-0.338331,0.000000,0.000000,1.000000,0.000000,0.000000
2.284036,-2.332857,-0.094945,1.503438,1.865311,0.662926,0.000000,0.000000,0.000000,1.000000,0.000000
0.675682,1.154091,0.708023,1.223396,-1.364224,-1.075699,0.000000,0.000000,0.000000,0.000000,1.000000
-1.531617,2.142811,-0.657039,-0.759409,-1.863675,-1.091613,0.000000,1.000000,0.000000,0.000000,0.000000
1.246026,-2.929011,-0.344478,1.669697,4.237013,3.042225,0.000000,0.000000,0.000000,1.000000,0.000000
1.190301,0.266686,-0.911916,-0.247093,-2.188866,-2.603217,0.000000,0.000000,1.000000,0.000000,0.000000
-1.623119,0.729591,-0.084922,-0.859808,0.221093,0.785392,1.000000,0.000000,0.000000,0.000000,0.000000
1.400285,-0.850272,1.324535,1.802963,1.173828,0.903723,0.000000,0.000000,0.000000,1.000000,0.000000
-0.449793,0.797718,-2.193095,3.058068,2.335195,2.000642,1.000000,0.000000,0.000000,0.000000,0.000000
-3.732156,2.352023,-1.320737,1.291546,2.658768,3.746249,1.000000,0.000000,0.000000,0.000000,0.000000
-3.640427,2.705659,0.125785,-3.338290,-2.410287,-0.736452,0.000000,0.000000,0.000000,1.000000,0.000000
-2.411013,1.793092,-2.569399,-2.140109,-1.575020,-1.126794,0.000000,1.000000,0.000000,0.000000,0.000000
-2.509055,2.209462,-1.179600,0.826419,0.829583,1.655768,1.000000,0.000000,0.000000,0.000000,0.000000
-0.866673,1.168937,-1.424458,0.070730,-0.527044,-0.379612,0.000000,0.000000,0.000000,1.000000,0.000000
-0.746988,1.557042,1.363184,-0.536266,-1.783712,-0.848490,0.000000,0.000000,0.000000,0.000000,1.000000
-1.458638,2.802856,1.817998,-0.702249,-2.820039,-1.277561,0.000000,0.000000,1.000000,0.000000,0.000000
1.093137,-0.757651,1.215104,1.110257,0.769432,0.588612,0.000000,0.000000,0.000000,1.000000,0.000000
-0.227414,-0.400248,-0.805845,-1.968910,-1.033649,-1.222769,1.000000,0.000000,0.000000,0.000000,0.000000
-0.740554,0.676555,0.277561,-0.376940,-0.378145,0.048153,0.000000,1.000000,0.000000,0.000000,0.000000
0.943277,-1.758142,0.290646,-1.582006,-0.192153,-0.743456,1.000000,0.000000,0.000000,0.000000,0.000000
1.242049,-0.135368,1.260071,1.448866,-0.001091,-0.050921,0.000000,0.000000,0.000000,0.000000,1.000000
3.334197,-0.752809,-1.743091,4.002842,0.584626,-0.927832,0.000000,0.000000,1.000000,0.000000,0.000000
-0.237218,0.908687,1.749455,-0.229687,-1.202889,-0.467700,0.000000,0.000000,0.000000,0.000000,1.000000
0.203318,1.377198,-2.283818,2.276997,-0.109926,-0.434135,0.000000,0.000000,1.000000,0.000000,0.000000
-1.501237,2.087385,-1.006733,-1.145413,-2.200546,-1.523845,0.000000,0.000000,1.000000,0.000000,0.000000
-1.729751,2.434044,1.454532,-0.846074,-2.076539,-0.656188,0.000000,0.000000,1.000000,0.000000,0.000000
-0.081276,0.294142,0.437095,-0.929996,-1.210141,-0.974670,0.000000,0.000000,1.000000,0.000000,0.000000
-1.455534,1.205605,1.426489,0.750341,0.888863,1.862780,0.000000,0.000000,0.000000,0.000000,1.000000
-0.236975,0.124422,-0.512273,-1.103994,-0.944981,-0.949262,0.000000,1.000000,0.000000,0.000000,0.000000
1.270883,0.525905,-1.631023,1.674890,-0.830644,-1.437104,0.000000,0.000000,1.000000,0.000000,0.000000
0.999324,-0.242170,1.608873,-0.280836,-1.190908,-1.070301,0.000000,0.000000,1.000000,0.000000,0.000000
0.293979,-0.932192,-2.183610,0.730709,1.638540,0.759961,0.000000,1.000000,0.000000,0.000000,0.000000
-0.997938,-1.298647,-0.569865,-1.911704,1.332444,1.135185,0.000000,0.000000,0.000000,1.000000,0.000000
-0.128538,0.156119,1.530346,1.438668,1.352613,1.754459,0.000000,0.000000,0.000000,0.000000,1.000000
-4.707624,2.937193,1.958423,-3.410609,-1.397238,1.034203,0.000000,0.000000,1.000000,0.000000,0.000000
1.464678,-0.610268,1.061926,1.447036,0.394069,0.119684,0.000000,0.000000,0.000000,1.000000,0.000000
-2.902486,2.316808,-1.350823,0.870864,1.225180,2.123955,1.000000,0.000000,0.000000,0.000000,0.000000
-0.345690,-1.007922,-0.113346,0.408563,2.305292,2.074566,0.000000,0.000000,0.000000,1.000000,0.000000
5.150447,-3.249698,-1.869850,3.273862,1.145072,-1.441697,0.000000,1.000000,0.000000,0.000000,0.000000
1.325804,1.342037,-3.527989,4.120083,0.236028,-0.719313,0.000000,0.000000,1.000000,0.000000,0.000000
1.840561,0.005680,-0.503362,0.467247,-1.960123,-2.511674,0.000000,1.000000,0.000000,0.000000,0.000000
-3.270834,1.298849,-2.141983,-3.289555,-0.839181,-0.184473,0.000000,1.000000,0.000000,0.000000,0.000000
1.498302,-1.504290,-2.007469,1.334522,1.488196,0.212001,0.000000,1.000000,0.000000,0.000000,0.000000
3.192694,-1.911234,0.569853,-0.067592,-1.431059,-2.508267,1.000000,0.000000,0.000000,0.000000,0.000000
-0.704660,0.417484,-0.572655,0.350475,0.637842,0.752353,1.000000,0.000000,0.000000,0.000000,0.000000
1.513505,1.166950,2.258482,2.047532,-1.651930,-1.190541,0.000000,1.000000,0.000000,0.000000,0.000000
-0.315023,0.914234,2.179464,0.830274,-0.081180,0.744260,0.000000,0.000000,0.000000,0.000000,1.000000
-0.454868,0.941672,-1.101270,1.283832,0.441868,0.476644,1.000000,0.000000,0.000000,0.000000,0.000000
-0.003638,0.479620,-0.415237,0.926455,0.193607,0.187262,0.000000,0.000000,0.000000,1.000000,0.000000
4.589158,-2.524565,-1.315820,2.622074,0.203151,-1.906881,0.000000,1.000000,0.000000,0.000000,0.000000
-1.306062,-0.564331,-0.425531,-1.922514,0.658553,0.760659,0.000000,0.000000,0.000000,1.000000,0.000000
-2.545668,1.303695,2.089803,-3.028579,-1.465618,0.069261,0.000000,0.000000,1.000000,0.000000,0.000000
-2.857337,2.159873,0.563283,-2.315444,-1.642891,-0.214422,0.000000,0.000000,1.000000,0.000000,0.000000
4.287581,-2.312944,-1.793490,2.589021,0.247946,-1.855979,0.000000,1.000000,0.000000,0.000000,0.000000
-0.759051,2.313067,1.730102,-0.294931,-2.627401,-1.406613,0.000000,0.000000,1.000000,0.000000,0.000000
-0.085166,0.882861,0.352398,0.294307,-0.882070,-0.551959,0.000000,0.000000,0.000000,0.000000,1.000000
-0.617647,1.225472,-1.377733,0.638397,-0.385263,-0.286048,0.000000,0.000000,1.000000,0.000000,0.000000
0.177966,-4.620874,0.915798,-3.009238,3.596832,2.663035,0.000000,0.000000,0.000000,1.000000,0.000000
-0.418422,0.329114,0.536844,-0.732938,-0.630952,-0.292487,0.000000,1.000000,0.000000,0.000000,0.000000
-1.356757,-1.095825,-0.598732,-1.963326,1.454217,1.385562,0.000000,0.000000,0.000000,1.000000,0.000000
1.889254,-2.017481,-0.313057,-0.656151,-0.163855,-1.176454,1.000000,0.000000,0.000000,0.000000,0.000000
-2.886606,2.472147,-1.905467,-1.740045,-1.546132,-0.660380,0.000000,1.000000,0.000000,0.000000,0.000000
1.352854,-0.499027,0.346827,1.198690,0.126431,-0.262651,0.000000,0.000000,0.000000,0.000000,1.000000
0.022384,0.760278,-0.389677,-0.049410,-1.187692,-1.086775,0.000000,0.000000,1.000000,0.000000,0.000000
-3.176441,2.846090,1.484666,-2.373983,-2.265372,-0.353372,0.000000,0.000000,1.000000,0.000000,0.000000
1.511888,-1.303395,2.134067,1.863585,1.759092,1.543051,0.000000,0.000000,0.000000,1.000000,0.000000
-0.404561,1.105630,0.469828,0.999922,-0.108457,0.357735,0.000000,0.000000,0.000000,0.000000,1.000000
-0.508127,-0.329082,-1.061709,-1.987360,-0.794119,-0.964384,0.000000,1.000000,0.000000,0.000000,0.000000
-0.473403,0.790765,-0.630482,-0.650296,-1.170301,-0.989907,0.000000,0.000000,0.000000,1.000000,0.000000
0.966391,0.610540,-1.045059,1.345103,-0.865368,-1.224792,0.000000,0.000000,1.000000,0.000000,0.000000
0.728386,0.914877,-3.434417,3.583588,1.118071,0.224834,0.000000,0.000000,1.000000,0.000000,0.000000
0.411104,-0.253140,-1.543882,1.086904,0.853981,0.275530,0.000000,0.000000,0.000000,1.000000,0.000000
-0.199701,1.361485,1.412571,0.155098,-1.544394,-0.794350,0.000000,0.000000,0.000000,0.000000,1.000000
0.996723,-0.812470,-1.373522,0.721370,0.555605,-0.247502,0.000000,1.000000,0.000000,0.000000,0.000000
1.924562,2.255017,2.110700,2.571717,-3.264404,-2.661673,0.000000,0.000000,0.000000,0.000000,1.000000
-0.970712,-1.083486,0.714520,0.180118,3.021849,3.124303,0.000000,0.000000,0.000000,1.000000,0.000000
-1.369428,1.562386,-2.044844,1.931040,1.337038,1.485153,0.000000,0.000000,1.000000,0.000000,0.000000
-2.438340,2.575103,-1.626932,-1.406702,-1.952686,-1.082195,0.000000,1.000000,0.000000,0.000000,0.000000
-1.329200,-0.386347,-1.056191,-1.355841,0.965340,0.944275,0.000000,0.000000,0.000000,1.000000,0.000000
-1.368265,1.969833,-0.326813,0.517323,-0.589100,0.139970,0.000000,0.000000,1.000000,0.000000,0.000000
0.628959,0.320134,-1.130629,0.428117,-0.889705,-1.240907,0.000000,0.000000,1.000000,0.000000,0.000000
2.455911,-2.138119,2.139100,2.137682,2.008122,1.351922,0.000000,0.000000,0.000000,0.000000,1.000000
1.062536,0.297801,2.044550,0.878541,-0.932967,-0.614348,0.000000,0.000000,0.000000,0.000000,1.000000
-0.667789,1.215818,-0.540600,-0.612593,-1.497069,-1.139691,0.000000,1.000000,0.000000,0.000000,0.000000
-2.374880,2.086055,-0.491668,-0.352140,-0.289436,0.684085,1.000000,0.000000,0.000000,0.000000,0.000000
0.681879,0.754188,-0.255491,1.099596,-0.927120,-0.980671,0.000000,0.000000,0.000000,0.000000,1.000000
-2.073258,3.193856,-1.941053,-0.846261,-2.791584,-1.936001,0.000000,1.000000,0.000000,0.000000,0.000000
1.964008,-0.375063,-0.639262,1.365423,-0.704551,-1.448114,1.000000,0.000000,0.000000,0.000000,0.000000
0.861572,0.891172,0.356818,0.668478,-1.764701,-1.655986,0.000000,1.000000,0.000000,0.000000,0.000000
1.486865,-0.260961,0.060786,0.420477,-1.148310,-1.549514,0.000000,0.000000,1.000000,0.000000,0.000000
1.682642,-1.288537,0.398014,-1.218864,-1.484034,-2.062389,1.000000,0.000000,0.000000,0.000000,0.000000
-1.416245,0.772313,-0.229770,-1.864657,-1.080607,-0.553804,0.000000,0.000000,1.000000,0.000000,0.000000
0.046458,1.027881,-0.844719,0.999239,-0.605105,-0.586749,1.000000,0.000000,0.000000,0.000000,0.000000
-0.774348,0.975945,0.529384,0.997338,0.559314,1.088973,0.000000,0.000000,0.000000,0.000000,1.000000
-0.660903,1.892647,-1.639634,1.897210,-0.089732,0.088561,0.000000,0.000000,1.000000,0.000000,0.000000
0.435468,-0.366453,-0.664308,0.148431,0.097684,-0.266602,0.000000,1.000000,0.000000,0.000000,0.000000
-0.346865,2.232911,0.966633,0.377082,-2.412525,-1.517196,0.000000,0.000000,0.000000,0.000000,1.000000
0.752601,0.772816,0.990429,1.549931,-0.591006,-0.361329,0.000000,0.000000,0.000000,1.000000,0.000000
0.084626,0.136570,-0.234033,0.186308,-0.132907,-0.180064,1.000000,0.000000,0.000000,0.000000,0.000000
1.873017,0.662268,0.915212,2.192609,-1.269499,-1.360288,0.000000,0.000000,0.000000,0.000000,1.000000
-1.383890,-2.474328,-3.313746,-3.174499,2.278585,1.218258,1.000000,0.000000,0.000000,0.000000,0.000000
-0.280765,-2.086842,-1.751616,-2.061194,1.380529,0.525884,1.000000,0.000000,0.000000,0.000000,0.000000
-1.500895,1.675718,-0.501615,0.255503,-0.244656,0.401748,1.000000,0.000000,0.000000,0.000000,0.000000
3.711901,-2.179456,0.635664,0.284796,-1.375993,-2.635911,1.000000,0.000000,0.000000,0.000000,0.000000
2.461648,-0.234109,1.093749,2.193149,-0.729370,-1.144775,0.000000,0.000000,0.000000,0.000000,1.000000
1.112136,-0.681905,-0.626977,-0.863196,-1.298100,-1.854435,1.000000,0.000000,0.000000,0.000000,0.000000
-1.165297,-0.302276,0.232682,-0.970878,1.022967,1.294386,1.000000,0.000000,0.000000,0.000000,0.000000
1.170568,-0.665590,0.124167,2.124559,1.493677,1.015277,0.000000,0.000000,0.000000,0.000000,1.000000
2.400484,-0.655543,-0.488039,0.906457,-1.304363,-2.167069,0.000000,1.000000,0.000000,0.000000,0.000000
0.250207,0.497440,0.334880,0.921660,-0.154205,-0.026433,0.000000,0.000000,0.000000,1.000000,0.000000
0.143455,0.422125,0.328000,-0.031849,-0.824794,-0.662899,0.000000,1.000000,0.000000,0.000000,0.000000
-1.389051,0.468322,-0.847101,0.851899,1.932417,2.128935,1.000000,0.000000,0.000000,0.000000,0.000000
1.591281,-0.639791,-0.329318,0.576424,-0.590229,-1.216993,0.000000,1.000000,0.000000,0.000000,0.000000
-0.590682,2.128419,-1.097626,0.133677,-2.213406,-1.795185,0.000000,0.000000,1.000000,0.000000,0.000000
2.577798,-0.030777,1.440104,2.440593,-0.931445,-1.241438,0.000000,0.000000,0.000000,0.000000,1.000000
-0.914751,0.549318,-0.942434,1.657699,1.972735,2.033812,0.000000,0.000000,0.000000,0.000000,1.000000
-1.511215,1.455916,0.781647,0.748739,0.585145,1.477748,0.000000,0.000000,0.000000,0.000000,1.000000
-0.362335,1.327669,-0.688831,-0.320625,-1.777971,-1.506015,0.000000,1.000000,0.000000,0.000000,0.000000
-0.287569,0.916066,-1.258156,1.808530,0.764368,0.698439,1.000000,0.000000,0.000000,0.000000,0.000000
2.432448,0.123674,2.605928,1.336411,-2.010758,-1.921197,0.000000,0.000000,0.000000,0.000000,1.000000
1.372451,0.072994,-1.724372,1.914382,-0.075699,-0.855812,0.000000,0.000000,1.000000,0.000000,0.000000
1.712874,-0.869776,-0.371151,0.729075,-0.267924,-0.998215,0.000000,1.000000,0.000000,0.000000,0.000000
2.312655,-2.056435,-0.161801,-0.464598,-0.470729,-1.557384,1.000000,0.000000,0.000000,0.000000,0.000000
0.265411,0.680582,-1.362201,1.680848,0.262526,-0.011163,1.000000,0.000000,0.000000,0.000000,0.000000
-1.721255,-1.217136,-1.780011,-2.984662,1.100236,0.822146,1.000000,0.000000,0.000000,0.000000,0.000000
-3.211130,2.405476,0.482425,0.423779,1.098253,2.559495,0.000000,0.000000,0.000000,0.000000,1.000000
-3.344533,3.498725,0.792186,-0.074728,-0.791277,1.082376,0.000000,0.000000,0.000000,0.000000,1.000000
1.177864,-0.164649,-0.385548,1.486304,0.132914,-0.319888,0.000000,0.000000,0.000000,0.000000,1.000000
2.853657,-1.107116,0.359493,-0.075964,-2.169840,-3.010402,1.000000,0.000000,0.000000,0.000000,0.000000
1.861639,-0.560718,-1.898691,0.918330,-0.754003,-1.821318,1.000000,0.000000,0.000000,0.000000,0.000000
0.144768,-0.089239,1.052477,1.565108,1.467269,1.620189,0.000000,0.000000,0.000000,0.000000,1.000000
-2.615703,0.727000,0.196850,-3.039583,-0.579754,0.348989,0.000000,0.000000,0.000000,1.000000,0.000000
1.524473,-2.740051,-0.927516,-0.030199,1.952684,0.657467,0.000000,0.000000,0.000000,1.000000,0.000000
0.020329,-0.326714,-1.353923,-1.397470,-0.921400,-1.301685,1.000000,0.000000,0.000000,0.000000,0.000000
-1.714409,0.773538,-0.470060,-0.038085,1.061121,1.534510,1.000000,0.000000,0.000000,0.000000,0.000000
-3.449577,0.408550,-3.590872,-4.564193,-0.566350,-0.423959,0.000000,1.000000,0.000000,0.000000,0.000000
1.165637,-1.751962,-1.509665,0.651537,1.630992,0.510207,0.000000,0.000000,0.000000,1.000000,0.000000
0.016722,-0.160939,-0.636212,1.233512,1.389644,1.144316,1.000000,0.000000,0.000000,0.000000,0.000000
-1.472675,-0.481541,-1.685991,-0.899893,1.718746,1.533176,0.000000,0.000000,0.000000,1.000000,0.000000
0.399067,-2.254904,2.714973,-0.231480,2.579658,2.575564,0.000000,0.000000,0.000000,1.000000,0.000000
4.354644,-2.186882,1.496711,2.306152,-0.238806,-1.498520,0.000000,0.000000,0.000000,0.000000,1.000000
-3.910400,2.992949,0.242041,0.253561,0.986157,2.705466,0.000000,0.000000,0.000000,0.000000,1.000000
2.405613,-2.031556,1.219938,-0.618521,-0.752488,-1.505381,1.000000,0.000000,0.000000,0.000000,0.000000
1.069081,0.259205,-1.331543,2.114063,0.247416,-0.324651,1.000000,0.000000,0.000000,0.000000,0.000000
-0.439930,1.697323,0.104274,0.444738,-1.463063,-0.904716,0.000000,0.000000,1.000000,0.000000,0.000000
0.204407,-0.735213,-0.544053,1.156735,1.907330,1.493552,0.000000,0.000000,0.000000,1.000000,0.000000
0.480670,-0.453943,-0.457929,0.474046,0.483232,0.126036,1.000000,0.000000,0.000000,0.000000,0.000000
-0.652723,2.133059,-0.639940,1.127448,-1.174182,-0.660406,0.000000,0.000000,1.000000,0.000000,0.000000
3.022230,-0.194017,0.971288,3.846214,0.074024,-0.541975,0.000000,0.000000,0.000000,1.000000,0.000000
-0.038350,2.192301,-4.289943,4.600471,1.224791,0.594881,0.000000,0.000000,1.000000,0.000000,0.000000
0.840889,0.316100,-1.935989,1.617022,-0.027685,-0.666977,0.000000,0.000000,1.000000,0.000000,0.000000
-3.201226,2.679190,-1.979885,1.681104,1.857215,2.735612,1.000000,0.000000,0.000000,0.000000,0.000000
0.357835,-1.087447,-1.039929,-0.059626,1.039044,0.415288,0.000000,0.000000,0.000000,1.000000,0.000000
0.641345,-2.993077,-0.912548,-0.236381,3.270238,2.116674,0.000000,0.000000,0.000000,1.000000,0.000000
-0.482610,0.906027,-0.205767,-0.776161,-1.439777,-1.117254,0.000000,1.000000,0.000000,0.000000,0.000000
0.716582,-1.386908,2.284427,1.256370,2.332139,2.329856,0.000000,0.000000,0.000000,1.000000,0.000000
-1.587899,0.792310,-0.052480,-0.688009,0.250270,0.825574,0.000000,1.000000,0.000000,0.000000,0.000000
2.946029,-1.334559,-0.395274,1.355588,-0.593184,-1.749639,0.000000,1.000000,0.000000,0.000000,0.000000
-1.314606,1.746783,1.517697,-1.649916,-2.391535,-1.203426,0.000000,0.000000,1.000000,0.000000,0.000000
-0.927645,0.713832,-1.729419,2.009605,2.076175,1.976597,1.000000,0.000000,0.000000,0.000000,0.000000
3.464533,-1.992862,-1.089658,1.980956,0.279450,-1.360431,0.000000,1.000000,0.000000,0.000000,0.000000
1.362555,-2.436389,-1.658500,0.805735,2.515106,1.127170,0.000000,0.000000,0.000000,1.000000,0.000000
1.349752,-0.086210,-0.919542,1.626720,-0.078362,-0.686154,1.000000,0.000000,0.000000,0.000000,0.000000
-1.415728,1.701901,1.169792,0.539466,-0.091343,0.948188,0.000000,0.000000,0.000000,0.000000,1.000000
-1.722271,2.218487,-2.582978,3.738320,2.574973,2.781784,1.000000,0.000000,0.000000,0.000000,0.000000
-0.111172,-1.152585,-1.341271,-2.175272,-0.299970,-0.840015,1.000000,0.000000,0.000000,0.000000,0.000000
2.554170,-1.378653,-0.394555,2.417884,1.003955,-0.111586,0.000000,0.000000,0.000000,0.000000,1.000000
1.834800,-1.465640,1.444521,0.683772,0.426352,-0.036710,0.000000,0.000000,0.000000,1.000000,0.000000
-0.406326,-0.305257,-1.651020,0.077265,1.018074,0.616166,0.000000,1.000000,0.000000,0.000000,0.000000
3.108653,-1.917380,0.415028,-0.015434,-1.265231,-2.365388,1.000000,0.000000,0.000000,0.000000,0.000000
-1.344130,1.267246,-0.481910,-1.055945,-1.118414,-0.566487,0.000000,0.000000,1.000000,0.000000,0.000000
1.608492,0.200298,-0.217439,0.227039,-2.167589,-2.536706,0.000000,1.000000,0.000000,0.000000,0.000000
0.864504,-0.427789,-0.004325,-1.261883,-1.718703,-1.984539,1.000000,0.000000,0.000000,0.000000,0.000000
0.579390,-1.181803,2.633498,1.051460,2.021146,2.197296,0.000000,0.000000,0.000000,1.000000,0.000000
-1.181522,-0.843528,-1.072987,-1.206714,1.580766,1.396598,0.000000,0.000000,0.000000,1.000000,0.000000
0.196473,-0.421885,0.927247,-1.284057,-0.864046,-0.746671,0.000000,0.000000,1.000000,0.000000,0.000000
0.893938,0.903274,-0.270319,1.556310,-0.979652,-1.060240,0.000000,0.000000,0.000000,0.000000,1.000000
1.413035,-1.602387,2.158262,1.732534,2.196086,1.933538,0.000000,0.000000,0.000000,1.000000,0.000000
-0.100296,-1.351089,-1.281757,-0.386056,1.699117,1.059232,0.000000,0.000000,0.000000,1.000000,0.000000
-1.951802,-2.717058,-3.169614,-3.343240,3.209552,2.253748,1.000000,0.000000,0.000000,0.000000,0.000000
-0.387196,1.011131,0.474587,-0.117735,-1.070538,-0.594750,0.000000,1.000000,0.000000,0.000000,0.000000
3.220620,-1.888578,-0.005337,0.274481,-1.180510,-2.412138,0.000000,0.000000,1.000000,0.000000,0.000000
-0.242025,-0.422874,-0.088137,-0.196763,0.737890,0.665042,0.000000,1.000000,0.000000,0.000000,0.000000
2.432549,-2.040046,-1.467896,1.737133,1.448612,-0.058155,0.000000,1.000000,0.000000,0.000000,0.000000
-1.495085,1.568301,-1.647941,2.100288,1.661689,1.932379,1.000000,0.000000,0.000000,0.000000,0.000000
-2.283287,1.886003,0.931982,-1.766282,-1.456185,-0.155614,0.000000,0.000000,1.000000,0.000000,0.000000
-0.139284,-2.491868,-1.409446,-0.622505,3.176848,2.220331,0.000000,0.000000,0.000000,1.000000,0.000000
-0.577653,-1.151072,-1.296030,-0.798448,1.631765,1.161971,0.000000,0.000000,0.000000,1.000000,0.000000
-1.445834,1.256256,-2.857968,-1.114122,-1.066766,-1.082637,1.000000,0.000000,0.000000,0.000000,0.000000
-0.241868,1.840962,-0.825045,-0.187317,-2.554087,-2.211690,0.000000,1.000000,0.000000,0.000000,0.000000
-1.051820,-0.714108,-0.528346,-0.589104,1.828459,1.763982,0.000000,0.000000,0.000000,1.000000,0.000000
-3.530113,1.710823,-2.851999,-2.956948,-0.792069,-0.157628,0.000000,1.000000,0.000000,0.000000,0.000000
1.099412,0.546182,1.468469,-0.274191,-2.462166,-2.190650,0.000000,0.000000,1.000000,0.000000,0.000000
0.288998,0.963455,2.251091,0.835259,-0.932122,-0.211450,0.000000,0.000000,0.000000,1.000000,0.000000
-0.360838,-1.042910,-3.122758,-0.866218,1.096263,0.155413,1.000000,0.000000,0.000000,0.000000,0.000000
-1.934334,2.004121,1.269084,0.436203,0.046271,1.310023,0.000000,0.000000,0.000000,0.000000,1.000000
3.440142,-1.475998,-0.657274,1.664575,-0.737051,-2.116974,0.000000,1.000000,0.000000,0.000000,0.000000
0.767980,0.958822,-2.471930,0.971098,-1.497928,-2.062415,0.000000,0.000000,1.000000,0.000000,0.000000
-0.046864,-0.288864,-1.380850,0.038878,0.494439,0.084618,0.000000,0.000000,0.000000,1.000000,0.000000
0.502596,-0.768444,0.260052,0.151763,0.613272,0.356943,0.000000,0.000000,0.000000,0.000000,1.000000
-0.370005,0.535735,1.589021,1.122301,0.811396,1.392836,0.000000,0.000000,0.000000,0.000000,1.000000
1.362381,-0.001680,1.004316,1.516315,-0.291135,-0.398313,0.000000,0.000000,0.000000,0.000000,1.000000
4.380101,-3.056564,-1.511208,2.806596,1.422212,-0.836243,0.000000,1.000000,0.000000,0.000000,0.000000
-2.541629,1.152730,-2.512816,-2.788929,-1.099178,-0.755272,0.000000,1.000000,0.000000,0.000000,0.000000
0.472396,-2.019351,0.193715,0.395666,2.703398,2.098552,0.000000,0.000000,0.000000,1.000000,0.000000
-1.992362,0.537340,-1.234716,-1.447602,0.394573,0.725096,0.000000,0.000000,0.000000,1.000000,0.000000
1.343993,-0.160514,1.498382,1.346686,-0.191520,-0.208301,0.000000,0.000000,0.000000,1.000000,0.000000
1.486860,-0.213686,-0.873962,0.522986,-1.134147,-1.758235,0.000000,1.000000,0.000000,0.000000,0.000000
0.566565,0.324826,1.539237,-0.888421,-2.038315,-1.667827,0.000000,0.000000,1.000000,0.000000,0.000000
-0.892106,0.986282,-1.230997,1.329991,0.987917,1.098759,1.000000,0.000000,0.000000,0.000000,0.000000
-1.876682,1.611122,-1.128573,0.854347,0.904133,1.442129,1.000000,0.000000,0.000000,0.000000,0.000000
-0.175096,1.733913,1.705528,0.269177,-2.002446,-1.090570,0.000000,0.000000,0.000000,0.000000,1.000000
0.563409,-0.658009,0.903546,0.934307,1.138721,1.031534,0.000000,0.000000,0.000000,1.000000,0.000000
-2.172530,2.200882,1.081001,-1.294679,-1.600664,-0.220432,0.000000,0.000000,1.000000,0.000000,0.000000
-0.233273,0.359057,-0.543985,1.979918,1.680146,1.626303,0.000000,0.000000,0.000000,1.000000,0.000000
0.045205,-1.470808,-1.413585,-0.104861,1.952482,1.206240,0.000000,0.000000,0.000000,1.000000,0.000000
-1.172880,-0.029349,-1.001778,-1.610194,-0.000630,0.059631,0.000000,1.000000,0.000000,0.000000,0.000000
1.832935,-0.713272,0.549313,1.789941,0.386443,-0.136362,0.000000,0.000000,0.000000,0.000000,1.000000
-2.568199,1.757878,-0.694438,-1.714787,-0.877699,0.047541,0.000000,1.000000,0.000000,0.000000,0.000000
-0.360862,0.358910,-0.556114,0.166770,0.099132,0.131331,1.000000,0.000000,0.000000,0.000000,0.000000
-0.956937,1.878926,-0.568707,0.204965,-1.297024,-0.733788,1.000000,0.000000,0.000000,0.000000,0.000000
-0.843084,3.067633,2.212277,0.012916,-3.309333,-1.760850,0.000000,0.000000,0.000000,0.000000,1.000000
-1.800448,1.313914,-0.748402,0.302494,0.711485,1.266578,1.000000,0.000000,0.000000,0.000000,0.000000
1.779228,-0.913772,-0.337592,0.765304,-0.254827,-1.004502,0.000000,1.000000,0.000000,0.000000,0.000000
-2.354388,1.746636,2.913220,-2.657296,-1.985981,-0.184933,0.000000,0.000000,1.000000,0.000000,0.000000
-2.639729,1.891493,0.591936,0.582424,1.256500,2.475672,0.000000,0.000000,0.000000,0.000000,1.000000
1.524105,-0.524848,-0.692751,0.593881,-0.659210,-1.331302,0.000000,1.000000,0.000000,0.000000,0.000000
-2.709693,0.986943,-0.724870,-0.190038,1.894664,2.589393,1.000000,0.000000,0.000000,0.000000,0.000000
1.625228,-0.347203,1.999728,2.277318,0.619133,0.583324,0.000000,0.000000,0.000000,1.000000,0.000000
0.233122,-0.546307,0.987413,1.760885,2.203801,2.193410,0.000000,0.000000,0.000000,0.000000,1.000000
-0.722527,1.130614,-1.067173,1.438271,0.664869,0.812896,1.000000,0.000000,0.000000,0.000000,0.000000
-0.172659,0.959286,-1.148097,1.791388,0.537521,0.485144,1.000000,0.000000,0.000000,0.000000,0.000000
0.323154,0.390048,-0.226174,0.701807,-0.314467,-0.363329,0.000000,0.000000,0.000000,0.000000,1.000000
0.233751,-1.773902,-1.281219,-0.156665,2.099896,1.265842,0.000000,0.000000,0.000000,1.000000,0.000000
-0.463000,-1.903266,-0.706749,-1.374097,2.030681,1.501777,0.000000,0.000000,0.000000,1.000000,0.000000
3.149348,-1.673583,-0.700534,1.638983,-0.097295,-1.474153,0.000000,1.000000,0.000000,0.000000,0.000000
2.338700,-2.232143,3.341283,1.408112,1.614691,1.282575,0.000000,0.000000,0.000000,1.000000,0.000000
3.897250,-0.478843,1.185663,1.395966,-3.007252,-3.759732,0.000000,0.000000,0.000000,0.000000,1.000000
1.297469,-0.954393,4.841051,0.841513,0.592397,1.222530,0.000000,0.000000,0.000000,1.000000,0.000000
-2.496002,2.773295,-1.665164,1.406036,0.543790,1.376269,1.000000,0.000000,0.000000,0.000000,0.000000
3.384627,-2.155996,-0.113856,0.351634,-0.932865,-2.301451,0.000000,0.000000,1.000000,0.000000,0.000000
0.504517,0.655438,-1.299848,0.454858,-1.192043,-1.469597,1.000000,0.000000,0.000000,0.000000,0.000000
1.760202,-0.018599,2.703174,0.694008,-1.547195,-1.299000,0.000000,0.000000,0.000000,1.000000,0.000000
0.255828,-1.179076,-0.061761,1.131062,2.468678,2.046575,0.000000,0.000000,0.000000,1.000000,0.000000
5.965381,-3.135928,-1.855723,3.507719,0.145631,-2.598020,0.000000,1.000000,0.000000,0.000000,0.000000
-1.268168,1.459008,-0.481193,-1.181405,-1.616603,-1.026645,0.000000,0.000000,0.000000,1.000000,0.000000
1.340565,-0.096704,0.258355,0.266649,-1.341493,-1.612322,0.000000,0.000000,1.000000,0.000000,0.000000
2.565173,-0.658292,0.337064,-0.361479,-2.722099,-3.375389,0.000000,0.000000,1.000000,0.000000,0.000000
-0.279259,0.831397,0.113535,-0.272950,-1.105533,-0.785871,0.000000,1.000000,0.000000,0.000000,0.000000
1.884489,-2.320542,-0.513130,-0.236405,0.683555,-0.471746,1.000000,0.000000,0.000000,0.000000,0.000000
0.349472,-1.627047,-0.555478,0.510322,2.391106,1.727780,0.000000,0.000000,0.000000,1.000000,0.000000
2.540799,-1.234269,-1.572586,1.482580,-0.109618,-1.445122,0.000000,1.000000,0.000000,0.000000,0.000000
0.565141,0.150349,-3.087037,0.709190,-0.322651,-1.199303,1.000000,0.000000,0.000000,0.000000,0.000000
-0.477262,0.255854,0.778246,1.447023,1.656450,1.975911,0.000000,0.000000,0.000000,0.000000,1.000000
-3.405465,2.886863,1.794630,0.114875,0.376488,2.344484,0.000000,0.000000,0.000000,0.000000,1.000000
-0.488497,-0.362213,0.694413,0.572060,1.724385,1.891361,0.000000,0.000000,0.000000,1.000000,0.000000
0.973865,-0.122319,2.255973,0.403217,-0.661781,-0.366025,0.000000,0.000000,0.000000,1.000000,0.000000
0.426902,-1.014393,0.276328,0.026952,0.948979,0.652801,0.000000,0.000000,0.000000,0.000000,1.000000
-0.641640,-1.394794,-0.775407,-1.005154,1.878710,1.494920,0.000000,0.000000,0.000000,1.000000,0.000000
-0.163302,4.244835,3.476670,0.956051,-4.972998,-2.983383,0.000000,0.000000,0.000000,0.000000,1.000000
-3.585030,2.580876,0.518275,-2.430552,-1.419790,0.275755,0.000000,0.000000,1.000000,0.000000,0.000000
1.130207,-1.060690,-0.511391,-1.202316,-1.096166,-1.716689,1.000000,0.000000,0.000000,0.000000,0.000000
-0.598973,0.756586,0.876894,-1.195365,-1.456823,-0.865069,0.000000,0.000000,1.000000,0.000000,0.000000
1.173800,-0.520164,-0.082967,-0.407231,-1.164632,-1.572244,0.000000,0.000000,1.000000,0.000000,0.000000
-1.418219,1.921045,1.159209,-1.075660,-1.962745,-0.813464,0.000000,0.000000,1.000000,0.000000,0.000000
4.267361,-2.402124,-1.662460,2.569842,0.387532,-1.702280,0.000000,1.000000,0.000000,0.000000,0.000000
-2.734884,2.756137,1.569584,0.201023,-0.226491,1.497919,0.000000,0.000000,0.000000,0.000000,1.000000
-0.025739,-0.907848,-0.824919,-0.601646,0.758411,0.339548,0.000000,0.000000,0.000000,1.000000,0.000000
5.055145,-2.183317,-0.947016,2.563030,-0.949094,-2.979873,0.000000,1.000000,0.000000,0.000000,0.000000
3.080128,-1.573223,-0.886341,1.624840,-0.169854,-1.550302,0.000000,1.000000,0.000000,0.000000,0.000000
2.562274,-2.123654,-0.861692,1.661397,1.338730,-0.066258,0.000000,1.000000,0.000000,0.000000,0.000000
-0.870051,-0.810822,-0.768179,-1.326289,1.018210,0.852502,0.000000,0.000000,0.000000,1.000000,0.000000
-1.994710,0.033201,-5.075773,-4.208800,-1.595964,-2.259242,0.000000,1.000000,0.000000,0.000000,0.000000
0.895093,-1.826409,1.549658,0.461259,1.959787,1.645497,0.000000,0.000000,0.000000,1.000000,0.000000
-0.355654,-2.701530,-2.311253,-0.040518,4.308116,3.101465,0.000000,0.000000,0.000000,1.000000,0.000000
-1.657400,1.737824,-3.050117,-1.780416,-2.136380,-2.002976,0.000000,1.000000,0.000000,0.000000,0.000000
-1.521963,-0.074581,-0.519935,-1.820849,0.324273,0.577422,0.000000,0.000000,0.000000,1.000000,0.000000
-2.185397,2.605958,-2.066324,2.394666,1.328630,1.914718,1.000000,0.000000,0.000000,0.000000,0.000000
0.014352,-1.452105,-1.341333,-2.128300,0.017119,-0.631825,1.000000,0.000000,0.000000,0.000000,0.000000
-1.614308,-2.277323,-0.010929,-2.879192,2.632910,2.486068,0.000000,0.000000,0.000000,1.000000,0.000000
0.109659,-0.493188,-1.025801,-2.043281,-1.412387,-1.753732,1.000000,0.000000,0.000000,0.000000,0.000000
-0.073468,-1.257667,-1.495484,-2.059044,-0.087011,-0.705432,1.000000,0.000000,0.000000,0.000000,0.000000
1.237299,-0.196504,1.648273,2.488558,1.102234,1.098953,0.000000,0.000000,0.000000,1.000000,0.000000
-1.677053,-1.894391,-2.364377,-1.972331,2.991893,2.346069,0.000000,0.000000,0.000000,1.000000,0.000000
0.502666,-1.764274,0.491502,1.187215,3.061250,2.564540,0.000000,0.000000,0.000000,1.000000,0.000000
-1.994919,2.264326,-0.253679,-0.877258,-1.544368,-0.532308,0.000000,0.000000,1.000000,0.000000,0.000000
-0.204759,0.216231,0.322821,1.660969,1.558007,1.685759,0.000000,0.000000,0.000000,1.000000,0.000000
1.991279,-0.902926,-1.786385,1.201191,-0.151070,-1.319477,0.000000,1.000000,0.000000,0.000000,0.000000
-3.321963,3.715277,2.048779,-1.856887,-2.830828,-0.533698,0.000000,0.000000,1.000000,0.000000,0.000000
0.879735,0.161778,-0.990592,1.436141,-0.012195,-0.460350,1.000000,0.000000,0.000000,0.000000,0.000000
-0.843408,-1.140916,2.310542,-0.153031,2.645954,3.111867,0.000000,0.000000,0.000000,1.000000,0.000000
1.627579,0.140341,2.700595,1.150770,-1.165560,-0.861500,0.000000,0.000000,0.000000,0.000000,1.000000
2.348182,2.686051,2.349156,3.132498,-3.897004,-3.234814,0.000000,0.000000,0.000000,0.000000,1.000000
-0.392273,1.067042,-1.075126,1.163435,0.062810,0.127203,1.000000,0.000000,0.000000,0.000000,0.000000
0.275600,-0.984420,-2.155644,-0.884726,0.182336,-0.645094,1.000000,0.000000,0.000000,0.000000,0.000000
2.792856,-0.367427,-2.335507,3.348719,0.088467,-1.325960,0.000000,0.000000,1.000000,0.000000,0.000000
-0.268681,0.365393,0.653171,1.161521,0.948891,1.229044,0.000000,0.000000,0.000000,0.000000,1.000000
-2.641876,2.359253,1.115787,-2.072530,-1.969219,-0.407335,0.000000,0.000000,1.000000,0.000000,0.000000
-0.801340,-1.276140,-1.334606,-0.873458,2.031386,1.571597,0.000000,0.000000,0.000000,1.000000,0.000000
-0.057229,-1.418267,-0.652802,-0.957954,1.200402,0.708264,0.000000,0.000000,0.000000,1.000000,0.000000
0.401526,-1.388885,1.139368,1.999699,3.441370,3.200230,0.000000,0.000000,0.000000,0.000000,1.000000
1.144006,0.240924,1.099582,-0.118547,-1.933088,-1.848998,0.000000,0.000000,1.000000,0.000000,0.000000
0.105473,-1.658528,-0.516002,-0.373491,1.903266,1.325592,0.000000,0.000000,0.000000,0.000000,1.000000
1.049818,1.220934,0.608318,1.567037,-1.618453,-1.432325,0.000000,0.000000,0.000000,0.000000,1.000000
-1.630602,0.072517,-0.509810,-1.100351,0.946244,1.241105,0.000000,0.000000,0.000000,1.000000,0.000000
0.505342,-2.197472,0.063388,-0.181414,2.361054,1.688648,0.000000,0.000000,0.000000,1.000000,0.000000
2.744746,1.431504,1.447907,3.458473,-2.291719,-2.284591,0.000000,0.000000,0.000000,0.000000,1.000000
-1.325017,0.816668,-1.226779,-1.383661,-0.817239,-0.562618,0.000000,1.000000,0.000000,0.000000,0.000000
-1.454259,-0.010701,-0.253636,-0.758056,1.171968,1.457454,1.000000,0.000000,0.000000,0.000000,0.000000
1.173802,0.488963,0.035070,-0.082439,-2.315485,-2.437872,0.000000,0.000000,1.000000,0.000000,0.000000
2.135296,-0.362527,0.994662,1.967307,-0.337733,-0.730990,0.000000,0.000000,0.000000,0.000000,1.000000
2.182220,-1.432966,0.689117,1.573935,0.771881,0.022428,0.000000,0.000000,0.000000,1.000000,0.000000
-0.350861,-0.997641,-0.968643,-0.635983,1.276095,0.871849,0.000000,0.000000,0.000000,1.000000,0.000000
3.089072,-1.915545,-0.589905,0.470081,-0.791784,-2.152644,0.000000,0.000000,1.000000,0.000000,0.000000
-0.656199,-0.569172,-1.523508,0.394271,2.033961,1.639359,0.000000,0.000000,0.000000,1.000000,0.000000
-1.083255,-0.018929,3.122421,-4.139498,-2.498926,-1.348172,0.000000,0.000000,1.000000,0.000000,0.000000
2.347743,-1.080644,-0.624757,1.107154,-0.427268,-1.431154,0.000000,1.000000,0.000000,0.000000,0.000000
-0.235081,0.873764,1.262237,-0.180607,-1.115962,-0.513027,0.000000,0.000000,0.000000,0.000000,1.000000
0.097511,0.153601,1.310914,-0.083761,-0.408261,-0.061407,0.000000,0.000000,0.000000,0.000000,1.000000
-1.222732,-0.433767,0.295615,-2.427564,-0.113768,0.199981,0.000000,0.000000,1.000000,0.000000,0.000000
-0.874804,2.349864,2.598604,0.116775,-2.118842,-0.660593,0.000000,0.000000,0.000000,0.000000,1.000000
1.048215,-0.944700,-0.052197,1.449857,1.405133,0.859117,0.000000,0.000000,0.000000,1.000000,0.000000
-2.239065,1.307465,-1.291488,0.583101,1.552331,2.059901,1.000000,0.000000,0.000000,0.000000,0.000000
-1.053727,0.445625,-0.269063,-1.046928,-0.290303,0.031849,0.000000,1.000000,0.000000,0.000000,0.000000
5.171378,-2.357146,2.851478,1.029271,-2.260725,-3.369723,1.000000,0.000000,0.000000,0.000000,0.000000
1.994123,-0.961381,2.066990,1.160672,-0.043186,-0.270097,0.000000,0.000000,0.000000,1.000000,0.000000
-0.204019,-0.160164,-0.283508,-1.352052,-0.809562,-0.831418,0.000000,0.000000,1.000000,0.000000,0.000000
0.952406,-0.705063,2.236725,0.747480,0.543948,0.674198,0.000000,0.000000,0.000000,1.000000,0.000000
-0.532465,-0.267906,0.288684,1.672460,2.697874,2.762240,0.000000,0.000000,0.000000,0.000000,1.000000
1.200735,1.213746,1.488074,1.437502,-1.914066,-1.541028,0.000000,0.000000,0.000000,0.000000,1.000000
-0.759250,1.680106,-1.481041,2.013023,0.461173,0.640815,1.000000,0.000000,0.000000,0.000000,0.000000
1.676331,-1.553397,1.026874,1.689179,1.721468,1.133542,0.000000,0.000000,0.000000,1.000000,0.000000
1.328021,-1.443185,-0.284093,-1.565786,-1.144135,-1.841581,1.000000,0.000000,0.000000,0.000000,0.000000
1.155790,1.850695,1.910416,1.637106,-2.581295,-1.931653,0.000000,0.000000,0.000000,0.000000,1.000000
0.346048,-0.325115,-1.207968,-0.787710,-0.757306,-1.194300,1.000000,0.000000,0.000000,0.000000,0.000000
-0.112348,-0.547481,0.527895,-1.355395,-0.355563,-0.298892,1.000000,0.000000,0.000000,0.000000,0.000000
0.058712,0.227415,-0.527110,0.371476,-0.057756,-0.153996,0.000000,0.000000,1.000000,0.000000,0.000000
0.462117,-0.621959,1.861798,1.351236,1.636123,1.785055,0.000000,0.000000,0.000000,1.000000,0.000000
-2.194649,0.501486,0.750969,-2.421668,-0.194928,0.696715,0.000000,0.000000,0.000000,0.000000,1.000000
-0.985420,0.305131,-0.746939,-0.577190,0.269380,0.404820,0.000000,1.000000,0.000000,0.000000,0.000000
-0.164549,-0.021750,1.443849,-1.809039,-1.472783,-1.022997,0.000000,0.000000,1.000000,0.000000,0.000000
1.671679,0.016393,-0.409668,0.199661,-2.012286,-2.490973,1.000000,0.000000,0.000000,0.000000,0.000000
-0.503428,-2.827964,0.159577,-2.470179,2.385130,1.872389,0.000000,0.000000,0.000000,1.000000,0.000000
-0.889900,-0.512687,-1.933243,-0.444638,1.440558,1.039583,0.000000,0.000000,0.000000,1.000000,0.000000
-0.934875,1.451776,0.063362,0.106849,-0.789016,-0.183521,0.000000,1.000000,0.000000,0.000000,0.000000
-2.098524,-0.734000,-1.096582,-2.337899,1.523865,1.606077,0.000000,0.000000,0.000000,0.000000,1.000000
4.472401,-2.606276,-0.786076,2.498659,0.363796,-1.606091,0.000000,1.000000,0.000000,0.000000,0.000000
1.304591,-1.205629,-1.763648,1.087493,1.072433,-0.012643,0.000000,1.000000,0.000000,0.000000,0.000000
-1.925358,1.914377,0.232172,0.668799,0.371376,1.344316,0.000000,0.000000,0.000000,0.000000,1.000000
-0.283773,-2.773972,0.015526,-2.108318,2.367255,1.771732,0.000000,0.000000,0.000000,1.000000,0.000000
-1.995168,0.600129,-1.302721,-1.407019,0.344958,0.674479,0.000000,0.000000,0.000000,1.000000,0.000000
0.709239,0.082317,-0.364189,1.063130,-0.023769,-0.286825,0.000000,0.000000,1.000000,0.000000,0.000000
-0.311470,0.004336,-0.618246,-0.258763,0.138881,0.065054,0.000000,1.000000,0.000000,0.000000,0.000000
-1.148589,0.527964,-0.265369,-1.109796,-0.347053,0.021142,0.000000,1.000000,0.000000,0.000000,0.000000
-0.238092,-2.675780,-0.439175,-1.695086,2.555610,1.849183,0.000000,0.000000,0.000000,1.000000,0.000000
0.340613,1.084648,1.103921,1.435269,-0.616744,-0.180297,0.000000,1.000000,0.000000,0.000000,0.000000
-0.519250,0.572684,0.103579,1.463902,1.255601,1.500245,0.000000,0.000000,0.000000,0.000000,1.000000
1.657122,0.543404,-1.420356,2.508112,-0.551941,-1.215870,1.000000,0.000000,0.000000,0.000000,0.000000
-0.183054,-1.067187,-1.700570,-1.518214,0.296400,-0.316041,1.000000,0.000000,0.000000,0.000000,0.000000
1.003601,1.625850,1.555590,0.893930,-2.778881,-2.217824,0.000000,0.000000,1.000000,0.000000,0.000000
4.579766,-2.576483,-1.196110,2.623034,0.293746,-1.798232,0.000000,1.000000,0.000000,0.000000,0.000000
0.895473,0.936250,-0.123687,0.708507,-1.843890,-1.851432,0.000000,1.000000,0.000000,0.000000,0.000000
-0.242242,0.345031,-0.874832,-0.305745,-0.495657,-0.557041,0.000000,1.000000,0.000000,0.000000,0.000000
0.251303,1.170598,-2.163804,3.109651,0.932064,0.544485,1.000000,0.000000,0.000000,0.000000,0.000000
0.640686,0.320094,-1.381704,0.863971,-0.489240,-0.919928,1.000000,0.000000,0.000000,0.000000,0.000000
-0.242462,0.538793,-0.533644,1.431589,0.902894,0.919485,0.000000,0.000000,0.000000,0.000000,1.000000
-3.432880,3.120982,1.312482,0.059113,0.010123,1.928368,0.000000,0.000000,0.000000,0.000000,1.000000
3.276519,-2.474285,-2.331512,2.428330,1.633090,-0.415015,0.000000,1.000000,0.000000,0.000000,0.000000
-2.955568,2.632520,-0.252947,-0.621269,-0.583298,0.733061,0.000000,0.000000,1.000000,0.000000,0.000000
1.232628,-0.532940,-0.703326,0.516072,-0.343566,-0.952492,0.000000,1.000000,0.000000,0.000000,0.000000
0.569834,-0.220176,2.378379,0.819065,0.408514,0.785464,0.000000,0.000000,0.000000,1.000000,0.000000
1.399708,-2.114706,1.702670,0.147653,1.422801,0.967625,0.000000,0.000000,0.000000,1.000000,0.000000
0.116912,-0.044175,-1.891129,0.804394,0.654904,0.120890,0.000000,0.000000,0.000000,1.000000,0.000000
2.206271,-0.738445,-0.769392,0.654226,-1.179209,-2.081702,0.000000,0.000000,1.000000,0.000000,0.000000
2.781223,-2.176471,-1.756103,1.977909,1.420428,-0.280111,0.000000,1.000000,0.000000,0.000000,0.000000
0.595035,-0.181962,-0.740211,-1.338658,-1.811877,-2.132379,1.000000,0.000000,0.000000,0.000000,0.000000
0.658553,-0.012790,-0.362647,1.167173,0.280561,0.000636,0.000000,0.000000,0.000000,1.000000,0.000000
-1.097091,0.333358,-0.398673,-1.662465,-0.666110,-0.375544,0.000000,0.000000,0.000000,1.000000,0.000000
-0.537397,1.292690,0.107157,-1.667401,-2.783532,-2.239123,0.000000,0.000000,1.000000,0.000000,0.000000
-2.413134,0.531462,-0.661039,-2.492115,-0.046304,0.554189,0.000000,0.000000,0.000000,1.000000,0.000000
0.760906,1.102664,-3.245248,1.752671,-0.957818,-1.700672,0.000000,0.000000,1.000000,0.000000,0.000000
0.089887,-0.788187,0.881534,-0.375410,0.681314,0.684084,0.000000,0.000000,0.000000,0.000000,1.000000
-0.950144,0.907135,0.863674,1.239067,1.126472,1.752236,0.000000,0.000000,0.000000,0.000000,1.000000
-3.075497,1.519908,0.550613,-1.958249,-0.085685,1.207442,1.000000,0.000000,0.000000,0.000000,0.000000
-1.056614,1.676516,-0.341235,0.770530,-0.324604,0.245044,1.000000,0.000000,0.000000,0.000000,0.000000
4.026844,-3.321650,-2.174763,2.988211,2.430302,0.010227,0.000000,1.000000,0.000000,0.000000,0.000000
1.494150,0.039263,2.594527,1.678872,-0.338219,-0.074914,0.000000,1.000000,0.000000,0.000000,0.000000
-0.357929,1.164101,1.244316,-0.917710,-2.088428,-1.361060,0.000000,0.000000,1.000000,0.000000,0.000000
-1.127552,0.760416,-0.478534,-0.906649,-0.519962,-0.154707,0.000000,1.000000,0.000000,0.000000,0.000000
1.505232,-0.087734,-0.961870,2.343543,0.411588,-0.265876,0.000000,0.000000,1.000000,0.000000,0.000000
-0.014467,-2.682750,-0.798561,-1.062162,2.878616,2.009922,0.000000,0.000000,0.000000,1.000000,0.000000
0.057270,-1.694714,-1.161706,-0.560154,1.827653,1.097210,0.000000,0.000000,0.000000,1.000000,0.000000
-1.496549,0.264717,-0.157726,-1.041207,0.555731,0.956752,1.000000,0.000000,0.000000,0.000000,0.000000
-2.541305,1.259042,-2.170267,-2.576097,-1.043120,-0.593277,0.000000,1.000000,0.000000,0.000000,0.000000
-0.040565,0.834704,-1.970051,2.856337,1.558749,1.204328,1.000000,0.000000,0.000000,0.000000,0.000000
2.649950,-0.543689,2.538918,0.361102,-2.265066,-2.384769,0.000000,0.000000,1.000000,0.000000,0.000000
-0.381449,0.559909,-0.541141,-0.531589,-0.838657,-0.721692,0.000000,1.000000,0.000000,0.000000,0.000000
0.057479,0.147232,2.277690,2.011873,1.688642,2.212777,0.000000,0.000000,0.000000,1.000000,0.000000
-1.378743,-0.014954,2.217106,0.078312,1.927907,2.780564,0.000000,0.000000,0.000000,1.000000,0.000000
-2.864389,0.333879,-2.632828,-3.866506,-0.530321,-0.324370,0.000000,1.000000,0.000000,0.000000,0.000000
-2.132335,1.032437,-2.592655,-2.364980,-1.049589,-0.863181,0.000000,1.000000,0.000000,0.000000,0.000000
3.705662,-2.551835,-2.224597,2.575196,1.331001,-0.812163,0.000000,1.000000,0.000000,0.000000,0.000000
0.216203,-0.519265,0.197582,-0.377021,0.113216,-0.010907,1.000000,0.000000,0.000000,0.000000,0.000000
0.777135,-3.111819,-1.132261,-1.765749,1.788867,0.569977,1.000000,0.000000,0.000000,0.000000,0.000000
3.452980,0.110310,2.051549,1.666303,-3.010058,-3.301355,0.000000,0.000000,1.000000,0.000000,0.000000
-1.351891,1.897178,0.473369,-0.621667,-1.588612,-0.645849,0.000000,0.000000,1.000000,0.000000,0.000000
1.111406,-1.914303,-1.870492,0.937226,2.206423,0.955806,0.000000,0.000000,0.000000,1.000000,0.000000
0.595304,-0.673725,0.064888,-0.175939,0.036067,-0.253500,1.000000,0.000000,0.000000,0.000000,0.000000
0.398471,-0.971173,4.050314,0.722142,1.657335,2.292295,0.000000,0.000000,0.000000,1.000000,0.000000
0.793118,-1.284371,1.834868,1.992113,2.784882,2.656443,0.000000,0.000000,0.000000,0.000000,1.000000
0.903858,-1.493410,2.559913,1.609582,2.588314,2.572478,0.000000,0.000000,0.000000,1.000000,0.000000
0.802648,-0.431468,-1.014566,0.392077,-0.056585,-0.615407,0.000000,1.000000,0.000000,0.000000,0.000000
1.715944,-1.447812,-2.438205,1.502977,1.278096,-0.144461,0.000000,1.000000,0.000000,0.000000,0.000000
1.505071,-1.021572,-1.264980,-0.180328,-0.668644,-1.583953,1.000000,0.000000,0.000000,0.000000,0.000000
-0.139396,0.773305,-0.710712,-0.628677,-1.559825,-1.479543,0.000000,1.000000,0.000000,0.000000,0.000000
-0.059575,-0.452117,-0.737044,0.088674,0.807056,0.515029,0.000000,0.000000,0.000000,1.000000,0.000000
0.133309,-0.399673,-1.803123,0.350279,0.713923,0.119246,0.000000,1.000000,0.000000,0.000000,0.000000
0.021935,0.288846,-0.739407,0.613645,0.130544,-0.001975,1.000000,0.000000,0.000000,0.000000,0.000000
-0.982932,0.394726,-2.210645,-1.644333,-0.917132,-1.086186,0.000000,1.000000,0.000000,0.000000,0.000000
1.046574,-1.635943,-1.861702,0.969518,1.917666,0.756271,0.000000,0.000000,0.000000,1.000000,0.000000
0.512387,0.059171,0.763232,1.398067,0.607772,0.651321,0.000000,0.000000,0.000000,0.000000,1.000000
1.286971,-1.136256,0.874859,0.931565,0.889339,0.486513,0.000000,0.000000,0.000000,0.000000,1.000000
3.167076,-1.140977,-0.436132,1.360029,-1.158240,-2.323352,0.000000,1.000000,0.000000,0.000000,0.000000
-0.279569,1.668901,1.817891,1.107685,-0.962352,-0.044338,0.000000,1.000000,0.000000,0.000000,0.000000
0.609833,1.370000,-1.542465,1.799260,-1.075753,-1.293073,0.000000,0.000000,1.000000,0.000000,0.000000
0.303450,-0.586495,-1.269302,0.368036,0.790250,0.239926,0.000000,1.000000,0.000000,0.000000,0.000000
2.095455,-2.207186,-1.664721,1.714992,2.105060,0.581561,0.000000,1.000000,0.000000,0.000000,0.000000
2.423732,1.565556,1.752650,2.072491,-3.399162,-3.162777,0.000000,0.000000,1.000000,0.000000,0.000000
-2.171350,1.606337,-0.008062,-1.714138,-1.161314,-0.194781,0.000000,1.000000,0.000000,0.000000,0.000000
0.805728,0.798942,0.327815,0.698708,-1.529482,-1.440837,0.000000,1.000000,0.000000,0.000000,0.000000
1.565671,0.390284,-1.427955,2.528671,-0.190925,-0.877406,0.000000,0.000000,1.000000,0.000000,0.000000
-1.096437,-0.120359,-2.306900,-0.068743,1.495064,1.138831,0.000000,1.000000,0.000000,0.000000,0.000000
-1.898011,1.195809,-0.830465,-1.382554,-0.615007,-0.033414,0.000000,1.000000,0.000000,0.000000,0.000000
3.470731,-1.082890,0.912611,0.405667,-2.533999,-3.385281,1.000000,0.000000,0.000000,0.000000,0.000000
-0.480210,-2.134696,-1.261294,-1.132070,2.612954,1.881040,0.000000,0.000000,0.000000,1.000000,0.000000
-1.262494,0.067040,-2.731299,-0.600454,0.919269,0.562221,1.000000,0.000000,0.000000,0.000000,0.000000
0.397299,0.542424,1.557986,0.679228,-0.623547,-0.205244,0.000000,1.000000,0.000000,0.000000,0.000000
-0.061088,-1.242262,2.533926,0.446232,2.357022,2.656231,0.000000,0.000000,0.000000,1.000000,0.000000
1.359712,-1.893942,-0.285477,-0.946411,0.066128,-0.778590,1.000000,0.000000,0.000000,0.000000,0.000000
-1.211744,1.645023,1.060948,-0.030590,-0.825082,0.145699,0.000000,1.000000,0.000000,0.000000,0.000000
-1.238050,0.153988,-1.187546,-1.078066,0.327343,0.386826,0.000000,0.000000,0.000000,1.000000,0.000000
0.316292,-0.757154,-0.271390,-0.007806,0.676339,0.338198,1.000000,0.000000,0.000000,0.000000,0.000000
-1.468275,0.998753,0.140115,-1.490470,-0.975029,-0.297398,0.000000,0.000000,1.000000,0.000000,0.000000
-2.705024,2.258564,-1.438861,1.124597,1.295968,2.104774,1.000000,0.000000,0.000000,0.000000,0.000000
0.455057,1.088774,0.052106,1.113195,-1.099810,-0.938192,0.000000,0.000000,0.000000,0.000000,1.000000
0.191281,1.596559,-0.935859,0.467878,-2.132972,-2.001631,0.000000,0.000000,0.000000,1.000000,0.000000
2.210265,-0.623120,1.333794,0.823397,-1.153058,-1.509687,0.000000,0.000000,0.000000,1.000000,0.000000
-1.297123,0.585359,0.545562,-2.095002,-1.172668,-0.521900,0.000000,0.000000,1.000000,0.000000,0.000000
-0.397314,0.479161,-2.145308,-0.529605,-0.726180,-1.025154,1.000000,0.000000,0.000000,0.000000,0.000000
-2.963884,1.027739,-3.292080,-3.590593,-1.154199,-0.915321,0.000000,1.000000,0.000000,0.000000,0.000000
1.213905,-0.434682,0.074508,-0.526756,-1.453424,-1.804362,1.000000,0.000000,0.000000,0.000000,0.000000
-2.205997,2.163591,-2.680446,-2.164022,-2.404720,-1.931262,0.000000,1.000000,0.000000,0.000000,0.000000
-1.419687,1.316694,0.443007,-0.947735,-0.971953,-0.164106,0.000000,0.000000,0.000000,0.000000,1.000000
-2.132913,2.564180,-1.340831,1.427968,0.402038,1.177605,1.000000,0.000000,0.000000,0.000000,0.000000
-1.062682,1.667133,-1.927390,2.708415,1.536987,1.647248,1.000000,0.000000,0.000000,0.000000,0.000000
3.224350,1.943608,1.628413,3.878364,-3.251614,-3.185822,0.000000,0.000000,0.000000,0.000000,1.000000
-2.120399,2.350763,0.777629,0.334178,-0.321960,0.956582,0.000000,0.000000,0.000000,0.000000,1.000000
0.585977,-1.331255,-1.003061,0.674047,1.804019,1.049344,0.000000,1.000000,0.000000,0.000000,0.000000
-2.271263,1.898905,-0.511276,-0.422910,-0.220857,0.677459,1.000000,0.000000,0.000000,0.000000,0.000000
-1.524004,1.224035,-0.936786,0.416743,0.589413,1.008222,1.000000,0.000000,0.000000,0.000000,0.000000
-1.706120,0.473010,-2.790512,-1.701832,-0.155694,-0.283933,1.000000,0.000000,0.000000,0.000000,0.000000
-1.621279,2.382477,-1.941889,-1.207871,-2.549199,-1.997562,0.000000,1.000000,0.000000,0.000000,0.000000
-0.578872,0.704647,-0.467261,0.766745,0.460018,0.634513,0.000000,0.000000,1.000000,0.000000,0.000000
0.843260,0.043440,0.683650,0.397780,-0.764764,-0.785913,0.000000,0.000000,1.000000,0.000000,0.000000
1.068402,-1.224284,-0.268922,-1.150410,-0.724023,-1.315501,1.000000,0.000000,0.000000,0.000000,0.000000
3.082842,-0.636804,-2.896862,3.223192,-0.027867,-1.713621,0.000000,0.000000,1.000000,0.000000,0.000000
1.651582,-0.211983,1.338574,1.502169,-0.369670,-0.513846,0.000000,0.000000,0.000000,0.000000,1.000000
-1.644638,-2.267037,-0.887231,-2.200966,3.295926,2.918514,0.000000,0.000000,0.000000,1.000000,0.000000
1.009711,-0.426940,-1.453146,0.582830,-0.156119,-0.875356,0.000000,1.000000,0.000000,0.000000,0.000000
-2.363553,1.819808,-2.070970,-1.961355,-1.494815,-0.932441,0.000000,1.000000,0.000000,0.000000,0.000000
-0.295133,-1.218225,-1.882542,-0.105946,2.019129,1.299606,0.000000,0.000000,0.000000,1.000000,0.000000
-2.407253,2.848455,1.519398,-1.467890,-2.395464,-0.676860,0.000000,0.000000,1.000000,0.000000,0.000000
0.649126,0.298026,-1.056492,0.576518,-0.739571,-1.087692,0.000000,0.000000,1.000000,0.000000,0.000000
-0.351244,0.501688,4.861748,-2.472701,-2.571460,-1.071140,0.000000,0.000000,1.000000,0.000000,0.000000
-1.690764,1.974464,-1.869245,-0.273530,-0.964725,-0.518521,0.000000,0.000000,0.000000,1.000000,0.000000
1.029570,-0.929515,-0.319630,-0.947392,-0.906949,-1.431156,1.000000,0.000000,0.000000,0.000000,0.000000
1.310266,-0.845208,-1.312778,0.832776,0.303800,-0.566883,0.000000,1.000000,0.000000,0.000000,0.000000
-0.079730,0.911469,2.011928,0.924395,-0.295313,0.431941,0.000000,0.000000,0.000000,0.000000,1.000000
-1.530560,1.928143,1.569361,-1.400263,-2.132721,-0.843772,0.000000,0.000000,0.000000,0.000000,1.000000
3.956599,-2.911778,-3.007766,3.009084,1.932200,-0.571187,0.000000,1.000000,0.000000,0.000000,0.000000
2.026352,-1.366160,0.134786,-0.360267,-0.995490,-1.765374,1.000000,0.000000,0.000000,0.000000,0.000000
3.522883,-1.578531,-0.472706,1.673734,-0.683742,-2.063821,0.000000,1.000000,0.000000,0.000000,0.000000
-1.319477,1.978922,1.968130,0.500829,-0.642501,0.648088,0.000000,0.000000,0.000000,0.000000,1.000000
-0.867488,1.014767,-1.029420,1.356981,0.943970,1.105946,1.000000,0.000000,0.000000,0.000000,0.000000
-0.957098,0.593872,-0.941491,0.907075,1.239888,1.347513,1.000000,0.000000,0.000000,0.000000,0.000000
-0.289228,1.015477,1.096384,-0.886058,-1.933910,-1.298996,0.000000,0.000000,1.000000,0.000000,0.000000
-3.555341,2.807017,0.682877,0.329759,0.875445,2.572870,0.000000,0.000000,0.000000,0.000000,1.000000
1.446025,-1.565566,-0.187563,1.861256,2.183718,1.337087,0.000000,0.000000,0.000000,1.000000,0.000000
1.416080,-0.330306,-1.215862,0.638787,-0.766967,-1.494727,0.000000,1.000000,0.000000,0.000000,0.000000
0.585975,1.605537,-3.901761,3.425570,0.139834,-0.649602,0.000000,0.000000,1.000000,0.000000,0.000000
2.194506,-1.012965,2.893192,1.754785,0.357670,0.257412,0.000000,0.000000,0.000000,1.000000,0.000000
-1.513376,-0.974641,-0.813254,-1.844072,1.593103,1.534375,0.000000,0.000000,0.000000,1.000000,0.000000
-4.222275,1.987581,0.753001,0.507529,3.105465,4.747226,0.000000,0.000000,0.000000,0.000000,1.000000
0.328529,-0.811006,0.703404,0.065023,0.825440,0.709790,0.000000,0.000000,0.000000,0.000000,1.000000
-1.588546,2.061350,-2.128497,2.627139,1.566469,1.851620,1.000000,0.000000,0.000000,0.000000,0.000000
0.766856,-0.162228,-0.591977,0.846073,0.043503,-0.346400,0.000000,0.000000,1.000000,0.000000,0.000000
-1.655230,1.054155,-1.126369,1.209570,1.767459,2.097275,1.000000,0.000000,0.000000,0.000000,0.000000
2.148616,1.424445,0.657583,1.774913,-3.141816,-3.142887,0.000000,1.000000,0.000000,0.000000,0.000000
2.406460,-0.438951,0.169568,0.157630,-2.337012,-2.955627,1.000000,0.000000,0.000000,0.000000,0.000000
3.224757,-1.225644,-0.825444,1.511560,-0.970908,-2.272997,0.000000,1.000000,0.000000,0.000000,0.000000
2.402710,-0.899411,-1.030838,1.155994,-0.721863,-1.792560,0.000000,1.000000,0.000000,0.000000,0.000000
-0.444087,1.272284,-0.627614,0.321388,-0.971597,-0.702187,0.000000,0.000000,1.000000,0.000000,0.000000
0.713512,-0.476479,1.102373,0.287650,0.060195,0.038266,0.000000,0.000000,0.000000,1.000000,0.000000
-0.577140,0.722364,-1.753590,0.226817,-0.110115,-0.232519,0.000000,0.000000,0.000000,1.000000,0.000000
0.737128,-2.435894,0.705981,-0.063654,2.530373,1.898518,0.000000,0.000000,0.000000,1.000000,0.000000
1.280022,-0.309946,-0.431837,0.372668,-0.862641,-1.351084,0.000000,1.000000,0.000000,0.000000,0.000000
-0.083336,0.142563,-0.688129,0.766701,0.628261,0.488285,1.000000,0.000000,0.000000,0.000000,0.000000
0.325435,-0.227479,-0.271297,-0.043943,-0.139739,-0.338677,0.000000,1.000000,0.000000,0.000000,0.000000
-0.098706,0.463367,-2.053061,-1.613839,-2.134619,-2.445634,0.000000,1.000000,0.000000,0.000000,0.000000
-0.762644,0.510741,-2.168052,-0.737963,-0.498113,-0.705544,1.000000,0.000000,0.000000,0.000000,0.000000
1.024991,-1.283937,1.293117,-2.101060,-1.470220,-1.648394,1.000000,0.000000,0.000000,0.000000,0.000000
3.589031,-1.014294,-1.452558,1.704544,-1.576361,-3.066289,0.000000,1.000000,0.000000,0.000000,0.000000
-2.501570,3.062070,1.652581,-0.168696,-1.329075,0.456845,0.000000,0.000000,0.000000,0.000000,1.000000
-1.509984,1.442832,0.308771,-0.566588,-0.672810,0.142595,0.000000,0.000000,1.000000,0.000000,0.000000
-0.086068,2.279125,2.229895,2.207114,-1.034048,0.067471,0.000000,1.000000,0.000000,0.000000,0.000000
-0.800112,1.752173,0.791320,0.836241,-0.685429,0.125583,0.000000,0.000000,0.000000,0.000000,1.000000
-0.951635,0.436828,-0.802046,-1.430512,-0.788951,-0.611473,0.000000,1.000000,0.000000,0.000000,0.000000
-3.794991,2.360762,0.976370,0.341150,1.851268,3.556890,0.000000,0.000000,1.000000,0.000000,0.000000
-1.510614,1.488051,-1.291857,-0.523510,-0.723466,-0.294607,1.000000,0.000000,0.000000,0.000000,0.000000
0.843535,-1.810333,-1.317221,-1.316092,0.242145,-0.708470,1.000000,0.000000,0.000000,0.000000,0.000000
-1.678778,1.813778,0.871112,-1.611829,-1.989607,-0.863884,0.000000,0.000000,1.000000,0.000000,0.000000
-0.141716,0.143105,2.037907,-0.574266,-0.542120,0.052352,0.000000,0.000000,0.000000,1.000000,0.000000
-1.560910,1.787110,0.902418,-1.026919,-1.540061,-0.459554,0.000000,0.000000,1.000000,0.000000,0.000000
-0.030725,0.565865,1.239342,1.018765,0.220713,0.650750,0.000000,0.000000,0.000000,0.000000,1.000000
2.092579,-0.659209,-0.438119,0.797313,-1.002945,-1.781575,0.000000,1.000000,0.000000,0.000000,0.000000
-1.851648,0.028295,-2.030950,-2.828986,-0.393523,-0.380612,0.000000,1.000000,0.000000,0.000000,0.000000
-1.658353,0.456589,-0.719131,0.351460,1.819678,2.121910,1.000000,0.000000,0.000000,0.000000,0.000000
-1.698026,0.969138,1.500224,-1.984752,-1.086282,-0.010973,0.000000,0.000000,1.000000,0.000000,0.000000
0.778907,2.460519,2.128564,1.410782,-3.191328,-2.234312,0.000000,0.000000,0.000000,0.000000,1.000000
-1.474079,0.868450,-0.116358,-1.777194,-1.058839,-0.468432,0.000000,0.000000,1.000000,0.000000,0.000000
-0.497501,0.411049,1.346156,1.122621,1.154472,1.671249,0.000000,0.000000,0.000000,0.000000,1.000000
-1.688044,0.870428,-0.658455,-1.101141,-0.141350,0.340460,0.000000,1.000000,0.000000,0.000000,0.000000
1.528898,0.751588,-0.706004,2.614408,-0.572996,-0.979426,0.000000,0.000000,1.000000,0.000000,0.000000
-0.629954,-1.877938,1.184669,-0.387049,3.194258,3.145906,0.000000,0.000000,0.000000,1.000000,0.000000
-0.291446,-1.901566,1.427516,-1.312978,1.900406,1.861088,0.000000,0.000000,0.000000,1.000000,0.000000
-0.491686,2.529713,2.124326,0.009188,-2.990035,-1.684221,0.000000,0.000000,0.000000,0.000000,1.000000
-1.943208,-0.447073,-3.101897,-2.541622,0.674638,0.307056,1.000000,0.000000,0.000000,0.000000,0.000000
-0.735939,-1.471074,-2.844247,-2.258253,0.869516,0.015111,0.000000,0.000000,0.000000,1.000000,0.000000
1.283804,-0.094260,0.952393,1.270301,-0.292392,-0.411109,0.000000,0.000000,0.000000,0.000000,1.000000
-0.397443,2.227936,-3.689178,3.700097,0.782746,0.421868,0.000000,0.000000,1.000000,0.000000,0.000000
-2.341754,1.206058,0.391082,1.006217,2.269524,3.176725,0.000000,0.000000,0.000000,0.000000,1.000000
-2.305507,2.230554,-1.524014,0.423165,0.139850,0.853972,0.000000,0.000000,1.000000,0.000000,0.000000
-1.265459,2.737243,2.219456,-0.187331,-2.472983,-0.908706,0.000000,0.000000,0.000000,0.000000,1.000000
0.076802,0.294287,0.335866,0.616788,0.072655,0.196006,0.000000,0.000000,1.000000,0.000000,0.000000
-1.444859,1.996823,-3.503620,-2.128479,-3.132063,-3.078757,0.000000,1.000000,0.000000,0.000000,0.000000
-0.913343,0.523090,-4.441437,-2.654810,-2.205700,-2.876287,0.000000,1.000000,0.000000,0.000000,0.000000
-2.066371,1.053887,1.453786,-2.655647,-1.377573,-0.186439,0.000000,0.000000,1.000000,0.000000,0.000000
0.738504,-0.598357,-0.193293,-0.564469,-0.638370,-0.991217,1.000000,0.000000,0.000000,0.000000,0.000000
2.970357,-1.219121,-1.274703,1.544838,-0.625157,-1.981096,0.000000,1.000000,0.000000,0.000000,0.000000
-0.003318,-1.879133,-1.956995,-1.854517,0.913657,-0.006128,1.000000,0.000000,0.000000,0.000000,0.000000
-1.026323,1.324831,-0.050441,-0.379444,-0.956180,-0.375763,0.000000,1.000000,0.000000,0.000000,0.000000
0.537236,-1.487263,0.699153,-2.073574,-0.524249,-0.795158,0.000000,0.000000,1.000000,0.000000,0.000000
0.130560,0.555394,1.661082,1.025175,0.039554,0.535115,0.000000,0.000000,0.000000,0.000000,1.000000
0.943697,1.132788,-0.191797,0.434700,-2.457049,-2.431211,0.000000,1.000000,0.000000,0.000000,0.000000
2.566904,0.259699,-1.521588,2.075123,-1.741836,-2.695363,0.000000,0.000000,1.000000,0.000000,0.000000
-1.108575,3.167403,-0.485288,0.251807,-2.924840,-1.967858,0.000000,1.000000,0.000000,0.000000,0.000000
3.194207,-2.346035,0.684412,-0.077542,-0.809095,-1.972825,1.000000,0.000000,0.000000,0.000000,0.000000
1.377328,-1.180076,-1.383845,-0.500966,-0.583250,-1.530627,0.000000,0.000000,1.000000,0.000000,0.000000
-2.384258,1.036009,0.822179,-2.650045,-0.943597,0.157141,0.000000,0.000000,1.000000,0.000000,0.000000
3.171435,-1.692500,0.851037,-0.446721,-2.081622,-3.013815,1.000000,0.000000,0.000000,0.000000,0.000000
-1.614070,2.457479,0.260946,0.409736,-1.071414,-0.008890,0.000000,0.000000,0.000000,0.000000,1.000000
-0.841377,0.884277,2.185907,-1.968088,-2.049258,-1.018797,0.000000,0.000000,1.000000,0.000000,0.000000
2.333980,-1.013823,0.352118,2.393227,0.749340,-0.034288,0.000000,0.000000,0.000000,1.000000,0.000000
2.298516,-2.048563,1.203246,0.775773,0.754580,-0.029465,0.000000,0.000000,0.000000,1.000000,0.000000
-0.185147,1.972972,-2.351404,3.993023,1.182062,1.028400,1.000000,0.000000,0.000000,0.000000,0.000000
0.146151,0.288903,0.613736,0.135381,-0.468795,-0.277395,0.000000,0.000000,0.000000,0.000000,1.000000
2.985755,-0.951189,-1.002543,1.356984,-1.210715,-2.425470,0.000000,1.000000,0.000000,0.000000,0.000000
0.726068,-0.792996,-1.010444,-0.708693,-0.492371,-1.091852,1.000000,0.000000,0.000000,0.000000,0.000000
0.432899,0.232869,-0.996151,1.241477,0.277960,-0.046131,1.000000,0.000000,0.000000,0.000000,0.000000
-1.650985,0.128275,0.305414,-3.009831,-0.934091,-0.353913,0.000000,0.000000,1.000000,0.000000,0.000000
2.205605,-0.942416,2.698616,1.655776,0.142050,0.012973,0.000000,0.000000,0.000000,0.000000,1.000000
0.009513,-0.698964,-0.899306,-0.535417,0.471699,0.079487,0.000000,0.000000,0.000000,1.000000,0.000000
-1.420709,-1.722769,1.478721,-0.403802,3.986044,4.229484,0.000000,0.000000,0.000000,1.000000,0.000000
2.907820,-1.032488,-0.320428,2.864318,0.472645,-0.627153,0.000000,0.000000,0.000000,0.000000,1.000000
2.745577,-0.900826,2.535106,1.381609,-0.887487,-1.158030,0.000000,0.000000,0.000000,1.000000,0.000000
-0.214911,0.499797,-1.007828,1.227709,0.719187,0.608426,1.000000,0.000000,0.000000,0.000000,0.000000
1.224543,-0.238368,-0.194270,0.077448,-1.174855,-1.563137,0.000000,0.000000,1.000000,0.000000,0.000000
2.180663,-0.040274,2.456055,2.305188,-0.514349,-0.481206,0.000000,0.000000,0.000000,1.000000,0.000000
0.564006,1.019783,0.857847,0.170209,-2.036086,-1.685717,0.000000,0.000000,1.000000,0.000000,0.000000
-2.280496,1.976243,1.800923,-2.056859,-1.856039,-0.306911,0.000000,0.000000,1.000000,0.000000,0.000000
-0.448490,0.665916,-1.266398,-0.951174,-1.322087,-1.328049,0.000000,1.000000,0.000000,0.000000,0.000000
2.344739,-1.384458,1.160218,1.750884,0.668603,0.006548,0.000000,0.000000,0.000000,0.000000,1.000000
-0.673387,0.191529,0.020369,-0.733710,-0.109097,0.122005,1.000000,0.000000,0.000000,0.000000,0.000000
3.916763,-2.853344,-2.238966,2.772148,1.683952,-0.596372,0.000000,1.000000,0.000000,0.000000,0.000000
1.424662,-0.714785,-0.441924,1.274905,0.406430,-0.254061,0.000000,0.000000,0.000000,0.000000,1.000000
0.101555,-0.208187,0.502046,-1.423795,-1.192905,-1.098616,0.000000,0.000000,1.000000,0.000000,0.000000
2.464841,-1.043524,2.968073,1.734137,0.031897,-0.117762,0.000000,0.000000,0.000000,0.000000,1.000000
4.480959,-2.471179,-1.009032,2.505545,0.159267,-1.832382,0.000000,1.000000,0.000000,0.000000,0.000000
-0.762163,0.336349,-0.088530,1.658238,2.098736,2.281193,0.000000,0.000000,0.000000,0.000000,1.000000
-0.350402,-0.237319,-1.810276,-1.334632,-0.516389,-0.905287,0.000000,0.000000,0.000000,1.000000,0.000000
1.251200,-0.788924,1.261569,0.184030,-0.282300,-0.464383,0.000000,1.000000,0.000000,0.000000,0.000000
0.888927,0.699932,-0.805538,1.090823,-1.135389,-1.385896,0.000000,0.000000,1.000000,0.000000,0.000000
0.452315,1.472570,-1.901270,2.829446,-0.033455,-0.311762,1.000000,0.000000,0.000000,0.000000,0.000000
1.448758,-0.239346,-0.762737,0.498546,-1.068978,-1.662893,0.000000,1.000000,0.000000,0.000000,0.000000
-0.006726,-1.830390,-1.221996,-1.782009,0.929681,0.203520,1.000000,0.000000,0.000000,0.000000,0.000000
0.196415,-0.059546,-1.094291,-0.362512,-0.536862,-0.856088,1.000000,0.000000,0.000000,0.000000,0.000000
-0.305050,-1.088413,-0.614737,-1.212842,0.798612,0.467171,0.000000,0.000000,0.000000,1.000000,0.000000
-3.047299,-0.405571,-1.568015,-3.516329,1.137163,1.441189,0.000000,1.000000,0.000000,0.000000,0.000000
1.011832,1.335002,1.205114,1.446932,-1.840285,-1.463383,0.000000,0.000000,0.000000,0.000000,1.000000
-0.166630,0.626704,-0.116023,0.309742,-0.397172,-0.233274,0.000000,0.000000,1.000000,0.000000,0.000000
-0.690131,-0.207877,1.267963,0.100228,1.317590,1.728632,0.000000,0.000000,0.000000,1.000000,0.000000
-1.251805,0.840724,-0.726515,0.586167,0.959042,1.262035,1.000000,0.000000,0.000000,0.000000,0.000000
-2.259023,-0.208386,-0.295134,-2.689506,0.644005,1.111756,0.000000,0.000000,0.000000,1.000000,0.000000
-0.008827,0.607733,0.707004,1.041110,0.143873,0.447222,0.000000,0.000000,0.000000,0.000000,1.000000
1.084396,-0.821125,-1.274990,0.705477,0.440536,-0.359529,0.000000,1.000000,0.000000,0.000000,0.000000
2.356808,-2.065276,0.655551,-0.550895,-0.584510,-1.477690,1.000000,0.000000,0.000000,0.000000,0.000000
-0.659163,1.059278,2.818715,-1.366968,-1.950447,-0.777586,0.000000,0.000000,1.000000,0.000000,0.000000
0.983636,1.312999,0.786538,1.592277,-1.638760,-1.370076,0.000000,0.000000,0.000000,0.000000,1.000000
-0.822076,-1.329437,0.331738,-2.322731,0.767833,0.760467,0.000000,0.000000,0.000000,1.000000,0.000000
-1.572765,2.339755,-0.139763,-0.087649,-1.440184,-0.500883,0.000000,1.000000,0.000000,0.000000,0.000000
0.131843,-0.984538,0.200829,-1.328273,-0.017716,-0.213386,0.000000,0.000000,0.000000,1.000000,0.000000
1.436890,-0.569349,-1.054890,1.428658,0.316963,-0.465062,0.000000,0.000000,1.000000,0.000000,0.000000
0.025531,1.065225,0.106839,-0.105905,-1.680695,-1.374771,0.000000,0.000000,1.000000,0.000000,0.000000
-1.063119,0.094721,-1.627169,-0.454549,0.779199,0.653907,0.000000,0.000000,0.000000,1.000000,0.000000
-2.027401,1.344279,-0.926135,-1.411430,-0.691859,-0.064792,0.000000,0.000000,0.000000,1.000000,0.000000
-0.033147,1.381927,-1.227949,0.351606,-1.646371,-1.590070,0.000000,0.000000,1.000000,0.000000,0.000000
0.072032,0.498528,2.184904,0.933754,0.119115,0.745800,0.000000,0.000000,0.000000,0.000000,1.000000
-1.125696,-0.671021,-1.170733,-2.428509,0.078750,-0.055821,0.000000,0.000000,1.000000,0.000000,0.000000
-2.052143,1.395477,-0.510028,0.156330,0.783555,1.480656,1.000000,0.000000,0.000000,0.000000,0.000000
2.423656,-1.842398,0.223304,-0.114443,-0.582035,-1.553105,0.000000,0.000000,1.000000,0.000000,0.000000
0.435880,0.753600,0.743059,-1.277930,-2.880046,-2.551497,0.000000,0.000000,1.000000,0.000000,0.000000
1.459815,-2.068839,1.030275,1.595653,2.661673,1.989980,0.000000,0.000000,0.000000,1.000000,0.000000
1.859688,0.737641,1.512510,1.103632,-2.400673,-2.283994,0.000000,0.000000,0.000000,0.000000,1.000000
0.338761,1.166944,-1.506291,1.323343,-0.886224,-1.071609,0.000000,0.000000,1.000000,0.000000,0.000000
-0.710535,3.311231,3.105159,0.126014,-3.711340,-1.910371,0.000000,0.000000,0.000000,0.000000,1.000000
0.875385,-0.058924,1.426033,1.357307,0.279296,0.376099,0.000000,0.000000,0.000000,1.000000,0.000000
-1.186230,-0.307037,-1.350456,-1.894400,0.140309,0.053109,0.000000,1.000000,0.000000,0.000000,0.000000
-1.583438,1.145015,-1.234059,1.356036,1.681404,1.987537,1.000000,0.000000,0.000000,0.000000,0.000000
-1.746265,1.823486,-0.679322,-0.934159,-1.289463,-0.553405,0.000000,0.000000,1.000000,0.000000,0.000000
0.821846,0.758795,1.996526,-0.274114,-2.400967,-1.879993,0.000000,0.000000,1.000000,0.000000,0.000000
-0.473631,1.395982,0.826078,0.001689,-1.396091,-0.715951,0.000000,0.000000,0.000000,0.000000,1.000000
0.991380,-0.592020,-1.036692,0.552909,0.085776,-0.568649,0.000000,1.000000,0.000000,0.000000,0.000000
-1.494879,0.341572,-2.091471,-0.537098,0.894650,0.818927,0.000000,0.000000,0.000000,1.000000,0.000000
-0.525701,0.145051,-1.895035,-0.628416,-0.164853,-0.457971,1.000000,0.000000,0.000000,0.000000,0.000000
-0.084121,0.803624,-0.516296,1.517465,0.395344,0.447895,0.000000,0.000000,0.000000,0.000000,1.000000
-1.467313,2.321876,2.355035,-0.904206,-2.295540,-0.738262,0.000000,0.000000,1.000000,0.000000,0.000000
4.024060,-3.547077,-2.539591,3.167041,2.927442,0.351897,0.000000,1.000000,0.000000,0.000000,0.000000
-1.970253,3.618215,1.256021,-0.728302,-3.373758,-1.639646,0.000000,0.000000,0.000000,0.000000,1.000000
0.839974,-1.107743,-0.481580,-0.299176,0.220270,-0.370371,0.000000,0.000000,0.000000,1.000000,0.000000
-0.844915,0.621284,-0.280195,-0.747335,-0.528531,-0.219504,0.000000,1.000000,0.000000,0.000000,0.000000
-2.154839,2.021862,1.256076,0.500103,0.368592,1.681099,0.000000,0.000000,0.000000,0.000000,1.000000
-1.617689,1.610316,1.045296,0.713509,0.469884,1.493771,0.000000,0.000000,0.000000,0.000000,1.000000
1.274846,-1.220326,-1.437811,0.993763,1.047708,0.049400,0.000000,1.000000,0.000000,0.000000,0.000000
3.655431,-2.666516,-2.076641,2.556649,1.547553,-0.577334,0.000000,1.000000,0.000000,0.000000,0.000000
2.349720,-1.364786,-1.611331,1.482745,0.327940,-1.008859,0.000000,1.000000,0.000000,0.000000,0.000000
-2.627001,2.600430,-0.371223,-1.057813,-1.386576,-0.167132,0.000000,0.000000,1.000000,0.000000,0.000000
1.043373,-0.420673,-0.632143,0.954637,0.163235,-0.370559,1.000000,0.000000,0.000000,0.000000,0.000000
1.284505,-3.001170,0.859350,0.212101,2.907948,2.032826,0.000000,0.000000,0.000000,1.000000,0.000000
0.645779,-1.654644,3.138780,0.245336,1.853563,2.042115,0.000000,0.000000,0.000000,1.000000,0.000000
0.571594,-0.212952,-0.462081,0.091019,-0.354167,-0.656287,0.000000,1.000000,0.000000,0.000000,0.000000
0.102952,1.402145,-2.703942,1.806495,-0.476131,-0.859807,0.000000,0.000000,1.000000,0.000000,0.000000
0.209233,0.856548,-2.660482,1.388207,-0.224112,-0.751102,0.000000,0.000000,1.000000,0.000000,0.000000
-2.047474,0.929400,0.957803,-2.053049,-0.649189,0.361616,0.000000,0.000000,1.000000,0.000000,0.000000
-2.428814,1.164516,0.325985,-1.984022,-0.439077,0.560267,0.000000,0.000000,0.000000,0.000000,1.000000
2.130227,-0.914652,0.077566,0.148682,-1.297015,-2.002002,1.000000,0.000000,0.000000,0.000000,0.000000
1.887859,-2.387548,-0.513249,-0.676656,0.352324,-0.806786,1.000000,0.000000,0.000000,0.000000,0.000000
2.212324,-0.238763,-0.127170,0.074601,-2.460394,-3.053440,1.000000,0.000000,0.000000,0.000000,0.000000
-0.470408,1.352954,0.541058,0.187442,-1.163671,-0.572555,0.000000,0.000000,0.000000,0.000000,1.000000
-0.558388,-0.278353,0.198285,-0.964196,0.204842,0.337792,1.000000,0.000000,0.000000,0.000000,0.000000
-1.367713,1.133389,0.080355,-0.993896,-0.823944,-0.164658,0.000000,1.000000,0.000000,0.000000,0.000000
-0.308729,1.291229,2.009087,0.873748,-0.597982,0.281978,0.000000,0.000000,0.000000,0.000000,1.000000
-2.250019,2.105923,0.084908,0.862865,0.699805,1.753134,0.000000,0.000000,0.000000,0.000000,1.000000
-2.413194,1.803243,0.723250,-1.895274,-1.294884,-0.034567,0.000000,0.000000,1.000000,0.000000,0.000000
0.643370,-0.246392,-0.289011,0.745383,0.234488,-0.071444,0.000000,0.000000,0.000000,0.000000,1.000000
0.369170,0.267773,1.748039,1.099875,0.220500,0.605629,0.000000,0.000000,0.000000,0.000000,1.000000
0.197794,-1.367123,-2.912181,1.114239,2.752474,1.586883,0.000000,0.000000,0.000000,1.000000,0.000000
1.042986,1.033689,-2.510812,2.955531,-0.052989,-0.735182,0.000000,0.000000,1.000000,0.000000,0.000000
-0.329441,0.438505,1.056370,-0.094510,-0.281583,0.173479,0.000000,1.000000,0.000000,0.000000,0.000000
0.917782,0.985094,-2.151249,1.230106,-1.475873,-1.996055,0.000000,0.000000,1.000000,0.000000,0.000000
-0.557700,1.877100,0.012333,-0.206447,-2.200021,-1.568841,0.000000,1.000000,0.000000,0.000000,0.000000
4.006591,-1.657265,-1.026361,2.020450,-0.873781,-2.532053,0.000000,1.000000,0.000000,0.000000,0.000000
0.811635,0.914580,-0.124684,1.320774,-1.113498,-1.128652,0.000000,0.000000,0.000000,0.000000,1.000000
-0.589084,3.234066,1.991602,0.500877,-3.415006,-1.950500,0.000000,0.000000,0.000000,0.000000,1.000000
0.679591,1.175906,1.865908,1.471166,-1.142527,-0.570042,0.000000,1.000000,0.000000,0.000000,0.000000
-0.608090,-0.021052,-0.393682,-0.413481,0.416246,0.463082,0.000000,1.000000,0.000000,0.000000,0.000000
0.487080,0.820989,-1.993939,2.206037,0.265558,-0.194990,0.000000,0.000000,1.000000,0.000000,0.000000
1.264354,-0.719632,2.955976,1.495468,0.892390,1.102397,0.000000,0.000000,0.000000,1.000000,0.000000
0.747163,-0.160453,-0.978915,-0.743091,-1.471199,-1.899219,1.000000,0.000000,0.000000,0.000000,0.000000
1.820093,-1.793613,0.375421,1.272553,1.470921,0.639506,0.000000,0.000000,0.000000,0.000000,1.000000
-1.837485,2.411555,-0.166924,0.021517,-1.095516,-0.088281,0.000000,0.000000,1.000000,0.000000,0.000000
0.233830,0.997193,2.232123,0.847029,-0.898372,-0.161515,0.000000,0.000000,0.000000,0.000000,1.000000
-1.793350,2.462727,1.802355,-2.393696,-3.520674,-1.940538,0.000000,1.000000,0.000000,0.000000,0.000000
-2.687629,1.784623,-1.197177,1.144474,1.985037,2.723965,1.000000,0.000000,0.000000,0.000000,0.000000
-0.894286,-1.238120,-0.425375,-1.616549,1.396577,1.218095,0.000000,0.000000,0.000000,1.000000,0.000000
-0.012700,1.728224,2.914328,1.875977,-0.636625,0.483708,0.000000,1.000000,0.000000,0.000000,0.000000
-0.874430,-0.485031,-0.704107,-1.490219,0.393831,0.336599,0.000000,0.000000,0.000000,1.000000,0.000000
0.149321,0.747173,-1.447753,-0.631820,-1.912913,-2.087049,0.000000,1.000000,0.000000,0.000000,0.000000
1.114772,-0.392689,0.342090,0.803248,-0.099509,-0.395097,0.000000,0.000000,0.000000,1.000000,0.000000
-0.375584,0.337156,-0.886552,-1.150398,-1.124829,-1.133135,0.000000,1.000000,0.000000,0.000000,0.000000
2.187855,0.062106,-0.565733,0.002177,-2.942858,-3.557298,0.000000,0.000000,1.000000,0.000000,0.000000
0.659529,0.333090,-0.558814,0.018562,-1.333126,-1.532192,0.000000,1.000000,0.000000,0.000000,0.000000
2.244393,-0.480533,-1.131444,0.410551,-1.844361,-2.768933,1.000000,0.000000,0.000000,0.000000,0.000000
-1.560498,-0.755487,-1.814373,-3.031589,0.174826,-0.024218,1.000000,0.000000,0.000000,0.000000,0.000000
-0.077851,-1.469361,-0.899991,0.025485,2.244746,1.649571,0.000000,0.000000,0.000000,1.000000,0.000000
0.512054,1.611963,-1.441083,0.289533,-2.752929,-2.808840,0.000000,1.000000,0.000000,0.000000,0.000000
-1.626071,2.207189,1.645972,-1.116493,-2.139130,-0.745461,0.000000,0.000000,0.000000,0.000000,1.000000
0.463833,-0.542341,-1.125056,1.485610,1.596775,1.020684,0.000000,0.000000,0.000000,1.000000,0.000000
-1.828817,1.375769,-1.085704,0.739943,1.074253,1.553758,1.000000,0.000000,0.000000,0.000000,0.000000
-1.569328,0.809803,-2.399618,-1.796563,-0.907389,-0.877093,0.000000,1.000000,0.000000,0.000000,0.000000
-0.057917,0.874762,1.364705,-0.827934,-1.969738,-1.359225,0.000000,0.000000,1.000000,0.000000,0.000000
1.516654,-1.406880,0.320936,0.995249,1.035661,0.370228,0.000000,0.000000,0.000000,0.000000,1.000000
1.208724,0.502409,-0.751605,1.915676,-0.468692,-0.857234,0.000000,0.000000,1.000000,0.000000,0.000000
4.455848,-2.328276,-1.813012,2.653055,0.112761,-2.039914,0.000000,1.000000,0.000000,0.000000,0.000000
1.946835,-1.469438,3.183172,1.178158,0.792162,0.717944,0.000000,0.000000,0.000000,1.000000,0.000000
1.507870,-0.094261,0.453623,2.818148,0.899052,0.554698,0.000000,0.000000,0.000000,1.000000,0.000000
1.614085,-0.383310,1.247162,1.634491,0.053883,-0.154279,0.000000,0.000000,0.000000,0.000000,1.000000
2.170715,0.223474,-2.526086,3.186099,-0.120736,-1.281373,0.000000,0.000000,1.000000,0.000000,0.000000
1.158861,0.841414,-3.287748,2.268257,-0.599812,-1.528677,0.000000,0.000000,1.000000,0.000000,0.000000
0.509480,-2.019443,0.320486,0.093485,2.366325,1.794683,0.000000,0.000000,0.000000,1.000000,0.000000
-0.834958,0.223015,-0.074748,-2.035745,-1.200837,-0.905359,0.000000,0.000000,1.000000,0.000000,0.000000
-2.904247,2.267654,1.563757,-2.167246,-1.578596,0.132208,0.000000,0.000000,1.000000,0.000000,0.000000
0.240784,0.915355,-0.740312,-0.849166,-2.473487,-2.440857,0.000000,0.000000,1.000000,0.000000,0.000000
-0.684358,0.129929,-2.440343,-2.145903,-1.407943,-1.754189,0.000000,1.000000,0.000000,0.000000,0.000000
0.668642,-2.914399,-0.703060,-2.221549,1.211355,0.190689,1.000000,0.000000,0.000000,0.000000,0.000000
2.916103,-2.087085,-1.303787,1.881101,1.029634,-0.562033,0.000000,1.000000,0.000000,0.000000,0.000000
-1.380962,1.088596,-3.787779,-3.005090,-2.745367,-2.987749,0.000000,1.000000,0.000000,0.000000,0.000000
-0.132134,1.625969,-0.104119,0.892272,-1.332040,-0.928192,0.000000,0.000000,0.000000,0.000000,1.000000
-2.468832,1.064535,-2.148639,-2.360653,-0.646890,-0.266532,0.000000,1.000000,0.000000,0.000000,0.000000
0.712466,0.523097,0.599752,0.142646,-1.538646,-1.415984,0.000000,0.000000,1.000000,0.000000,0.000000
2.170306,-0.387280,-0.100317,0.146586,-2.120213,-2.738841,0.000000,0.000000,1.000000,0.000000,0.000000
1.629407,-0.557105,-0.727673,0.205092,-1.124477,-1.824393,1.000000,0.000000,0.000000,0.000000,0.000000
-0.081901,1.463318,-3.528727,2.690566,0.513120,-0.047120,0.000000,0.000000,1.000000,0.000000,0.000000
0.475063,1.197404,0.991164,-0.138848,-2.473923,-2.013268,0.000000,0.000000,1.000000,0.000000,0.000000
-0.080447,2.323033,2.308614,0.471453,-2.776073,-1.586764,0.000000,0.000000,0.000000,0.000000,1.000000
2.282366,0.715778,2.925551,1.976923,-2.053070,-1.715395,0.000000,0.000000,0.000000,1.000000,0.000000
-0.096000,0.572426,-1.496461,2.276906,1.461611,1.187135,1.000000,0.000000,0.000000,0.000000,0.000000
-1.140294,1.358035,-1.159047,1.322701,0.764881,1.047726,1.000000,0.000000,0.000000,0.000000,0.000000
-0.445127,-0.277086,0.317209,-0.688382,0.323488,0.451694,0.000000,0.000000,0.000000,0.000000,1.000000
-0.253608,-0.591135,0.601101,-1.793641,-0.529453,-0.419871,0.000000,0.000000,0.000000,1.000000,0.000000
0.221545,2.223430,1.610829,0.742212,-2.775136,-1.862040,0.000000,0.000000,0.000000,0.000000,1.000000
-1.904079,3.420020,1.679199,-0.943536,-3.372082,-1.593002,0.000000,0.000000,0.000000,0.000000,1.000000
-0.228952,0.644488,1.575600,0.989716,0.342030,0.921696,0.000000,0.000000,0.000000,0.000000,1.000000
-0.160390,1.839785,0.373053,0.595368,-1.883797,-1.288773,0.000000,0.000000,0.000000,0.000000,1.000000
0.837571,1.127998,2.103295,0.318976,-2.384444,-1.762685,0.000000,0.000000,0.000000,1.000000,0.000000
-1.085343,1.120834,-0.186661,-0.427867,-0.632096,-0.124566,0.000000,0.000000,0.000000,0.000000,1.000000
-0.282779,3.646480,2.449547,0.846159,-4.071890,-2.464894,0.000000,0.000000,0.000000,0.000000,1.000000
3.519739,-1.704992,1.219614,2.248857,0.087018,-0.925017,0.000000,0.000000,0.000000,0.000000,1.000000
-0.869514,2.107734,-1.794061,-0.073831,-2.032574,-1.723223,0.000000,0.000000,1.000000,0.000000,0.000000
1.400275,2.650006,1.702667,2.302097,-3.423090,-2.690684,0.000000,0.000000,0.000000,0.000000,1.000000
0.535041,0.708809,0.059207,-0.657583,-2.357902,-2.253817,0.000000,0.000000,1.000000,0.000000,0.000000
-1.004200,0.644939,0.099927,1.254879,1.579827,1.958338,0.000000,0.000000,0.000000,0.000000,1.000000
-3.278434,1.872686,1.738353,-3.007318,-1.324715,0.436903,0.000000,0.000000,1.000000,0.000000,0.000000
0.134573,-1.651434,-2.829976,0.953225,3.093927,1.893118,0.000000,0.000000,0.000000,1.000000,0.000000
2.599180,-0.325771,0.525339,1.020374,-1.914718,-2.487108,0.000000,0.000000,1.000000,0.000000,0.000000
1.030767,1.852879,1.121212,1.875907,-2.205264,-1.730834,0.000000,0.000000,0.000000,0.000000,1.000000
-4.280526,2.983329,-0.030213,0.357532,1.576976,3.305674,0.000000,0.000000,0.000000,0.000000,1.000000
-2.288943,-0.194924,0.118903,-1.131799,2.171243,2.700035,1.000000,0.000000,0.000000,0.000000,0.000000
-1.132126,-0.183259,0.656085,-2.305724,-0.471927,-0.026875,0.000000,0.000000,1.000000,0.000000,0.000000
0.875931,1.798521,1.969082,1.159208,-2.601028,-1.871947,0.000000,0.000000,0.000000,0.000000,1.000000
-0.324191,-1.749275,-0.712640,-1.157858,1.834738,1.306754,0.000000,0.000000,0.000000,1.000000,0.000000
-4.238802,4.310165,0.089438,-0.421425,-1.153033,0.972753,0.000000,0.000000,0.000000,0.000000,1.000000
-1.666382,1.225078,-0.428493,-0.564081,-0.163291,0.446565,1.000000,0.000000,0.000000,0.000000,0.000000
0.289277,1.404943,1.559969,1.245321,-1.190462,-0.538328,0.000000,1.000000,0.000000,0.000000,0.000000
-0.453587,1.974301,-0.314006,0.459549,-1.840487,-1.310150,0.000000,1.000000,0.000000,0.000000,0.000000
-1.796835,0.303790,-1.168423,-1.469139,0.459928,0.702054,0.000000,0.000000,0.000000,1.000000,0.000000
2.223224,-1.967407,1.312824,-0.866245,-0.845581,-1.509320,1.000000,0.000000,0.000000,0.000000,0.000000
-0.011952,1.199893,1.213539,0.898239,-0.841214,-0.250156,0.000000,0.000000,0.000000,0.000000,1.000000
-0.440134,1.320424,-1.494851,1.838139,0.399911,0.415348,1.000000,0.000000,0.000000,0.000000,0.000000
-1.720738,3.506104,1.452639,-0.255559,-3.076549,-1.394982,0.000000,0.000000,1.000000,0.000000,0.000000
-4.064612,4.325474,0.434876,-0.286512,-1.265911,0.906099,0.000000,0.000000,0.000000,0.000000,1.000000
-0.387575,1.490989,0.759315,-1.127079,-2.734687,-2.027628,0.000000,0.000000,1.000000,0.000000,0.000000
-0.854632,0.998489,-1.746811,2.224962,1.774949,1.722756,1.000000,0.000000,0.000000,0.000000,0.000000
-2.721574,1.681617,1.998034,-2.948862,-1.710572,-0.061791,0.000000,0.000000,1.000000,0.000000,0.000000
-0.958508,0.800047,-0.994421,-1.072910,-0.966340,-0.750971,0.000000,1.000000,0.000000,0.000000,0.000000
-3.165289,1.847447,0.343310,0.837710,2.245643,3.500758,0.000000,0.000000,0.000000,0.000000,1.000000
-2.111758,-1.326662,-0.944702,-2.211073,2.526724,2.488686,0.000000,0.000000,0.000000,1.000000,0.000000
-1.539097,0.135539,-2.285747,-1.838877,-0.006134,-0.131191,1.000000,0.000000,0.000000,0.000000,0.000000
2.146518,-0.264459,2.279949,1.109688,-1.299158,-1.321442,0.000000,0.000000,0.000000,1.000000,0.000000
-0.062363,-0.447730,-2.012707,0.354674,1.038841,0.423162,0.000000,1.000000,0.000000,0.000000,0.000000
-2.281670,0.951937,-0.470467,-2.257115,-0.598347,0.123285,0.000000,0.000000,0.000000,1.000000,0.000000
0.369161,2.030376,0.234105,0.944945,-2.514826,-2.034257,0.000000,1.000000,0.000000,0.000000,0.000000
0.600792,0.337483,-0.571328,0.266321,-1.024628,-1.220739,0.000000,0.000000,1.000000,0.000000,0.000000
-0.438908,-0.979568,0.014413,0.770319,2.736053,2.553351,0.000000,0.000000,0.000000,1.000000,0.000000
0.643630,0.924196,-1.611388,1.642288,-0.624571,-0.979185,0.000000,0.000000,1.000000,0.000000,0.000000
-1.891521,0.414056,-0.435620,-0.107597,1.747212,2.176135,1.000000,0.000000,0.000000,0.000000,0.000000
-1.393162,0.859119,-1.489008,1.957616,2.424509,2.529076,1.000000,0.000000,0.000000,0.000000,0.000000
-0.362818,1.036187,0.222870,-0.147221,-1.171336,-0.755870,0.000000,1.000000,0.000000,0.000000,0.000000
-0.426595,0.844568,1.253409,-1.176676,-1.784354,-1.115169,0.000000,0.000000,1.000000,0.000000,0.000000
-0.046105,1.824734,1.783224,0.169514,-2.396806,-1.467228,0.000000,0.000000,1.000000,0.000000,0.000000
4.191284,-0.820515,-1.741450,3.183411,-1.221068,-2.915791,0.000000,0.000000,1.000000,0.000000,0.000000
0.056657,-1.307664,-0.872678,-1.954124,-0.071894,-0.581648,1.000000,0.000000,0.000000,0.000000,0.000000
-3.240780,2.406841,-1.600357,1.247521,1.892970,2.816883,1.000000,0.000000,0.000000,0.000000,0.000000
-1.942160,2.210794,-1.562521,1.502519,0.735337,1.317226,1.000000,0.000000,0.000000,0.000000,0.000000
-2.955145,2.488809,3.588367,-2.810197,-2.418591,-0.114046,0.000000,0.000000,1.000000,0.000000,0.000000
-0.454273,1.602482,2.325788,0.359560,-1.350836,-0.260224,0.000000,0.000000,0.000000,0.000000,1.000000
-1.481067,1.311778,1.897824,-1.963991,-1.839330,-0.624098,0.000000,0.000000,1.000000,0.000000,0.000000
-2.106857,0.595061,-1.095678,0.712035,2.542767,2.876663,1.000000,0.000000,0.000000,0.000000,0.000000
-0.186905,1.077526,0.663572,0.250895,-1.069046,-0.586002,0.000000,0.000000,0.000000,0.000000,1.000000
3.088861,-0.246920,0.779413,0.619230,-3.048198,-3.633069,1.000000,0.000000,0.000000,0.000000,0.000000
-3.090216,2.840059,0.781159,-1.660125,-1.692946,-0.000262,0.000000,0.000000,1.000000,0.000000,0.000000
0.679201,-0.996646,-0.812152,1.957089,2.436203,1.753658,0.000000,0.000000,0.000000,1.000000,0.000000
3.452297,-2.546258,-1.524133,2.336243,1.434096,-0.469008,0.000000,1.000000,0.000000,0.000000,0.000000
-0.083313,1.020182,-1.215887,0.853733,-0.571689,-0.613534,0.000000,0.000000,1.000000,0.000000,0.000000
-0.132938,0.124924,-0.919398,-0.154733,-0.173346,-0.333515,0.000000,0.000000,0.000000,1.000000,0.000000
1.142802,-2.706017,0.334875,-2.193438,0.336858,-0.478370,1.000000,0.000000,0.000000,0.000000,0.000000
-0.269093,0.441650,-0.176493,-0.423736,-0.702856,-0.555447,0.000000,0.000000,1.000000,0.000000,0.000000
2.059986,0.752767,2.699868,2.905992,-0.926321,-0.616023,0.000000,0.000000,0.000000,1.000000,0.000000
0.967296,-0.708990,0.054354,0.278137,0.040866,-0.359167,0.000000,1.000000,0.000000,0.000000,0.000000
2.134840,-1.636847,1.063047,2.262360,1.799303,1.076396,0.000000,0.000000,0.000000,1.000000,0.000000
0.742111,0.080912,1.588908,1.178944,0.080416,0.290428,0.000000,0.000000,0.000000,0.000000,1.000000
1.682687,-1.953638,-1.540660,1.068132,1.652415,0.340831,0.000000,0.000000,0.000000,1.000000,0.000000
0.997936,-0.847115,-1.846668,0.826325,0.697405,-0.236047,0.000000,1.000000,0.000000,0.000000,0.000000
2.233236,-2.680562,0.789394,-2.001997,-0.925922,-1.872432,1.000000,0.000000,0.000000,0.000000,0.000000
2.465578,-1.201331,1.214222,2.021349,0.506974,-0.129378,0.000000,0.000000,0.000000,0.000000,1.000000
2.494428,-0.344075,0.213001,2.718495,-0.121125,-0.809038,0.000000,0.000000,0.000000,0.000000,1.000000
-3.509064,1.202136,-0.955317,-2.940006,-0.031884,0.933470,0.000000,1.000000,0.000000,0.000000,0.000000
-0.475807,1.179027,0.805077,0.227358,-0.861055,-0.250522,0.000000,1.000000,0.000000,0.000000,0.000000
-1.481892,1.378443,-0.919680,0.762507,0.643796,1.086694,1.000000,0.000000,0.000000,0.000000,0.000000
1.210715,0.117588,-2.006224,1.903745,0.054795,-0.746865,0.000000,0.000000,1.000000,0.000000,0.000000
-1.874792,1.675065,0.003890,-1.624255,-1.559984,-0.641787,0.000000,1.000000,0.000000,0.000000,0.000000
-4.000090,3.352392,0.454059,-1.885476,-1.476624,0.481789,0.000000,0.000000,1.000000,0.000000,0.000000
-0.376271,0.887958,-0.150929,-0.198559,-0.994371,-0.706122,0.000000,1.000000,0.000000,0.000000,0.000000
-0.394209,2.101307,-0.938967,-0.233881,-2.780949,-2.362299,0.000000,0.000000,1.000000,0.000000,0.000000
-0.043017,1.293618,-0.762811,1.155692,-0.722609,-0.598842,1.000000,0.000000,0.000000,0.000000,0.000000
-2.817835,1.211338,-2.457470,-2.957805,-0.986893,-0.546215,0.000000,1.000000,0.000000,0.000000,0.000000
-1.593804,1.468661,-0.216206,-1.034603,-1.061206,-0.334846,0.000000,0.000000,0.000000,0.000000,1.000000
3.232448,-2.391878,-1.571531,2.178213,1.342677,-0.476827,0.000000,1.000000,0.000000,0.000000,0.000000
-0.132315,-1.372111,-1.210035,-0.556529,1.608265,0.993485,0.000000,0.000000,0.000000,1.000000,0.000000
3.482676,-1.793898,-0.451244,1.740557,-0.253879,-1.678783,0.000000,1.000000,0.000000,0.000000,0.000000
-2.591641,0.798263,2.424141,-3.800908,-1.410099,0.110204,0.000000,0.000000,1.000000,0.000000,0.000000
-1.524355,1.290448,0.719237,0.879266,0.967276,1.799240,0.000000,0.000000,0.000000,0.000000,1.000000
-0.329526,-0.360265,-0.653114,-0.121557,0.823559,0.644164,0.000000,1.000000,0.000000,0.000000,0.000000
-0.663910,2.170838,-0.986884,1.138401,-1.209872,-0.770062,0.000000,0.000000,1.000000,0.000000,0.000000
-3.432518,1.336852,1.586522,-3.490381,-0.814037,0.818905,0.000000,0.000000,1.000000,0.000000,0.000000
0.051899,-1.334203,-0.857149,-1.588900,0.324995,-0.199040,1.000000,0.000000,0.000000,0.000000,0.000000
-0.745818,-0.558900,-0.772388,-1.166378,0.644730,0.511394,0.000000,0.000000,0.000000,1.000000,0.000000
0.179216,0.178762,0.882157,0.045777,-0.433563,-0.209092,0.000000,0.000000,0.000000,0.000000,1.000000
1.223066,-3.844229,-0.174976,-1.041664,2.986799,1.687735,0.000000,0.000000,0.000000,1.000000,0.000000
1.379439,-0.425175,1.094422,1.448498,0.238022,0.039689,0.000000,0.000000,0.000000,0.000000,1.000000
-3.817610,2.791593,0.969447,0.174702,1.094396,2.922817,0.000000,0.000000,0.000000,0.000000,1.000000
1.874750,-0.159151,0.158352,0.366615,-1.850833,-2.286056,0.000000,1.000000,0.000000,0.000000,0.000000
-1.424619,-1.193976,-3.221252,-1.910608,1.691104,0.959162,1.000000,0.000000,0.000000,0.000000,0.000000
-1.502650,-0.448350,-3.464241,-1.881638,0.733294,0.154689,1.000000,0.000000,0.000000,0.000000,0.000000
0.913206,1.015736,0.683597,1.300177,-1.398575,-1.208488,0.000000,0.000000,0.000000,0.000000,1.000000
-0.345876,1.407337,-1.530085,2.870262,1.144925,1.119033,0.000000,0.000000,1.000000,0.000000,0.000000
2.082146,-1.615017,-2.090245,1.599705,1.143885,-0.321836,0.000000,1.000000,0.000000,0.000000,0.000000
1.233526,0.084964,0.424624,0.338127,-1.394476,-1.554411,0.000000,0.000000,1.000000,0.000000,0.000000
-1.298610,-1.018778,-0.146788,-2.117937,1.125432,1.181422,0.000000,0.000000,0.000000,1.000000,0.000000
4.494828,-2.642584,-2.498321,2.966775,0.809194,-1.615838,0.000000,1.000000,0.000000,0.000000,0.000000
-1.884903,1.582231,-1.899985,-2.240715,-2.038407,-1.594373,1.000000,0.000000,0.000000,0.000000,0.000000
-0.308881,1.250947,0.853976,0.908293,-0.525690,0.055857,0.000000,0.000000,0.000000,0.000000,1.000000
0.264382,3.187518,3.066208,0.955923,-4.000490,-2.488102,0.000000,0.000000,0.000000,0.000000,1.000000
1.386089,-0.645193,1.578541,1.647471,0.748922,0.604433,0.000000,0.000000,0.000000,1.000000,0.000000
0.970113,-1.192358,-0.998505,1.529171,1.926709,1.095251,0.000000,0.000000,0.000000,1.000000,0.000000
4.672445,-2.350688,-0.692670,2.450080,-0.312805,-2.235163,0.000000,1.000000,0.000000,0.000000,0.000000
-3.496064,2.504670,2.295294,-2.824247,-1.773804,0.335765,0.000000,0.000000,1.000000,0.000000,0.000000
2.916705,-1.277272,-1.061211,1.481973,-0.527849,-1.832059,0.000000,1.000000,0.000000,0.000000,0.000000
1.250972,-0.233840,-0.310294,2.724846,1.332944,0.822817,0.000000,0.000000,0.000000,1.000000,0.000000
0.490372,-0.999888,1.083709,1.701057,2.472114,2.310046,0.000000,0.000000,0.000000,1.000000,0.000000
-0.846989,0.920326,-0.826535,-0.793839,-1.014327,-0.759807,0.000000,0.000000,0.000000,1.000000,0.000000
-2.779681,1.996094,0.229671,-1.063048,-0.305007,0.938188,0.000000,0.000000,1.000000,0.000000,0.000000
0.857129,0.104733,3.032000,-1.047762,-2.224539,-1.601610,0.000000,0.000000,1.000000,0.000000,0.000000
2.256094,-2.978971,-0.631120,1.500028,2.827724,1.327856,0.000000,0.000000,0.000000,1.000000,0.000000
-2.401585,3.658771,1.306091,-0.419885,-2.573752,-0.730103,0.000000,0.000000,1.000000,0.000000,0.000000
-0.559649,0.359240,-0.817082,-1.043580,-0.813447,-0.760982,0.000000,1.000000,0.000000,0.000000,0.000000
-4.177535,3.458492,2.588058,-2.809107,-2.253500,0.333112,0.000000,0.000000,1.000000,0.000000,0.000000
0.432133,-0.165279,-0.367698,0.000185,-0.327965,-0.559771,0.000000,1.000000,0.000000,0.000000,0.000000
-1.049957,0.445537,0.340936,-0.796585,-0.043473,0.420832,0.000000,1.000000,0.000000,0.000000,0.000000
-0.310662,2.710153,-1.803546,2.315148,-1.332763,-1.071479,1.000000,0.000000,0.000000,0.000000,0.000000
-2.077353,1.812491,-0.184915,-1.721062,-1.592682,-0.636375,0.000000,1.000000,0.000000,0.000000,0.000000
-1.115340,-0.986350,-1.618224,-2.404865,0.538460,0.206372,1.000000,0.000000,0.000000,0.000000,0.000000
1.719672,-2.876102,1.602850,0.996947,2.929254,2.147972,0.000000,0.000000,0.000000,1.000000,0.000000
-2.895188,2.900384,0.947686,-0.046696,-0.476833,1.175579,0.000000,0.000000,0.000000,0.000000,1.000000
-2.993587,2.563750,1.284830,-0.001674,0.189227,1.856864,0.000000,0.000000,0.000000,0.000000,1.000000
-0.205416,-0.090178,1.859698,0.011071,0.440493,0.923820,0.000000,0.000000,0.000000,1.000000,0.000000
3.272480,-0.402221,1.348917,2.615374,-1.128433,-1.720789,0.000000,0.000000,0.000000,1.000000,0.000000
-0.369401,0.606975,-0.818595,-0.392809,-0.793709,-0.740484,0.000000,0.000000,0.000000,1.000000,0.000000
-0.179926,0.256959,-1.711413,-0.051621,-0.218188,-0.532902,0.000000,1.000000,0.000000,0.000000,0.000000
-1.123545,-1.480030,-0.272495,-2.061508,1.619987,1.481724,0.000000,0.000000,0.000000,1.000000,0.000000
-0.670733,0.327452,-0.244515,-0.273187,0.129206,0.314549,1.000000,0.000000,0.000000,0.000000,0.000000
-1.200850,-0.290182,-0.836104,-1.403540,0.616544,0.648340,0.000000,0.000000,0.000000,1.000000,0.000000
-2.422997,1.891554,-0.498876,0.864025,1.227288,2.117812,0.000000,0.000000,0.000000,0.000000,1.000000
-0.020846,-0.567569,0.645118,-0.273004,0.599490,0.623319,0.000000,0.000000,0.000000,1.000000,0.000000
-0.118387,1.483643,-2.314680,1.688637,-0.413595,-0.625585,0.000000,0.000000,1.000000,0.000000,0.000000
1.846021,-1.129509,-1.544156,1.185981,0.356421,-0.778707,0.000000,1.000000,0.000000,0.000000,0.000000
1.868096,-1.212971,-0.722656,-0.347998,-1.015008,-1.922111,1.000000,0.000000,0.000000,0.000000,0.000000
-5.816809,3.549975,-0.572951,0.034683,2.431376,4.530309,0.000000,0.000000,0.000000,0.000000,1.000000
0.858099,0.837209,2.691557,0.624932,-1.683942,-1.007884,0.000000,0.000000,0.000000,0.000000,1.000000
-0.116941,0.533995,-0.411365,1.613540,0.924027,0.935490,0.000000,0.000000,0.000000,0.000000,1.000000
4.049647,-1.526969,-1.142705,1.998699,-1.141971,-2.803595,0.000000,1.000000,0.000000,0.000000,0.000000
-0.152154,-0.414449,-0.772237,-0.089235,0.700719,0.436603,0.000000,0.000000,0.000000,0.000000,1.000000
3.629105,-1.971646,-1.210339,2.060149,0.108866,-1.594884,0.000000,1.000000,0.000000,0.000000,0.000000
-1.509235,0.179393,-0.331285,-1.795291,-0.033343,0.330055,0.000000,0.000000,0.000000,1.000000,0.000000
-0.412807,0.623422,-0.159593,-0.298541,-0.659088,-0.431397,1.000000,0.000000,0.000000,0.000000,0.000000
-0.427902,-0.698033,-1.198684,-2.244849,-0.612952,-0.924134,1.000000,0.000000,0.000000,0.000000,0.000000
-1.799425,2.449481,0.792042,0.404721,-0.814535,0.419383,0.000000,0.000000,0.000000,0.000000,1.000000
0.798678,1.403272,1.171624,1.342055,-1.763883,-1.325967,0.000000,0.000000,0.000000,0.000000,1.000000
-2.453603,1.111948,-3.358523,-1.971859,-0.381599,-0.305331,1.000000,0.000000,0.000000,0.000000,0.000000
0.794674,-1.005634,0.655705,-1.315995,-0.829433,-1.066780,0.000000,0.000000,1.000000,0.000000,0.000000
-0.926039,0.347552,-1.344465,-0.452398,0.240587,0.221490,0.000000,1.000000,0.000000,0.000000,0.000000
0.674920,-0.436435,-0.240253,0.766387,0.490573,0.138729,0.000000,0.000000,0.000000,0.000000,1.000000
-0.045148,-3.242362,-1.434325,-0.789910,3.982840,2.806234,0.000000,0.000000,0.000000,1.000000,0.000000
0.523057,-0.151663,2.030819,0.441349,-0.000023,0.331876,0.000000,0.000000,0.000000,1.000000,0.000000
0.902984,-1.491618,-0.397977,-1.406453,-0.369493,-1.018050,1.000000,0.000000,0.000000,0.000000,0.000000
1.567746,-1.074429,0.241184,1.275621,0.755098,0.136954,0.000000,0.000000,0.000000,1.000000,0.000000
-1.667442,0.860211,-0.144202,-0.255477,0.670252,1.244143,1.000000,0.000000,0.000000,0.000000,0.000000
0.473416,0.656182,1.087664,0.404013,-1.160953,-0.837170,0.000000,0.000000,0.000000,1.000000,0.000000
-1.460885,-1.563193,0.047954,-2.831797,1.442766,1.463352,0.000000,0.000000,0.000000,1.000000,0.000000
-1.344598,1.849794,1.172527,-0.870429,-1.757024,-0.646623,0.000000,0.000000,0.000000,0.000000,1.000000
-1.508078,2.437574,-2.181020,2.689486,0.974524,1.325982,1.000000,0.000000,0.000000,0.000000,0.000000
-1.157478,0.940506,-1.104417,1.301771,1.374469,1.565044,1.000000,0.000000,0.000000,0.000000,0.000000
-0.331920,-0.064724,0.971560,-0.601128,-0.036966,0.281475,0.000000,0.000000,0.000000,0.000000,1.000000
1.967742,1.617514,1.065590,2.699176,-2.289577,-2.128655,0.000000,0.000000,0.000000,0.000000,1.000000
1.026316,-0.468868,-0.799235,-0.540953,-1.188406,-1.722685,1.000000,0.000000,0.000000,0.000000,0.000000
-0.876956,1.727772,-3.089006,2.565682,1.050057,0.851220,0.000000,0.000000,1.000000,0.000000,0.000000
-0.326802,0.791554,0.947750,-0.850628,-1.528191,-0.982118,0.000000,0.000000,1.000000,0.000000,0.000000
0.550833,-1.009200,-1.215952,1.522647,2.195905,1.453103,0.000000,0.000000,0.000000,1.000000,0.000000
-1.427701,0.620386,0.162684,-1.938263,-0.909257,-0.320204,0.000000,0.000000,1.000000,0.000000,0.000000
-0.807430,-1.232754,1.530784,-3.289560,-0.302724,0.041991,0.000000,0.000000,0.000000,1.000000,0.000000
4.157033,-1.552522,0.929010,0.540548,-2.614074,-3.743768,1.000000,0.000000,0.000000,0.000000,0.000000
-1.268964,1.449278,-1.845657,-1.272301,-1.712279,-1.460281,0.000000,1.000000,0.000000,0.000000,0.000000
-1.813645,1.293381,-0.345900,-0.740269,-0.239349,0.447946,1.000000,0.000000,0.000000,0.000000,0.000000
-2.352493,2.074082,-0.161887,-2.215833,-2.091171,-0.981818,0.000000,0.000000,0.000000,1.000000,0.000000
1.868588,0.369162,1.396846,1.858252,-1.151927,-1.188533,0.000000,0.000000,0.000000,0.000000,1.000000
0.393131,1.007604,-3.702465,3.197690,1.042969,0.195748,0.000000,0.000000,1.000000,0.000000,0.000000
0.261535,3.064203,3.538212,0.837625,-3.923597,-2.322093,0.000000,0.000000,0.000000,0.000000,1.000000
0.569454,-1.502841,-0.056199,0.955057,2.361637,1.790898,0.000000,0.000000,0.000000,1.000000,0.000000
-1.476499,-1.854834,-1.097811,-1.876502,2.787561,2.418349,0.000000,0.000000,0.000000,1.000000,0.000000
-1.449697,-0.580169,-2.044758,-2.492730,0.291335,0.038654,1.000000,0.000000,0.000000,0.000000,0.000000
-0.844647,1.100271,-1.380224,1.666446,1.082252,1.164333,1.000000,0.000000,0.000000,0.000000,0.000000
5.091859,-3.815465,2.563687,0.066732,-0.971353,-2.487350,1.000000,0.000000,0.000000,0.000000,0.000000
1.173925,1.160529,0.596618,1.185342,-2.060058,-1.907885,0.000000,1.000000,0.000000,0.000000,0.000000
0.774713,2.207770,-0.011221,1.003379,-3.247762,-2.874028,0.000000,1.000000,0.000000,0.000000,0.000000
1.787001,0.153915,2.012852,0.243091,-2.278851,-2.147320,0.000000,0.000000,1.000000,0.000000,0.000000
3.297958,-1.702853,0.221006,0.872049,-0.971246,-2.134879,1.000000,0.000000,0.000000,0.000000,0.000000
2.420136,-1.018360,-1.568958,1.343499,-0.400266,-1.646107,0.000000,1.000000,0.000000,0.000000,0.000000
2.794907,-0.561745,0.561701,0.745253,-2.090935,-2.751376,0.000000,1.000000,0.000000,0.000000,0.000000
-0.098158,-1.604023,1.004886,-0.709569,1.791028,1.662034,0.000000,0.000000,0.000000,1.000000,0.000000
-0.282375,2.191407,1.113681,0.364488,-2.445731,-1.538918,0.000000,0.000000,0.000000,0.000000,1.000000
1.662811,-0.334131,1.562788,1.462813,-0.240942,-0.362973,0.000000,0.000000,0.000000,0.000000,1.000000
-0.868780,0.823896,0.392163,-0.780464,-0.812252,-0.276360,0.000000,0.000000,0.000000,0.000000,1.000000
1.031653,-0.405469,1.023643,0.665861,-0.093605,-0.200226,0.000000,0.000000,0.000000,0.000000,1.000000
2.046800,-2.857387,-1.374402,-0.604436,0.882994,-0.652057,1.000000,0.000000,0.000000,0.000000,0.000000
-0.306847,0.654582,0.555480,-0.108474,-0.646819,-0.263533,0.000000,0.000000,0.000000,0.000000,1.000000
-3.939473,1.304790,0.581035,-3.819077,-0.442059,1.057488,0.000000,0.000000,1.000000,0.000000,0.000000
2.916515,-0.542052,4.963722,2.506765,-0.505422,-0.154301,0.000000,0.000000,0.000000,1.000000,0.000000
-0.085126,0.665260,1.188775,1.246483,0.365619,0.813980,0.000000,0.000000,0.000000,0.000000,1.000000
1.282842,-0.617561,-0.011603,-0.267543,-1.029154,-1.473907,0.000000,0.000000,1.000000,0.000000,0.000000
3.823934,-2.305826,-1.343521,2.293933,0.563895,-1.312717,0.000000,1.000000,0.000000,0.000000,0.000000
2.617730,-1.333850,0.590089,2.171168,0.635308,-0.230061,0.000000,0.000000,0.000000,0.000000,1.000000
1.837551,-0.342734,1.481421,1.463470,-0.456432,-0.640118,0.000000,0.000000,0.000000,0.000000,1.000000
0.133999,0.337599,0.116122,-0.436234,-1.082951,-0.980369,0.000000,1.000000,0.000000,0.000000,0.000000
-0.520906,-1.684982,-3.138947,-1.574616,1.554243,0.499152,1.000000,0.000000,0.000000,0.000000,0.000000
-0.876220,-1.121397,1.312262,0.367086,3.144371,3.357718,0.000000,0.000000,0.000000,1.000000,0.000000
-1.472990,2.098632,-1.831728,1.571847,0.350352,0.728311,1.000000,0.000000,0.000000,0.000000,0.000000
-1.926170,1.780938,0.209176,-1.705830,-1.722052,-0.710686,0.000000,0.000000,1.000000,0.000000,0.000000
3.250914,-1.253124,0.796146,0.155103,-2.244276,-3.111832,1.000000,0.000000,0.000000,0.000000,0.000000
1.552495,-1.082242,2.467259,0.514804,0.091206,0.052210,0.000000,0.000000,0.000000,1.000000,0.000000
-1.292986,0.074924,-2.111507,-2.286916,-0.666840,-0.804899,0.000000,1.000000,0.000000,0.000000,0.000000
-1.258746,1.927025,-2.434218,-1.414944,-2.566985,-2.332275,0.000000,1.000000,0.000000,0.000000,0.000000
-0.940388,0.352801,-0.868222,-1.201753,-0.462248,-0.333558,0.000000,1.000000,0.000000,0.000000,0.000000
-2.673122,1.931873,0.151183,0.945155,1.583239,2.699094,0.000000,0.000000,0.000000,0.000000,1.000000
1.229203,0.539447,0.849566,1.396536,-1.022000,-0.990681,0.000000,0.000000,0.000000,0.000000,1.000000
-0.349402,0.852664,-0.294850,1.309692,0.472676,0.659537,0.000000,0.000000,0.000000,0.000000,1.000000
1.639441,2.851551,2.064056,2.598933,-3.734694,-2.922839,0.000000,0.000000,0.000000,0.000000,1.000000
0.417217,-1.512440,-1.147600,0.263354,1.888493,1.101582,0.000000,0.000000,0.000000,0.000000,1.000000
-0.059150,-1.954689,-2.324960,-1.009301,1.904086,0.857329,1.000000,0.000000,0.000000,0.000000,0.000000
-1.920510,1.975688,-2.208000,-1.526019,-1.880270,-1.424522,0.000000,1.000000,0.000000,0.000000,0.000000
-5.110391,3.347085,1.286293,-3.342206,-1.414419,1.046583,0.000000,0.000000,1.000000,0.000000,0.000000
-0.396663,-0.141644,0.027759,-0.674628,0.072047,0.152908,1.000000,0.000000,0.000000,0.000000,0.000000
-2.731418,3.293376,-3.948994,-2.273058,-3.489203,-2.910466,0.000000,1.000000,0.000000,0.000000,0.000000
4.746331,-2.362287,-0.718270,2.483739,-0.360045,-2.309507,0.000000,1.000000,0.000000,0.000000,0.000000
0.838575,1.293097,2.508511,0.298459,-2.638420,-1.872000,0.000000,0.000000,1.000000,0.000000,0.000000
-1.514055,-0.665717,-1.566324,-3.058050,-0.037228,-0.160513,1.000000,0.000000,0.000000,0.000000,0.000000
-1.288507,-1.820762,0.008010,-2.554412,1.859308,1.753998,0.000000,0.000000,0.000000,1.000000,0.000000
3.031953,-1.209010,2.763121,1.696672,-0.504796,-0.874929,0.000000,0.000000,0.000000,0.000000,1.000000
-0.515750,0.175369,-1.208268,-1.438835,-0.990945,-1.080816,0.000000,1.000000,0.000000,0.000000,0.000000
0.580101,-0.651885,0.201285,1.604808,1.742160,1.436210,0.000000,0.000000,0.000000,1.000000,0.000000
0.323560,-2.108004,-1.722907,-1.568944,1.100164,0.095169,1.000000,0.000000,0.000000,0.000000,0.000000
-2.320544,-0.397114,-3.827570,-3.044298,0.596065,0.162959,1.000000,0.000000,0.000000,0.000000,0.000000
0.486205,0.947775,-0.767548,1.743468,-0.342228,-0.449295,0.000000,0.000000,1.000000,0.000000,0.000000
-1.230516,-0.340134,-0.288374,-0.487412,1.619694,1.750291,1.000000,0.000000,0.000000,0.000000,0.000000
-2.133340,0.933567,-1.682942,1.575973,2.907886,3.162649,1.000000,0.000000,0.000000,0.000000,0.000000
-0.804276,2.185855,-1.831408,2.462060,0.211768,0.433275,1.000000,0.000000,0.000000,0.000000,0.000000
-0.613337,0.017736,2.044759,-2.669764,-1.765580,-1.026926,0.000000,0.000000,1.000000,0.000000,0.000000
-0.779011,0.411342,0.115809,-0.757392,-0.312221,0.025140,0.000000,1.000000,0.000000,0.000000,0.000000
0.377454,-0.130691,0.463858,1.881521,1.519715,1.452897,0.000000,0.000000,0.000000,1.000000,0.000000
3.658104,-0.907044,-1.803717,2.422378,-1.136337,-2.724485,0.000000,0.000000,1.000000,0.000000,0.000000
-0.614586,1.802735,-0.157728,0.104750,-1.721095,-1.149408,0.000000,1.000000,0.000000,0.000000,0.000000
2.552280,-1.113654,0.402119,2.249445,0.472790,-0.368955,0.000000,0.000000,0.000000,0.000000,1.000000
-1.709192,1.556108,0.396647,-1.050306,-1.042854,-0.114906,0.000000,0.000000,0.000000,0.000000,1.000000
-2.417349,1.198217,-3.179698,-2.461718,-1.022974,-0.871306,1.000000,0.000000,0.000000,0.000000,0.000000
-0.228165,-0.912452,-2.453735,0.501243,2.063173,1.247471,0.000000,0.000000,0.000000,1.000000,0.000000
1.506978,-0.685780,-0.017901,-0.699962,-1.638265,-2.138427,1.000000,0.000000,0.000000,0.000000,0.000000
0.190579,1.064835,-0.590416,0.814685,-1.019677,-0.954591,1.000000,0.000000,0.000000,0.000000,0.000000
5.109975,-2.801676,-1.466038,2.975863,0.266702,-2.082406,0.000000,1.000000,0.000000,0.000000,0.000000
-3.177889,1.528667,1.528608,-3.283955,-1.225875,0.379442,0.000000,0.000000,1.000000,0.000000,0.000000
2.811831,-0.039771,0.651535,2.779145,-0.909977,-1.481787,0.000000,0.000000,0.000000,0.000000,1.000000
0.995677,0.002483,0.176991,1.710927,0.353080,0.117399,0.000000,0.000000,0.000000,0.000000,1.000000
3.214881,-2.896846,0.577869,-0.109380,-0.068397,-1.407750,1.000000,0.000000,0.000000,0.000000,0.000000
-0.201244,0.509117,0.525986,-0.163313,-0.626192,-0.310520,0.000000,0.000000,0.000000,0.000000,1.000000
0.157460,2.770942,2.247400,0.860144,-3.362600,-2.136367,0.000000,0.000000,0.000000,0.000000,1.000000
3.060537,-0.734439,-0.608073,1.202630,-1.764791,-2.835969,0.000000,1.000000,0.000000,0.000000,0.000000
1.661692,-1.603446,1.298669,0.755481,0.918235,0.418957,0.000000,0.000000,0.000000,1.000000,0.000000
-1.197591,-0.199928,-0.933158,-2.045246,-0.138719,-0.086470,0.000000,1.000000,0.000000,0.000000,0.000000
-0.497121,-2.070744,0.093655,-1.936176,1.790416,1.442264,0.000000,0.000000,0.000000,1.000000,0.000000
2.258672,-0.030746,0.777697,2.334621,-0.629895,-1.029194,0.000000,0.000000,0.000000,0.000000,1.000000
0.129763,-1.510909,-0.439464,-0.874083,1.176250,0.667851,0.000000,0.000000,0.000000,1.000000,0.000000
1.895175,-1.163849,-1.409620,1.177806,0.336799,-0.784767,0.000000,1.000000,0.000000,0.000000,0.000000
0.192642,0.724615,-1.176375,0.406536,-0.931413,-1.088522,0.000000,0.000000,1.000000,0.000000,0.000000
-0.195576,0.248204,-2.442241,-0.437073,-0.568958,-1.050978,1.000000,0.000000,0.000000,0.000000,0.000000
1.591676,-1.312152,-1.429113,1.216984,0.984302,-0.114585,0.000000,0.000000,0.000000,1.000000,0.000000
2.187509,1.680533,1.642529,2.845523,-2.516060,-2.249450,0.000000,0.000000,0.000000,0.000000,1.000000
0.769766,0.817348,1.850982,0.767123,-1.417560,-0.940290,0.000000,0.000000,0.000000,0.000000,1.000000
-2.123507,0.052156,-3.058326,-3.312466,-0.558001,-0.716664,0.000000,1.000000,0.000000,0.000000,0.000000
1.974208,-0.302785,0.064716,2.238942,0.030826,-0.550365,0.000000,0.000000,0.000000,0.000000,1.000000
2.738355,-1.048747,0.939169,2.372592,0.264345,-0.472786,0.000000,0.000000,0.000000,0.000000,1.000000
-1.947167,1.815483,1.441887,0.374543,0.280501,1.542201,0.000000,0.000000,0.000000,0.000000,1.000000
-1.488485,1.858952,-0.956319,0.502484,-0.296739,0.274245,1.000000,0.000000,0.000000,0.000000,0.000000
-0.004573,-0.316707,0.327821,-0.872676,-0.369242,-0.341475,1.000000,0.000000,0.000000,0.000000,0.000000
1.632940,0.435078,2.630839,2.187770,-0.602705,-0.273839,0.000000,0.000000,0.000000,1.000000,0.000000
-0.804980,1.842645,-2.097502,1.978184,0.240466,0.321511,0.000000,0.000000,1.000000,0.000000,0.000000
-2.189422,2.423686,1.506613,0.408635,-0.253956,1.237752,0.000000,0.000000,0.000000,0.000000,1.000000
-0.581631,1.266205,0.461990,-0.131740,-1.201906,-0.617764,0.000000,0.000000,0.000000,0.000000,1.000000
2.635209,-1.645294,-1.354207,1.621611,0.502317,-0.913454,0.000000,1.000000,0.000000,0.000000,0.000000
0.532449,-0.219693,0.773883,-1.072058,-1.393000,-1.342613,0.000000,0.000000,1.000000,0.000000,0.000000
-0.386355,1.017469,1.291576,1.215456,0.217603,0.853138,0.000000,0.000000,0.000000,1.000000,0.000000
-0.731841,3.447323,3.629688,-0.320653,-4.302724,-2.315936,0.000000,0.000000,0.000000,0.000000,1.000000
0.357022,0.861528,-0.103282,-0.520172,-2.218613,-2.079161,0.000000,1.000000,0.000000,0.000000,0.000000
-0.344803,0.341079,1.719270,1.982117,1.892009,2.419977,0.000000,0.000000,0.000000,1.000000,0.000000
-1.028620,-0.196988,-0.418274,0.033031,1.648447,1.722032,1.000000,0.000000,0.000000,0.000000,0.000000
0.712913,0.589824,-0.554868,0.187604,-1.612525,-1.760348,0.000000,0.000000,1.000000,0.000000,0.000000
-2.016521,1.917025,-1.008054,0.656977,0.453537,1.140238,1.000000,0.000000,0.000000,0.000000,0.000000
-1.321305,2.285623,-1.401763,-0.902669,-2.495334,-1.912686,0.000000,1.000000,0.000000,0.000000,0.000000
-0.507689,2.538068,1.155203,0.149488,-2.862710,-1.796274,0.000000,0.000000,0.000000,0.000000,1.000000
-0.468657,-1.325925,-0.923603,-1.135635,1.425484,0.988704,0.000000,0.000000,0.000000,1.000000,0.000000
2.856462,-1.413295,0.264378,0.897796,-0.792170,-1.770393,1.000000,0.000000,0.000000,0.000000,0.000000
0.026415,0.316053,-1.767572,-0.436113,-0.943761,-1.290212,1.000000,0.000000,0.000000,0.000000,0.000000
2.885852,-1.336388,1.284183,-0.004064,-1.793636,-2.474957,1.000000,0.000000,0.000000,0.000000,0.000000
-4.782811,2.577341,1.614998,-4.018966,-1.368763,0.919475,0.000000,0.000000,1.000000,0.000000,0.000000
3.474457,-1.301181,0.570571,3.251951,0.514748,-0.574916,0.000000,0.000000,0.000000,0.000000,1.000000
0.616390,2.296314,2.046120,1.147182,-2.996855,-2.058486,0.000000,0.000000,0.000000,0.000000,1.000000
-1.302417,1.416155,-3.603331,-2.539058,-2.871138,-3.014310,0.000000,1.000000,0.000000,0.000000,0.000000
-0.157752,-1.250345,-0.247681,-1.270141,0.793332,0.479066,0.000000,0.000000,0.000000,1.000000,0.000000
-2.647034,3.395463,0.651304,-0.373379,-1.838463,-0.173445,0.000000,0.000000,0.000000,0.000000,1.000000
-0.814852,0.327442,-1.499342,-0.484541,0.091599,0.004903,0.000000,0.000000,0.000000,1.000000,0.000000
-3.037143,2.006507,0.109166,1.010351,2.010304,3.214881,0.000000,0.000000,0.000000,0.000000,1.000000
0.653239,-2.289480,0.330606,0.954867,3.401718,2.700240,0.000000,0.000000,0.000000,1.000000,0.000000
-0.244144,0.523282,-2.363378,1.068168,0.546258,0.117193,0.000000,0.000000,0.000000,1.000000,0.000000
-0.109277,-2.004411,-0.584904,-1.210994,1.876839,1.266707,0.000000,0.000000,0.000000,1.000000,0.000000
2.959179,-0.122798,-3.300079,3.439190,-0.412433,-2.041854,0.000000,0.000000,1.000000,0.000000,0.000000
-3.382063,1.205634,-2.675067,-3.398694,-0.673384,-0.147033,0.000000,1.000000,0.000000,0.000000,0.000000
0.829727,3.301657,2.724233,1.597424,-4.289215,-2.979638,0.000000,0.000000,0.000000,0.000000,1.000000
-0.161259,2.130014,-0.945474,0.130565,-2.774551,-2.414299,0.000000,1.000000,0.000000,0.000000,0.000000
4.457429,-3.119954,-1.762799,2.953133,1.550625,-0.809242,0.000000,1.000000,0.000000,0.000000,0.000000
-0.193086,0.882780,-0.706064,0.096350,-0.950391,-0.852170,1.000000,0.000000,0.000000,0.000000,0.000000
0.386624,1.174831,-0.698287,-0.474434,-2.678271,-2.611809,0.000000,1.000000,0.000000,0.000000,0.000000
-0.505603,-0.556380,0.697105,-0.914300,0.596626,0.766365,0.000000,0.000000,0.000000,0.000000,1.000000
-2.774730,-0.778986,-1.923286,-3.593758,1.244453,1.303090,1.000000,0.000000,0.000000,0.000000,0.000000
-0.533329,-0.289733,-0.539888,-1.360808,-0.205931,-0.251556,0.000000,1.000000,0.000000,0.000000,0.000000
0.823131,-0.309813,-1.293616,0.419176,-0.238580,-0.839984,0.000000,1.000000,0.000000,0.000000,0.000000
4.531429,-3.474927,-1.665101,3.094160,2.107550,-0.343205,0.000000,1.000000,0.000000,0.000000,0.000000
-0.839250,1.906509,-0.153021,-0.042887,-1.721842,-1.066270,0.000000,1.000000,0.000000,0.000000,0.000000
-0.817646,-0.761120,-1.521527,-0.670000,1.497344,1.124185,0.000000,0.000000,0.000000,1.000000,0.000000
1.749604,-0.393128,0.802773,2.140210,0.371588,0.003304,0.000000,0.000000,0.000000,1.000000,0.000000
-0.530979,-0.158978,-0.297171,-1.070169,-0.114749,-0.075800,0.000000,0.000000,0.000000,1.000000,0.000000
-1.592388,0.665821,-1.431416,-0.957591,0.156585,0.366261,0.000000,0.000000,0.000000,1.000000,0.000000
0.639277,-0.475880,-1.271321,0.515444,0.334857,-0.266918,0.000000,0.000000,0.000000,1.000000,0.000000
-0.619705,-1.161011,-2.898657,-1.933410,0.580039,-0.242791,1.000000,0.000000,0.000000,0.000000,0.000000
1.616660,-1.651076,-1.114419,-0.514952,-0.219212,-1.277421,1.000000,0.000000,0.000000,0.000000,0.000000
0.294532,-0.316073,-1.907435,0.124052,0.163091,-0.463961,1.000000,0.000000,0.000000,0.000000,0.000000
-1.041095,0.145874,0.788964,-2.290191,-1.051151,-0.507039,0.000000,0.000000,1.000000,0.000000,0.000000
0.026028,1.449897,-1.990308,0.616393,-1.579934,-1.716946,0.000000,0.000000,1.000000,0.000000,0.000000
1.124712,-0.836982,-1.174630,-0.425252,-0.676586,-1.427250,1.000000,0.000000,0.000000,0.000000,0.000000
2.454161,-1.577191,-1.426653,1.551350,0.569900,-0.802920,0.000000,1.000000,0.000000,0.000000,0.000000
0.418571,1.067995,-1.270510,0.519055,-1.617179,-1.761267,0.000000,0.000000,1.000000,0.000000,0.000000
-3.169625,3.144954,2.362894,-2.255625,-2.579334,-0.375867,0.000000,0.000000,1.000000,0.000000,0.000000
-0.723005,-0.923290,-1.753169,-0.328456,1.934954,1.428833,0.000000,0.000000,0.000000,1.000000,0.000000
-0.861328,2.717748,2.152246,-0.151863,-2.937172,-1.486494,0.000000,0.000000,1.000000,0.000000,0.000000
1.960213,-1.064650,1.198791,1.882508,0.831584,0.345443,0.000000,0.000000,0.000000,0.000000,1.000000
1.472977,0.148503,0.013879,0.072033,-2.061532,-2.351393,0.000000,0.000000,1.000000,0.000000,0.000000
1.973812,0.002130,1.373171,1.438490,-1.160470,-1.309560,0.000000,0.000000,0.000000,0.000000,1.000000
-0.240894,2.681934,-0.946468,0.401050,-3.212087,-2.697352,0.000000,1.000000,0.000000,0.000000,0.000000
-0.688827,0.659516,-2.509211,3.645091,3.406977,2.991436,1.000000,0.000000,0.000000,0.000000,0.000000
0.399270,-1.424117,2.204579,0.272703,1.849711,1.921719,0.000000,0.000000,0.000000,1.000000,0.000000
2.406374,-1.579154,1.153625,1.736784,0.857557,0.129052,0.000000,0.000000,0.000000,1.000000,0.000000
-0.411771,0.686900,-0.856652,-0.900374,-1.344384,-1.253043,0.000000,1.000000,0.000000,0.000000,0.000000
-1.527796,-1.228814,-0.271541,-2.478941,1.378602,1.411524,0.000000,0.000000,0.000000,1.000000,0.000000
0.239070,-0.334506,0.482934,-0.785099,-0.573200,-0.569180,0.000000,0.000000,1.000000,0.000000,0.000000
-3.294224,-0.343115,-4.903767,-2.503837,2.286180,1.800500,1.000000,0.000000,0.000000,0.000000,0.000000
4.629793,-2.313859,-1.511692,2.629005,-0.152412,-2.264688,0.000000,0.000000,0.000000,1.000000,0.000000
0.207472,0.056589,-0.521487,0.461989,0.084230,-0.092137,1.000000,0.000000,0.000000,0.000000,0.000000
3.550780,-1.718311,2.904164,1.357975,-0.763625,-1.338386,0.000000,0.000000,0.000000,1.000000,0.000000
-0.060460,0.372367,1.407832,0.763365,0.297243,0.733125,0.000000,0.000000,0.000000,0.000000,1.000000
1.274697,-1.304437,0.178016,-1.588591,-1.290422,-1.823800,1.000000,0.000000,0.000000,0.000000,0.000000
0.723745,-1.597029,0.389992,1.142722,2.486229,1.960471,0.000000,0.000000,0.000000,1.000000,0.000000
-1.487742,1.783520,-0.577755,0.097202,-0.572164,0.086177,1.000000,0.000000,0.000000,0.000000,0.000000
-0.927490,-2.446510,-0.911524,-1.805939,3.004224,2.399415,0.000000,0.000000,0.000000,1.000000,0.000000
0.751210,-0.112692,-1.501438,0.832526,-0.036665,-0.635201,0.000000,0.000000,0.000000,1.000000,0.000000
-1.296440,0.802717,-0.577958,0.573171,1.062303,1.402551,1.000000,0.000000,0.000000,0.000000,0.000000
-0.556156,1.428980,-1.165069,1.583405,0.153295,0.313772,1.000000,0.000000,0.000000,0.000000,0.000000
2.641783,-1.062778,1.843310,-0.205039,-2.057778,-2.466606,1.000000,0.000000,0.000000,0.000000,0.000000
-0.122900,-0.355316,-0.433126,0.557707,1.205884,1.013412,1.000000,0.000000,0.000000,0.000000,0.000000
0.165072,0.728298,-2.421001,-0.416135,-1.714765,-2.146133,1.000000,0.000000,0.000000,0.000000,0.000000
-0.675626,0.791776,-1.614209,-0.917262,-1.182792,-1.192013,1.000000,0.000000,0.000000,0.000000,0.000000
-1.963405,1.408272,-1.355220,1.740271,2.161263,2.579272,1.000000,0.000000,0.000000,0.000000,0.000000
-3.928025,2.739595,-1.806731,-2.750209,-1.551937,-0.303851,0.000000,1.000000,0.000000,0.000000,0.000000
-0.058545,-0.648274,0.424440,-0.015686,1.009899,0.957495,0.000000,0.000000,0.000000,1.000000,0.000000
0.594557,-0.088104,-0.550948,0.080302,-0.577215,-0.873172,0.000000,1.000000,0.000000,0.000000,0.000000
1.773875,-0.390640,1.497134,-1.243530,-2.911925,-2.999789,0.000000,0.000000,1.000000,0.000000,0.000000
-0.785965,1.680224,0.397154,-1.355612,-2.717854,-1.953720,0.000000,1.000000,0.000000,0.000000,0.000000
0.676643,-2.072190,-1.616607,-0.996981,1.141882,0.074510,1.000000,0.000000,0.000000,0.000000,0.000000
-1.096107,-0.370565,-0.037730,-0.638504,1.347809,1.507474,1.000000,0.000000,0.000000,0.000000,0.000000
1.711254,0.638347,-2.393546,1.118235,-2.115961,-2.962056,0.000000,0.000000,1.000000,0.000000,0.000000
0.934822,-1.001801,0.187743,2.182855,2.345854,1.845246,0.000000,0.000000,0.000000,0.000000,1.000000
-2.770464,1.725598,0.379970,-3.115533,-1.899057,-0.623661,0.000000,0.000000,0.000000,1.000000,0.000000
3.285456,-0.902774,-0.135917,0.396699,-2.581213,-3.603249,1.000000,0.000000,0.000000,0.000000,0.000000
-1.776056,1.273992,-0.918550,0.493676,0.919054,1.409524,1.000000,0.000000,0.000000,0.000000,0.000000
-1.512860,-1.534695,-2.793539,-2.398709,1.837777,1.157966,1.000000,0.000000,0.000000,0.000000,0.000000
2.913400,-1.585309,-1.072354,1.619827,0.056514,-1.335751,0.000000,1.000000,0.000000,0.000000,0.000000
1.529531,-0.775734,0.333498,1.928771,1.001801,0.472302,0.000000,0.000000,0.000000,0.000000,1.000000
-1.352206,0.739292,-1.043378,-1.626537,-0.900370,-0.606495,0.000000,1.000000,0.000000,0.000000,0.000000
-1.158955,0.562740,-0.681354,-1.122957,-0.403860,-0.126938,0.000000,1.000000,0.000000,0.000000,0.000000
-0.632845,0.092939,-0.607700,-0.434827,0.258646,0.288767,0.000000,1.000000,0.000000,0.000000,0.000000
-1.528163,1.887406,0.709344,0.653586,-0.112483,0.883219,0.000000,0.000000,0.000000,0.000000,1.000000
0.871740,-2.881815,-0.325814,-0.709461,2.363221,1.348812,0.000000,0.000000,0.000000,1.000000,0.000000
0.682285,0.960977,3.295917,-0.297848,-2.513868,-1.584921,0.000000,0.000000,1.000000,0.000000,0.000000
-0.458442,1.760989,0.520187,0.497632,-1.473411,-0.792638,0.000000,1.000000,0.000000,0.000000,0.000000
-0.245813,-1.329735,-1.353610,-0.525828,1.721438,1.106648,0.000000,0.000000,0.000000,1.000000,0.000000
2.055405,1.811689,1.840602,2.804229,-2.571188,-2.189765,0.000000,1.000000,0.000000,0.000000,0.000000
2.573599,-0.154441,0.749170,1.182248,-1.970535,-2.441754,0.000000,0.000000,1.000000,0.000000,0.000000
3.624789,-1.991997,-1.178539,2.074088,0.158011,-1.542725,0.000000,1.000000,0.000000,0.000000,0.000000
1.064402,-1.067764,1.254504,1.312357,1.452642,1.199316,0.000000,0.000000,0.000000,1.000000,0.000000
1.476410,-2.627590,0.217090,-1.462353,0.491494,-0.431399,1.000000,0.000000,0.000000,0.000000,0.000000
-0.257861,1.154179,-3.991498,0.730503,-0.705406,-1.357374,1.000000,0.000000,0.000000,0.000000,0.000000
2.283387,-0.635870,1.911984,1.477298,-0.589743,-0.844469,0.000000,0.000000,0.000000,0.000000,1.000000
3.565301,-2.158713,-1.833917,2.266651,0.651887,-1.248648,0.000000,1.000000,0.000000,0.000000,0.000000
1.826923,-0.738918,-0.093325,-0.214046,-1.510253,-2.131104,1.000000,0.000000,0.000000,0.000000,0.000000
-1.293303,0.771044,1.793557,-1.800832,-1.142639,-0.143759,0.000000,0.000000,1.000000,0.000000,0.000000
-0.036870,0.659733,-0.691393,0.869684,-0.084205,-0.102123,1.000000,0.000000,0.000000,0.000000,0.000000
-1.822616,0.583351,-2.594266,-2.633317,-1.058599,-1.051780,0.000000,1.000000,0.000000,0.000000,0.000000
1.846376,-1.944778,-1.043277,-0.366862,0.052573,-1.122054,1.000000,0.000000,0.000000,0.000000,0.000000
1.711910,-0.710211,0.768620,1.846828,0.597929,0.155584,0.000000,0.000000,0.000000,0.000000,1.000000
4.127621,-2.322232,-2.027953,2.579618,0.456391,-1.672005,0.000000,1.000000,0.000000,0.000000,0.000000
-0.127873,1.030320,1.446540,-0.546851,-1.832506,-1.154260,0.000000,0.000000,1.000000,0.000000,0.000000
2.014279,-2.139929,-0.846101,1.072849,1.508195,0.245240,0.000000,0.000000,0.000000,1.000000,0.000000
1.542752,-1.847087,-2.410746,1.433662,2.016961,0.536799,0.000000,0.000000,0.000000,1.000000,0.000000
0.115206,1.379120,-2.672802,1.743259,-0.519017,-0.901688,0.000000,0.000000,1.000000,0.000000,0.000000
-1.256503,1.714326,-0.691402,-0.448330,-1.299911,-0.721693,0.000000,1.000000,0.000000,0.000000,0.000000
-0.510492,-0.055465,0.811263,-0.339934,0.430724,0.743146,0.000000,1.000000,0.000000,0.000000,0.000000
-2.876361,2.566951,-1.473716,0.963432,0.914958,1.840420,1.000000,0.000000,0.000000,0.000000,0.000000
0.022882,1.210479,-0.402428,0.706580,-1.114107,-0.922675,0.000000,0.000000,0.000000,0.000000,1.000000
0.418336,-0.023534,0.245253,1.587391,1.023784,0.931695,0.000000,0.000000,0.000000,0.000000,1.000000
-0.931821,1.608803,0.654698,0.643020,-0.494399,0.280777,0.000000,0.000000,1.000000,0.000000,0.000000
1.292214,0.066798,2.624294,2.037977,0.230882,0.542136,0.000000,0.000000,0.000000,1.000000,0.000000
0.501585,1.249416,-2.494984,1.627163,-0.941890,-1.397454,0.000000,0.000000,1.000000,0.000000,0.000000
-2.751980,1.526063,0.795283,0.779156,2.126288,3.317914,0.000000,0.000000,0.000000,0.000000,1.000000
2.708431,-1.850031,-1.334753,1.725340,0.804759,-0.680180,0.000000,1.000000,0.000000,0.000000,0.000000
0.262297,-1.371252,-1.508118,-0.020015,1.605702,0.810829,0.000000,0.000000,0.000000,1.000000,0.000000
1.752860,-0.488759,-0.868023,0.369057,-1.228709,-1.978527,1.000000,0.000000,0.000000,0.000000,0.000000
0.496846,-1.529719,-1.042455,-1.554238,0.060613,-0.661982,1.000000,0.000000,0.000000,0.000000,0.000000
2.151256,-2.662029,-0.188598,-0.505882,0.578572,-0.637273,1.000000,0.000000,0.000000,0.000000,0.000000
1.171648,0.053699,2.181605,1.292836,-0.318786,-0.068966,0.000000,1.000000,0.000000,0.000000,0.000000
-2.697421,1.966645,-0.663584,-0.226731,0.421344,1.388748,1.000000,0.000000,0.000000,0.000000,0.000000
0.748199,-1.508746,-1.580000,0.485058,1.658949,0.684128,0.000000,0.000000,0.000000,1.000000,0.000000
0.271009,-1.876762,-0.217629,1.520154,3.834578,3.172972,0.000000,0.000000,0.000000,1.000000,0.000000
-1.508511,0.789387,-0.910442,-1.396907,-0.546363,-0.178883,0.000000,0.000000,1.000000,0.000000,0.000000
-2.055289,0.955741,-1.836547,-2.332026,-0.993732,-0.658336,1.000000,0.000000,0.000000,0.000000,0.000000
-1.202376,0.651306,-0.213733,-0.933296,-0.285332,0.134451,0.000000,1.000000,0.000000,0.000000,0.000000
1.087076,-0.950633,3.959472,-0.241034,-0.197518,0.298116,0.000000,0.000000,0.000000,1.000000,0.000000
1.310658,-1.800189,0.470290,0.368065,1.273103,0.607856,0.000000,0.000000,0.000000,1.000000,0.000000
-0.421697,-0.697276,0.483752,-0.699694,0.895302,0.948882,0.000000,1.000000,0.000000,0.000000,0.000000
-2.909891,1.877320,2.113080,-2.943479,-1.742802,0.028295,0.000000,0.000000,1.000000,0.000000,0.000000
-0.004980,1.381691,-1.069523,1.259675,-0.805045,-0.746102,0.000000,0.000000,1.000000,0.000000,0.000000
-2.736711,1.023216,-0.004674,-2.944080,-0.764082,0.216897,0.000000,0.000000,1.000000,0.000000,0.000000
-0.117899,-2.839469,-2.063567,-0.249167,4.002494,2.774513,0.000000,0.000000,0.000000,1.000000,0.000000
0.139913,-1.169868,0.360438,0.284412,1.797506,1.536837,0.000000,0.000000,0.000000,1.000000,0.000000
-0.596219,-1.232455,-0.202664,-0.158402,2.409439,2.172262,0.000000,0.000000,0.000000,1.000000,0.000000
-0.782991,-0.106890,-2.414224,-0.543520,0.608623,0.174901,1.000000,0.000000,0.000000,0.000000,0.000000
-1.176717,0.781907,-2.280431,-1.868610,-1.444804,-1.477904,0.000000,1.000000,0.000000,0.000000,0.000000
-2.217955,0.302477,0.083363,-2.832105,-0.282385,0.409895,0.000000,0.000000,0.000000,1.000000,0.000000
0.094400,1.033842,-1.874019,2.967345,1.202577,0.890674,1.000000,0.000000,0.000000,0.000000,0.000000
1.047253,0.530742,1.893764,1.036084,-1.102230,-0.761280,0.000000,0.000000,0.000000,0.000000,1.000000
2.970355,0.852292,1.575830,3.427601,-1.771339,-1.935123,0.000000,0.000000,0.000000,0.000000,1.000000
-2.908688,1.660503,-1.624564,1.097654,2.400393,3.051562,1.000000,0.000000,0.000000,0.000000,0.000000
-2.316766,0.817005,-1.008541,-1.198511,0.654057,1.179041,0.000000,1.000000,0.000000,0.000000,0.000000
3.491299,-1.992801,1.563797,2.173916,0.475719,-0.518115,0.000000,0.000000,0.000000,0.000000,1.000000
-1.407560,0.534770,-0.626510,0.734728,1.750836,2.027720,1.000000,0.000000,0.000000,0.000000,0.000000
-1.095232,-0.178512,-0.130731,-1.502800,0.233387,0.449384,0.000000,1.000000,0.000000,0.000000,0.000000
3.180462,-1.514251,-0.471933,1.535114,-0.465371,-1.746888,0.000000,1.000000,0.000000,0.000000,0.000000
-0.500635,0.350761,-0.355606,-1.051967,-0.878083,-0.726290,0.000000,1.000000,0.000000,0.000000,0.000000
-3.845977,2.162822,-3.769750,-3.401324,-1.481661,-0.869850,0.000000,1.000000,0.000000,0.000000,0.000000
-2.006279,0.576027,-0.322433,-0.781683,1.013634,1.561675,1.000000,0.000000,0.000000,0.000000,0.000000
1.674117,1.350357,0.310819,1.549689,-2.640073,-2.632911,0.000000,0.000000,1.000000,0.000000,0.000000
-1.918015,-0.380130,0.021454,-3.120799,0.039876,0.478743,0.000000,0.000000,1.000000,0.000000,0.000000
0.994307,-3.060896,-0.637133,-1.362020,1.829917,0.685211,1.000000,0.000000,0.000000,0.000000,0.000000
2.550104,-0.027707,-1.478396,2.448899,-0.941657,-1.969149,0.000000,0.000000,1.000000,0.000000,0.000000
-0.243350,-2.369680,-2.762778,0.524302,4.216547,2.941559,0.000000,0.000000,0.000000,1.000000,0.000000
2.692312,-0.536648,0.474713,2.688638,-0.123039,-0.840273,0.000000,0.000000,0.000000,0.000000,1.000000
2.562645,-1.898602,-0.389661,-0.376094,-0.943687,-2.104149,1.000000,0.000000,0.000000,0.000000,0.000000
-1.716079,0.639320,1.070029,1.141180,2.420715,3.201833,0.000000,0.000000,0.000000,0.000000,1.000000
-2.986924,1.735330,0.206975,-2.093451,-0.649900,0.599558,0.000000,1.000000,0.000000,0.000000,0.000000
-1.992249,2.321940,-1.416643,1.450682,0.591573,1.252002,1.000000,0.000000,0.000000,0.000000,0.000000
2.117972,-1.639315,0.347474,-0.528972,-0.876783,-1.681005,0.000000,0.000000,1.000000,0.000000,0.000000
-0.079400,-0.030841,-1.443076,1.401352,1.473621,1.078404,1.000000,0.000000,0.000000,0.000000,0.000000
0.648491,0.147411,1.899263,0.718872,-0.332410,0.008531,0.000000,0.000000,0.000000,1.000000,0.000000
2.797564,-1.235626,-0.346545,1.257270,-0.637721,-1.719371,0.000000,1.000000,0.000000,0.000000,0.000000
-1.094066,-0.997938,-0.976865,-2.730245,0.225067,0.055159,1.000000,0.000000,0.000000,0.000000,0.000000
2.191833,-3.270795,0.198499,-0.961891,0.977304,-0.297294,1.000000,0.000000,0.000000,0.000000,0.000000
-0.962453,0.690635,-1.006673,-0.688748,-0.432360,-0.260889,0.000000,0.000000,0.000000,1.000000,0.000000
0.440060,-1.959419,0.338108,0.071944,2.348957,1.813834,0.000000,0.000000,0.000000,1.000000,0.000000
-0.232919,-0.210516,-1.076815,-1.879873,-1.220919,-1.428861,1.000000,0.000000,0.000000,0.000000,0.000000
1.726014,1.250063,1.354475,2.178343,-1.938383,-1.731352,0.000000,0.000000,0.000000,0.000000,1.000000
-2.877096,2.525574,-1.644257,1.807703,1.786548,2.630747,1.000000,0.000000,0.000000,0.000000,0.000000
-2.673324,0.807731,-3.877243,-3.337899,-0.978989,-1.017041,0.000000,1.000000,0.000000,0.000000,0.000000
0.813671,-1.181096,-0.507144,-1.277141,-0.581667,-1.159519,1.000000,0.000000,0.000000,0.000000,0.000000
0.777940,0.200866,0.627813,0.821342,-0.501347,-0.494225,0.000000,0.000000,0.000000,1.000000,0.000000
-2.430015,0.115863,-3.413400,-2.002769,1.003862,0.798933,1.000000,0.000000,0.000000,0.000000,0.000000
2.833268,0.585719,-0.134146,3.557775,-1.109603,-1.741814,0.000000,0.000000,0.000000,0.000000,1.000000
0.145374,1.171953,-2.371054,1.130815,-0.842264,-1.191150,0.000000,0.000000,1.000000,0.000000,0.000000
1.854402,0.166338,2.668071,1.310709,-1.344739,-1.098055,0.000000,0.000000,0.000000,1.000000,0.000000
1.551556,-0.972886,-0.715685,0.807056,0.160884,-0.648606,0.000000,1.000000,0.000000,0.000000,0.000000
1.651384,-1.276915,-0.925537,1.022455,0.676635,-0.294866,0.000000,1.000000,0.000000,0.000000,0.000000
0.935341,0.606247,-0.065856,1.463658,-0.687831,-0.802391,0.000000,0.000000,1.000000,0.000000,0.000000
-0.059903,1.089252,-1.482827,1.853904,0.256637,0.128193,1.000000,0.000000,0.000000,0.000000,0.000000
-1.237660,1.932305,-0.009994,-1.503168,-2.645736,-1.809830,0.000000,1.000000,0.000000,0.000000,0.000000
0.593187,0.005298,1.483235,1.164137,0.367842,0.565516,0.000000,0.000000,0.000000,0.000000,1.000000
-1.126322,-1.694666,-1.130738,-1.429174,2.529972,2.101516,0.000000,0.000000,0.000000,1.000000,0.000000
2.013770,-1.624941,-2.143293,1.600141,1.246732,-0.219464,0.000000,1.000000,0.000000,0.000000,0.000000
6.069065,-3.131117,-1.125315,3.350426,-0.135283,-2.714401,0.000000,1.000000,0.000000,0.000000,0.000000
2.821949,-0.627466,0.734059,0.550324,-2.215509,-2.850110,1.000000,0.000000,0.000000,0.000000,0.000000
2.168585,-1.446310,-0.859165,1.239086,0.459970,-0.662996,0.000000,1.000000,0.000000,0.000000,0.000000
1.343764,-1.752270,-0.769315,-1.328822,-0.495615,-1.406615,1.000000,0.000000,0.000000,0.000000,0.000000
2.131747,-1.303571,-1.223130,1.265328,0.319618,-0.848552,0.000000,1.000000,0.000000,0.000000,0.000000
-1.639450,-0.814606,-2.842590,-2.276662,1.073193,0.595874,1.000000,0.000000,0.000000,0.000000,0.000000
-1.325112,1.448297,0.326270,-1.209959,-1.540737,-0.739518,0.000000,0.000000,1.000000,0.000000,0.000000
-0.651680,1.619825,1.403871,0.631484,-0.873045,0.028548,0.000000,0.000000,0.000000,0.000000,1.000000
-1.313663,-0.070654,0.107790,-0.962594,0.885314,1.219951,1.000000,0.000000,0.000000,0.000000,0.000000
-0.388424,1.318234,1.280998,0.236006,-1.160444,-0.414884,0.000000,1.000000,0.000000,0.000000,0.000000
-0.487910,0.256675,-0.595663,-0.430039,-0.162844,-0.119097,0.000000,1.000000,0.000000,0.000000,0.000000
-0.123002,0.589402,-0.648542,0.912151,0.171606,0.163618,1.000000,0.000000,0.000000,0.000000,0.000000
-0.356954,0.835310,0.607254,-0.085306,-0.820970,-0.366600,0.000000,0.000000,0.000000,0.000000,1.000000
2.693452,-2.559519,0.330959,-0.731900,-0.484308,-1.658113,1.000000,0.000000,0.000000,0.000000,0.000000
-1.821513,1.605778,-1.059281,1.030435,1.010992,1.546530,1.000000,0.000000,0.000000,0.000000,0.000000
1.004348,0.861181,-1.324686,1.485165,-1.148615,-1.524351,0.000000,0.000000,1.000000,0.000000,0.000000
1.075286,-0.755952,0.334152,-0.451600,-0.729668,-1.072541,1.000000,0.000000,0.000000,0.000000,0.000000
0.447837,1.563298,-1.571731,2.469631,-0.500474,-0.660012,1.000000,0.000000,0.000000,0.000000,0.000000
1.109081,-2.231401,-1.495009,1.251162,2.978921,1.727701,0.000000,0.000000,0.000000,1.000000,0.000000
-1.858711,2.468684,1.499235,-1.090963,-2.194341,-0.716663,0.000000,0.000000,1.000000,0.000000,0.000000
-0.092407,0.763114,-0.616579,0.264963,-0.743513,-0.682912,1.000000,0.000000,0.000000,0.000000,0.000000
-0.287406,1.459813,-0.469011,-0.080905,-1.832638,-1.495992,0.000000,1.000000,0.000000,0.000000,0.000000
-0.529880,0.277775,0.920952,-1.631242,-1.270390,-0.795225,0.000000,0.000000,1.000000,0.000000,0.000000
-0.006972,-1.511986,-0.959510,-2.022778,0.240008,-0.328755,1.000000,0.000000,0.000000,0.000000,0.000000
-2.153657,1.925974,0.143821,-1.838559,-1.765894,-0.676987,0.000000,1.000000,0.000000,0.000000,0.000000
2.498504,-0.631179,-1.543964,1.219544,-1.183574,-2.334288,0.000000,1.000000,0.000000,0.000000,0.000000
-1.679974,0.053094,-2.199605,-1.964921,0.176845,0.087151,0.000000,0.000000,1.000000,0.000000,0.000000
-0.512239,-1.660028,0.542208,0.668936,3.731126,3.519334,0.000000,0.000000,0.000000,1.000000,0.000000
-1.897896,0.279604,-2.090885,-0.891582,1.167214,1.177416,0.000000,0.000000,0.000000,1.000000,0.000000
-3.974187,3.262943,0.472502,-2.152122,-1.636975,0.305458,0.000000,0.000000,1.000000,0.000000,0.000000
0.850763,0.863848,0.943128,-0.671911,-2.992400,-2.698270,0.000000,0.000000,1.000000,0.000000,0.000000
0.340499,0.663285,-0.155482,-0.435312,-1.828301,-1.753338,0.000000,1.000000,0.000000,0.000000,0.000000
0.283200,0.461714,-0.346163,1.378093,0.282936,0.209636,0.000000,0.000000,1.000000,0.000000,0.000000
-1.434563,-2.383407,0.673380,-3.528676,1.939163,1.915471,0.000000,0.000000,0.000000,1.000000,0.000000
-1.924729,1.367444,-1.235405,0.933300,1.394813,1.850016,1.000000,0.000000,0.000000,0.000000,0.000000
0.610799,0.065383,-0.869266,2.307543,1.319198,0.906875,0.000000,0.000000,0.000000,1.000000,0.000000
1.998036,-1.084005,-1.637538,1.240899,0.143964,-1.038214,0.000000,1.000000,0.000000,0.000000,0.000000
-3.025745,2.785727,-3.323901,0.650109,0.458003,1.026104,0.000000,0.000000,1.000000,0.000000,0.000000
1.949819,-0.576862,0.359767,-0.774123,-2.437359,-2.911793,1.000000,0.000000,0.000000,0.000000,0.000000
0.844796,-1.689315,-1.172355,0.207037,1.534703,0.600929,0.000000,0.000000,0.000000,1.000000,0.000000
2.459424,-2.357131,1.426850,2.067810,2.242210,1.352908,0.000000,0.000000,0.000000,1.000000,0.000000
-1.010010,0.145350,-1.994329,-1.212173,-0.099624,-0.289272,1.000000,0.000000,0.000000,0.000000,0.000000
-2.684398,0.693766,-2.295508,-2.988702,-0.435630,-0.120463,0.000000,1.000000,0.000000,0.000000,0.000000
1.626554,-0.161458,1.064236,-0.208597,-2.063484,-2.199695,0.000000,0.000000,1.000000,0.000000,0.000000
3.893149,-2.151798,1.231276,2.330435,0.329233,-0.884444,0.000000,0.000000,0.000000,0.000000,1.000000
-1.163052,-0.048957,1.300533,-2.689831,-0.985880,-0.325655,0.000000,0.000000,1.000000,0.000000,0.000000
-1.038664,-1.281241,0.068587,-2.262779,1.032754,1.019372,0.000000,0.000000,0.000000,1.000000,0.000000
0.805092,-0.470765,-1.282767,-0.353665,-0.725767,-1.337200,1.000000,0.000000,0.000000,0.000000,0.000000
0.432978,-0.930585,-0.159924,0.745330,1.504049,1.096439,0.000000,0.000000,0.000000,1.000000,0.000000
1.264877,1.050523,-0.697595,0.668880,-2.538216,-2.739445,0.000000,1.000000,0.000000,0.000000,0.000000
-0.139111,0.779740,-0.534419,1.031030,0.032565,0.102859,1.000000,0.000000,0.000000,0.000000,0.000000
-0.978549,-2.003586,-1.214961,-2.781149,1.482484,0.963447,1.000000,0.000000,0.000000,0.000000,0.000000
0.325546,-2.073786,0.214154,0.775362,3.339612,2.745695,0.000000,0.000000,0.000000,1.000000,0.000000
-3.748404,0.570466,-3.620105,-3.646049,0.471174,0.685463,1.000000,0.000000,0.000000,0.000000,0.000000
-1.952437,0.092992,-1.708259,-1.064593,1.349033,1.422850,0.000000,0.000000,0.000000,1.000000,0.000000
0.184407,-0.990577,-1.393853,0.136870,1.307151,0.653492,0.000000,0.000000,0.000000,1.000000,0.000000
-0.896029,1.051401,1.326449,-1.505231,-1.789644,-0.931473,0.000000,0.000000,1.000000,0.000000,0.000000
-0.012688,1.150420,-0.783436,1.798062,0.064514,0.117077,0.000000,0.000000,1.000000,0.000000,0.000000
-0.154882,1.042823,-1.246596,1.727020,0.329367,0.272793,1.000000,0.000000,0.000000,0.000000,0.000000
-1.592832,-1.224940,-1.369290,-1.730635,2.159808,1.910953,0.000000,0.000000,0.000000,1.000000,0.000000
1.333790,-0.601412,-0.272072,1.401692,0.484974,-0.087257,0.000000,0.000000,0.000000,0.000000,1.000000
6.186247,-3.130070,0.789637,3.193563,-0.407665,-2.532334,0.000000,0.000000,0.000000,0.000000,1.000000
1.150956,-0.991893,-0.656065,-0.558289,-0.605036,-1.269411,1.000000,0.000000,0.000000,0.000000,0.000000
-0.115705,1.332374,-0.152041,0.402646,-1.399510,-1.072515,0.000000,0.000000,1.000000,0.000000,0.000000
0.588898,-1.939080,-0.932103,-0.328143,1.718726,0.853759,0.000000,0.000000,0.000000,1.000000,0.000000
3.664830,-2.668701,-1.641748,2.456925,1.449838,-0.566486,0.000000,1.000000,0.000000,0.000000,0.000000
3.180486,-3.023476,0.158594,0.101531,0.356325,-1.119875,1.000000,0.000000,0.000000,0.000000,0.000000
1.816839,-0.265529,0.717443,1.308225,-0.704246,-1.047285,0.000000,0.000000,0.000000,1.000000,0.000000
1.537680,-0.914949,-0.460677,2.624012,1.849728,1.061326,0.000000,0.000000,0.000000,1.000000,0.000000
-1.582843,0.206020,-1.073646,-2.074989,-0.258444,-0.046397,0.000000,1.000000,0.000000,0.000000,0.000000
0.809226,-1.001243,1.369563,1.272650,1.651555,1.502889,0.000000,0.000000,0.000000,1.000000,0.000000
1.253895,-1.378664,1.473296,1.075126,1.432981,1.117202,0.000000,0.000000,0.000000,1.000000,0.000000
0.122903,-0.984373,0.683870,-0.750515,0.558569,0.465539,0.000000,0.000000,0.000000,1.000000,0.000000
0.611076,1.423650,1.097800,1.401569,-1.493443,-1.028395,0.000000,1.000000,0.000000,0.000000,0.000000
-0.786313,1.374539,-0.844144,-0.503860,-1.473903,-1.126952,0.000000,0.000000,0.000000,1.000000,0.000000
0.986630,0.788974,1.729877,0.093785,-2.309172,-1.895599,0.000000,0.000000,1.000000,0.000000,0.000000
2.249870,-0.020152,0.799089,1.696851,-1.247953,-1.615891,0.000000,0.000000,0.000000,0.000000,1.000000
-2.561971,2.079291,1.097403,0.507202,0.818744,2.198078,0.000000,0.000000,0.000000,0.000000,1.000000
-0.231721,1.232749,1.668481,-1.662576,-3.062695,-2.215358,0.000000,0.000000,1.000000,0.000000,0.000000
1.929019,-0.708209,-1.512572,1.062055,-0.482326,-1.512712,0.000000,1.000000,0.000000,0.000000,0.000000
0.637150,-1.373779,-2.651150,1.248848,2.324947,1.119402,0.000000,0.000000,0.000000,1.000000,0.000000
-0.788071,0.839944,-0.394456,-0.311392,-0.501986,-0.190796,1.000000,0.000000,0.000000,0.000000,0.000000
-1.523498,0.523397,1.622783,-2.489933,-1.150425,-0.184803,0.000000,0.000000,1.000000,0.000000,0.000000
-1.888546,1.510710,-3.019880,-2.333688,-2.038458,-1.887321,0.000000,1.000000,0.000000,0.000000,0.000000
-3.139478,2.416993,-2.085935,-1.964657,-1.356670,-0.466109,0.000000,1.000000,0.000000,0.000000,0.000000
2.982837,-1.865833,2.790316,2.771924,1.549586,0.987701,0.000000,0.000000,0.000000,1.000000,0.000000
0.939664,-0.778230,-0.601792,0.069013,-0.035304,-0.603296,0.000000,0.000000,0.000000,1.000000,0.000000
-0.620886,0.170718,0.027898,-0.374455,0.199122,0.402837,0.000000,0.000000,0.000000,0.000000,1.000000
-0.216312,-1.286614,-0.448967,-1.210923,0.975789,0.613134,0.000000,0.000000,0.000000,1.000000,0.000000
-1.322145,2.650598,-0.932112,-0.426424,-2.557519,-1.777542,0.000000,1.000000,0.000000,0.000000,0.000000
2.762778,-0.955185,-0.235234,1.100264,-1.149211,-2.116067,0.000000,1.000000,0.000000,0.000000,0.000000
-0.766518,0.837925,-0.620116,-0.652257,-0.859349,-0.598149,0.000000,0.000000,0.000000,1.000000,0.000000
0.302240,1.379665,-1.861374,3.270706,0.722479,0.448428,1.000000,0.000000,0.000000,0.000000,0.000000
4.074339,-1.373998,-0.851049,1.880694,-1.504999,-3.055405,0.000000,1.000000,0.000000,0.000000,0.000000
-2.398418,0.803597,-0.942345,-1.981545,0.026402,0.608696,0.000000,1.000000,0.000000,0.000000,0.000000
2.426007,-1.959658,1.472409,2.240764,1.875736,1.104535,0.000000,0.000000,0.000000,1.000000,0.000000
-1.703659,1.244357,-1.545709,1.547194,1.872307,2.147934,1.000000,0.000000,0.000000,0.000000,0.000000
-1.039584,1.052147,-0.657798,-1.015816,-1.166344,-0.784528,0.000000,1.000000,0.000000,0.000000,0.000000
2.512564,-2.532545,-0.374235,1.829432,2.167515,0.780935,0.000000,0.000000,0.000000,0.000000,1.000000
-0.875540,0.813303,0.740069,-1.561628,-1.534780,-0.887777,0.000000,0.000000,1.000000,0.000000,0.000000
1.870194,-2.405419,1.068926,-1.399913,-0.268609,-1.011730,1.000000,0.000000,0.000000,0.000000,0.000000
-3.054130,1.910475,0.183323,0.749189,1.921524,3.131637,0.000000,0.000000,0.000000,0.000000,1.000000
0.113168,0.617817,-1.573411,1.841990,0.703329,0.389383,1.000000,0.000000,0.000000,0.000000,0.000000
0.894634,-0.824247,-1.268383,0.653659,0.642025,-0.112963,0.000000,1.000000,0.000000,0.000000,0.000000
-6.276617,4.714164,-0.619190,-0.527956,0.795402,3.312458,0.000000,0.000000,0.000000,0.000000,1.000000
-1.948701,1.027664,-1.228979,-1.864534,-0.776028,-0.310336,0.000000,1.000000,0.000000,0.000000,0.000000
0.119566,-0.691622,1.247923,-1.657293,-0.726370,-0.571035,0.000000,0.000000,1.000000,0.000000,0.000000
-0.715699,2.753137,3.110292,0.061449,-2.956091,-1.298073,0.000000,0.000000,1.000000,0.000000,0.000000
-0.492240,-1.094835,0.308204,-1.951736,0.355192,0.317695,0.000000,0.000000,0.000000,1.000000,0.000000
1.118133,-1.822346,0.007201,-1.641804,-0.388726,-1.064538,1.000000,0.000000,0.000000,0.000000,0.000000
-1.799799,1.560372,-1.179174,1.308542,1.314617,1.794254,1.000000,0.000000,0.000000,0.000000,0.000000
-0.184180,1.191772,1.348867,0.010708,-1.458266,-0.767558,0.000000,0.000000,0.000000,0.000000,1.000000
1.952746,-1.911560,0.978673,-0.720312,-0.440064,-1.116203,1.000000,0.000000,0.000000,0.000000,0.000000
4.059138,-2.248416,-1.549943,2.410486,0.283421,-1.685848,0.000000,1.000000,0.000000,0.000000,0.000000
0.477034,0.582806,2.006106,1.022914,-0.447112,0.063730,0.000000,0.000000,0.000000,0.000000,1.000000
0.800863,4.614460,3.882045,1.991244,-5.759391,-3.822117,0.000000,0.000000,0.000000,0.000000,1.000000
1.880817,1.291477,-1.309727,3.501962,-0.969994,-1.492009,0.000000,0.000000,1.000000,0.000000,0.000000
1.893472,-0.122870,-0.484292,-0.105774,-2.393976,-2.967520,1.000000,0.000000,0.000000,0.000000,0.000000
2.257734,-0.081632,-1.078267,2.672698,-0.260681,-1.145067,0.000000,0.000000,1.000000,0.000000,0.000000
1.619662,-0.628297,0.270955,-0.095745,-1.281219,-1.739920,1.000000,0.000000,0.000000,0.000000,0.000000
0.412538,-0.157401,2.686411,2.368335,2.019829,2.473381,0.000000,0.000000,0.000000,1.000000,0.000000
0.061200,-1.998847,-1.878348,-0.096661,2.698655,1.693630,0.000000,0.000000,0.000000,1.000000,0.000000
0.949362,0.188268,-0.123337,1.587502,0.019408,-0.227188,0.000000,0.000000,1.000000,0.000000,0.000000
-1.028451,0.020705,-2.280330,-2.250791,-0.900159,-1.154945,0.000000,1.000000,0.000000,0.000000,0.000000
-2.614177,1.027868,1.768309,-3.385812,-1.325550,0.083906,0.000000,0.000000,1.000000,0.000000,0.000000
-1.526163,1.214240,-1.184103,1.036866,1.199709,1.534350,1.000000,0.000000,0.000000,0.000000,0.000000
3.145836,-1.019307,-0.411375,3.236840,0.501350,-0.683310,0.000000,0.000000,0.000000,0.000000,1.000000
2.764041,0.293243,0.665497,3.101424,-1.020798,-1.501149,0.000000,0.000000,0.000000,0.000000,1.000000
-1.933318,1.434847,-0.233465,0.950670,1.341899,2.064902,0.000000,0.000000,0.000000,0.000000,1.000000
1.840189,3.079040,1.720369,2.842935,-4.096953,-3.363384,0.000000,0.000000,0.000000,0.000000,1.000000
-0.568249,1.103355,0.902029,0.296854,-0.562315,0.070675,0.000000,1.000000,0.000000,0.000000,0.000000
1.608945,-0.072435,-0.461834,0.402605,-1.607035,-2.114859,0.000000,1.000000,0.000000,0.000000,0.000000
0.036380,1.127975,-0.203551,0.661807,-1.051566,-0.834124,0.000000,0.000000,1.000000,0.000000,0.000000
-0.715584,-1.305980,-1.916126,-0.446515,2.364648,1.719197,0.000000,0.000000,0.000000,1.000000,0.000000
0.124197,0.627104,-0.275001,-0.481019,-1.540542,-1.454795,0.000000,0.000000,1.000000,0.000000,0.000000
-0.166820,0.428760,0.515463,1.302503,0.857873,1.093070,0.000000,0.000000,0.000000,0.000000,1.000000
1.684506,-1.165812,-0.026560,2.400647,1.815379,1.042930,0.000000,0.000000,0.000000,0.000000,1.000000
-1.205274,1.024194,1.064790,-1.057323,-0.920892,-0.080473,0.000000,0.000000,0.000000,0.000000,1.000000
2.455118,-1.002435,2.010138,0.911662,-0.823921,-1.170814,0.000000,0.000000,0.000000,1.000000,0.000000
1.665375,0.227444,1.997638,1.726817,-0.798207,-0.673253,0.000000,0.000000,0.000000,1.000000,0.000000
0.553803,-0.410794,0.936705,0.093187,-0.017716,-0.021106,0.000000,1.000000,0.000000,0.000000,0.000000
0.952020,-1.601747,0.028129,-0.131037,0.962816,0.337343,1.000000,0.000000,0.000000,0.000000,0.000000
0.454294,0.628281,0.809181,1.351094,-0.187812,0.032177,0.000000,0.000000,0.000000,0.000000,1.000000
1.731310,0.485145,-1.837090,1.997313,-1.063044,-1.845376,0.000000,0.000000,1.000000,0.000000,0.000000
1.888413,1.718100,0.906722,2.621982,-2.409607,-2.241162,0.000000,0.000000,0.000000,0.000000,1.000000
1.024082,2.175224,1.862466,1.478521,-3.035025,-2.276678,0.000000,0.000000,0.000000,0.000000,1.000000
-2.370751,2.528097,0.502174,0.312289,-0.279773,1.034138,0.000000,0.000000,0.000000,0.000000,1.000000
-1.554159,0.980583,-1.321286,1.484546,2.004504,2.234672,1.000000,0.000000,0.000000,0.000000,0.000000
1.987781,-1.889694,0.222442,-0.309873,-0.134831,-1.014398,1.000000,0.000000,0.000000,0.000000,0.000000
1.118831,-0.141754,-0.373545,1.756732,0.437183,-0.002378,0.000000,0.000000,0.000000,1.000000,0.000000
-1.000873,0.479506,0.030174,1.340846,1.897437,2.211291,0.000000,0.000000,0.000000,0.000000,1.000000
-0.040665,0.559209,-1.111627,1.447847,0.616629,0.449415,1.000000,0.000000,0.000000,0.000000,0.000000
-0.415325,-2.789205,-1.726560,-0.326029,4.247949,3.186117,0.000000,0.000000,0.000000,1.000000,0.000000
1.658814,0.087402,-0.315809,2.163147,-0.205313,-0.704562,0.000000,0.000000,1.000000,0.000000,0.000000
-0.919386,-0.410297,-2.905305,-1.880454,-0.069785,-0.630403,1.000000,0.000000,0.000000,0.000000,0.000000
-0.170354,1.839470,-0.837056,-0.274765,-2.729376,-2.403466,0.000000,1.000000,0.000000,0.000000,0.000000
-1.421542,0.159941,0.662980,-2.794717,-1.065099,-0.446424,0.000000,0.000000,0.000000,1.000000,0.000000
-0.075297,1.663518,0.714135,0.159411,-2.152638,-1.524098,0.000000,0.000000,1.000000,0.000000,0.000000
-1.131205,1.504218,2.280893,-1.284548,-1.912654,-0.652577,0.000000,0.000000,1.000000,0.000000,0.000000
2.184370,-0.641598,-0.842807,0.980508,-0.978287,-1.879373,0.000000,0.000000,1.000000,0.000000,0.000000
1.898763,-0.507718,-1.215494,0.010208,-1.742572,-2.604361,1.000000,0.000000,0.000000,0.000000,0.000000
-2.195878,1.814961,0.130969,-1.593659,-1.314001,-0.256337,0.000000,0.000000,1.000000,0.000000,0.000000
-0.811453,1.330880,1.139905,-0.959147,-1.782621,-0.934036,0.000000,0.000000,1.000000,0.000000,0.000000
-2.116373,1.891544,0.089370,0.867255,0.841712,1.809373,0.000000,0.000000,0.000000,0.000000,1.000000
1.055584,0.816749,-0.113187,-0.191400,-2.745386,-2.787778,0.000000,0.000000,1.000000,0.000000,0.000000
-1.512396,0.843369,-1.838536,-1.572346,-0.804582,-0.646418,1.000000,0.000000,0.000000,0.000000,0.000000
-3.147573,4.304612,2.778344,-2.224981,-4.255848,-1.648686,0.000000,0.000000,0.000000,0.000000,1.000000
-0.955085,0.676498,-1.119714,1.109117,1.308880,1.386928,1.000000,0.000000,0.000000,0.000000,0.000000
-2.702000,4.403426,2.172538,-1.547120,-4.336027,-1.975564,0.000000,0.000000,0.000000,0.000000,1.000000
2.003605,-1.747731,-1.235184,1.418619,1.278902,0.013931,0.000000,1.000000,0.000000,0.000000,0.000000
-1.163369,0.657343,0.071047,-1.241494,-0.636913,-0.143325,0.000000,0.000000,1.000000,0.000000,0.000000
-2.172649,-0.161814,-0.430736,-2.437124,0.704890,1.123522,0.000000,0.000000,0.000000,1.000000,0.000000
-1.501012,0.658189,-0.764476,-0.896462,0.119115,0.469757,0.000000,1.000000,0.000000,0.000000,0.000000
-1.637419,0.356970,1.213101,-2.683067,-0.953608,-0.101668,0.000000,0.000000,1.000000,0.000000,0.000000
2.465511,-0.328930,-0.675933,0.874507,-1.897331,-2.733830,0.000000,1.000000,0.000000,0.000000,0.000000
-1.790300,-1.333868,-1.672826,-1.553964,2.739861,2.425254,0.000000,0.000000,0.000000,1.000000,0.000000
-1.906719,0.529627,-0.654746,0.382019,2.067105,2.459274,1.000000,0.000000,0.000000,0.000000,0.000000
-1.511708,0.198175,-1.318621,-1.009988,0.682381,0.780086,0.000000,0.000000,0.000000,1.000000,0.000000
-0.002163,-0.749324,0.304306,-1.741452,-0.581436,-0.645425,0.000000,0.000000,1.000000,0.000000,0.000000
-1.561372,0.501500,-0.543733,-0.271029,1.031562,1.388223,1.000000,0.000000,0.000000,0.000000,0.000000
-0.057020,0.442465,1.396629,1.147742,0.561099,0.999137,0.000000,0.000000,0.000000,0.000000,1.000000
-1.382226,-0.630979,0.470989,-1.933885,0.858739,1.183152,0.000000,0.000000,0.000000,0.000000,1.000000
-0.188380,-0.974239,-0.616179,-0.790913,0.887551,0.545707,0.000000,0.000000,0.000000,1.000000,0.000000
-0.156151,0.268250,-0.877069,0.841559,0.609288,0.469476,1.000000,0.000000,0.000000,0.000000,0.000000
1.085167,-2.198611,1.149486,0.690245,2.467052,1.904819,0.000000,0.000000,0.000000,1.000000,0.000000
1.387697,2.511028,1.720841,2.218096,-3.285486,-2.579688,0.000000,0.000000,0.000000,0.000000,1.000000
-4.684346,3.021617,0.807161,-3.312410,-1.475157,0.684417,0.000000,0.000000,1.000000,0.000000,0.000000
-4.457051,4.935108,2.002255,-1.362766,-2.651320,0.194675,0.000000,0.000000,1.000000,0.000000,0.000000
-0.228861,0.607589,-1.684133,2.182275,1.488932,1.210117,1.000000,0.000000,0.000000,0.000000,0.000000
-0.515378,0.581903,-0.837113,0.510214,0.302271,0.346865,1.000000,0.000000,0.000000,0.000000,0.000000
-1.792431,1.807888,-3.056864,-1.617827,-1.906021,-1.730927,0.000000,1.000000,0.000000,0.000000,0.000000
-0.073188,-2.530153,-1.406330,-0.637234,3.132370,2.152181,0.000000,0.000000,0.000000,1.000000,0.000000
3.229406,-1.999988,2.312632,2.977320,1.613562,0.835553,0.000000,0.000000,0.000000,1.000000,0.000000
-2.752598,3.193119,1.386540,-1.324256,-2.310891,-0.461526,0.000000,0.000000,1.000000,0.000000,0.000000
-4.723861,3.328157,0.029827,0.151824,1.455443,3.396432,0.000000,0.000000,0.000000,0.000000,1.000000
2.700101,3.603651,1.250957,4.257666,-4.622138,-4.106316,0.000000,0.000000,0.000000,0.000000,1.000000
0.839305,1.713119,1.916084,0.442083,-3.121190,-2.395703,0.000000,0.000000,0.000000,0.000000,1.000000
1.328745,-0.449109,0.934716,2.057434,0.922686,0.669441,0.000000,0.000000,0.000000,1.000000,0.000000
-0.276440,-0.205990,-0.047185,0.040825,0.697221,0.691657,1.000000,0.000000,0.000000,0.000000,0.000000
2.192395,-0.106265,-2.711697,3.081618,0.226200,-1.069040,0.000000,0.000000,1.000000,0.000000,0.000000
1.178875,-1.098163,-1.816059,1.010126,1.004379,-0.034533,0.000000,1.000000,0.000000,0.000000,0.000000
2.032046,-0.867813,-0.294257,0.846213,-0.571655,-1.357795,0.000000,1.000000,0.000000,0.000000,0.000000
1.146069,1.216998,1.066234,1.809281,-1.496694,-1.227628,0.000000,0.000000,0.000000,0.000000,1.000000
0.246485,-1.198718,-0.138737,-1.137073,0.322736,-0.045894,1.000000,0.000000,0.000000,0.000000,0.000000
0.273047,-0.430453,1.003753,1.530937,1.762326,1.785340,0.000000,0.000000,0.000000,1.000000,0.000000
0.673682,-1.095320,0.427136,1.032362,1.716883,1.347877,0.000000,0.000000,0.000000,1.000000,0.000000
0.317375,2.268131,1.552428,1.036679,-2.681965,-1.802848,0.000000,0.000000,0.000000,0.000000,1.000000
2.603656,-1.728243,-1.601314,1.688854,0.724408,-0.769782,0.000000,1.000000,0.000000,0.000000,0.000000
1.108922,-0.850545,-1.515716,0.808215,0.546255,-0.330249,0.000000,1.000000,0.000000,0.000000,0.000000
-0.398000,-0.891919,-0.388961,-1.244366,0.607548,0.405965,0.000000,0.000000,0.000000,1.000000,0.000000
-3.327351,2.442789,-2.050972,2.026493,2.696173,3.511182,1.000000,0.000000,0.000000,0.000000,0.000000
0.358080,-3.188880,-1.321213,-0.527768,3.635294,2.401768,0.000000,0.000000,0.000000,1.000000,0.000000
-0.333698,-1.792794,-2.076485,-0.080812,2.924772,2.013035,0.000000,0.000000,0.000000,1.000000,0.000000
-2.594352,1.555114,-3.290488,-3.191437,-2.016166,-1.733623,0.000000,1.000000,0.000000,0.000000,0.000000
-1.113205,1.739187,-0.411396,-0.471348,-1.539770,-0.916847,0.000000,0.000000,1.000000,0.000000,0.000000
0.436176,-0.822188,-1.048569,-1.134597,-0.483992,-1.021464,1.000000,0.000000,0.000000,0.000000,0.000000
0.905022,1.772342,0.609348,1.615473,-2.184415,-1.821423,0.000000,0.000000,0.000000,0.000000,1.000000
2.734861,-1.636377,-0.024300,0.168764,-1.017337,-2.074592,0.000000,0.000000,1.000000,0.000000,0.000000
2.456339,-1.728706,0.295198,1.866272,1.119934,0.123352,0.000000,0.000000,0.000000,0.000000,1.000000
-0.791581,1.673365,-1.363999,-0.803535,-2.198704,-1.890582,0.000000,1.000000,0.000000,0.000000,0.000000
1.823320,-0.769527,-1.681208,0.568547,-0.734170,-1.782457,1.000000,0.000000,0.000000,0.000000,0.000000
-2.308866,2.458404,1.389716,-1.340991,-1.836789,-0.279766,0.000000,0.000000,1.000000,0.000000,0.000000
-1.180636,-0.005642,0.338182,-1.332340,0.265579,0.657094,0.000000,0.000000,0.000000,1.000000,0.000000
1.227358,0.464064,-0.057654,1.540599,-0.786772,-1.004906,0.000000,0.000000,1.000000,0.000000,0.000000
3.221402,-1.226881,-0.419884,1.420772,-1.045303,-2.243297,0.000000,1.000000,0.000000,0.000000,0.000000
-5.394978,3.749832,-0.511817,-0.086441,1.476867,3.553294,0.000000,0.000000,0.000000,0.000000,1.000000
-1.527648,-1.501785,-2.361226,-2.328922,1.883815,1.320971,1.000000,0.000000,0.000000,0.000000,0.000000
0.377925,0.177715,0.990488,1.244563,0.466414,0.632956,0.000000,0.000000,0.000000,0.000000,1.000000
-0.792825,1.001197,-1.323350,1.176465,0.687653,0.762388,1.000000,0.000000,0.000000,0.000000,0.000000
-2.023548,0.981527,-3.258712,-2.804007,-1.551461,-1.553533,0.000000,1.000000,0.000000,0.000000,0.000000
0.148057,0.259622,-0.282916,-0.279247,-0.843519,-0.868963,0.000000,1.000000,0.000000,0.000000,0.000000
0.879863,0.709813,-2.639968,2.377605,0.070554,-0.673463,0.000000,0.000000,1.000000,0.000000,0.000000
0.780274,-0.303905,0.884796,0.368366,-0.203234,-0.251192,0.000000,1.000000,0.000000,0.000000,0.000000
-3.478204,1.245539,0.219453,1.065175,3.743899,4.871708,0.000000,0.000000,0.000000,0.000000,1.000000
2.330903,-3.988230,-1.012771,0.160206,2.899024,1.065574,0.000000,0.000000,0.000000,1.000000,0.000000
1.388077,-3.056436,0.483590,-2.187227,0.535418,-0.390727,1.000000,0.000000,0.000000,0.000000,0.000000
0.991833,-1.079029,-1.491703,-0.577327,-0.304137,-1.162613,1.000000,0.000000,0.000000,0.000000,0.000000
-0.354527,2.919185,0.817465,0.658202,-3.131092,-2.099018,0.000000,0.000000,0.000000,0.000000,1.000000
-0.278811,0.051081,-1.928086,-0.349287,-0.081043,-0.471856,1.000000,0.000000,0.000000,0.000000,0.000000
3.994519,-1.053721,-1.625900,2.559529,-1.225583,-2.888362,0.000000,0.000000,1.000000,0.000000,0.000000
-2.331587,0.165121,-0.625584,0.003966,2.785314,3.196204,1.000000,0.000000,0.000000,0.000000,0.000000
-1.395814,1.312136,-0.711742,-1.137036,-1.198457,-0.677406,0.000000,1.000000,0.000000,0.000000,0.000000
-0.916193,0.942540,-1.738867,-1.396770,-1.553072,-1.483452,0.000000,1.000000,0.000000,0.000000,0.000000
2.005147,-1.952945,-2.037503,1.696777,1.829296,0.301350,0.000000,1.000000,0.000000,0.000000,0.000000
1.099828,-1.943055,-0.333493,0.499044,1.867274,1.007684,0.000000,0.000000,0.000000,0.000000,1.000000
-2.302652,2.729313,-1.663076,1.624692,0.566951,1.337688,0.000000,0.000000,1.000000,0.000000,0.000000
0.129906,-1.349965,0.338378,-1.548033,0.306211,0.055837,0.000000,0.000000,0.000000,1.000000,0.000000
-3.074244,-0.332295,-0.956211,-2.921575,1.649235,2.110650,0.000000,0.000000,0.000000,1.000000,0.000000
0.083934,1.064144,0.489700,0.335193,-1.323554,-0.950714,0.000000,1.000000,0.000000,0.000000,0.000000
-0.706208,0.288051,1.102862,-1.510008,-0.936109,-0.377609,0.000000,0.000000,1.000000,0.000000,0.000000
0.945616,1.467572,-0.779585,0.293752,-3.091657,-3.118905,0.000000,1.000000,0.000000,0.000000,0.000000
0.899497,-0.958948,-2.199655,1.283572,1.422387,0.378584,0.000000,0.000000,0.000000,1.000000,0.000000
1.773201,-0.317510,1.071195,1.625443,-0.260328,-0.530125,0.000000,0.000000,0.000000,0.000000,1.000000
-1.855373,1.739526,2.044182,-1.965746,-1.973096,-0.524509,0.000000,0.000000,1.000000,0.000000,0.000000
0.009554,1.019023,-1.887696,-1.408718,-2.882061,-3.036257,0.000000,1.000000,0.000000,0.000000,0.000000
-1.315200,2.470456,-0.864975,1.195186,-0.741349,-0.047992,0.000000,0.000000,1.000000,0.000000,0.000000
0.026751,0.806945,-1.115565,0.561002,-0.685413,-0.773637,0.000000,0.000000,1.000000,0.000000,0.000000
-0.338759,-1.432875,-0.330939,-1.360307,1.205553,0.865952,0.000000,0.000000,0.000000,1.000000,0.000000
-0.613479,-0.082430,-1.700253,-1.263825,-0.329165,-0.593209,1.000000,0.000000,0.000000,0.000000,0.000000
-1.621573,1.778962,-2.537545,-2.094329,-2.536435,-2.262515,0.000000,1.000000,0.000000,0.000000,0.000000
0.124049,0.130720,1.531617,1.339710,0.965718,1.307851,0.000000,0.000000,0.000000,0.000000,1.000000
0.661465,3.796481,2.183644,1.917727,-4.489768,-3.156501,0.000000,0.000000,0.000000,0.000000,1.000000
-0.756157,0.357174,-0.673792,0.613170,1.043790,1.120039,1.000000,0.000000,0.000000,0.000000,0.000000
-1.668702,0.588258,-2.405664,-2.389757,-1.027995,-1.015701,1.000000,0.000000,0.000000,0.000000,0.000000
-2.090731,1.979025,1.413765,-1.719454,-1.788370,-0.388373,0.000000,0.000000,1.000000,0.000000,0.000000
1.103578,-0.410454,-1.541930,0.640022,-0.248542,-1.008401,0.000000,1.000000,0.000000,0.000000,0.000000
2.395451,-0.918365,-0.709826,1.057329,-0.774479,-1.765607,0.000000,1.000000,0.000000,0.000000,0.000000
1.594788,-0.903212,-1.068525,0.872890,0.060874,-0.829643,0.000000,1.000000,0.000000,0.000000,0.000000
1.245779,-0.914116,1.403669,1.507471,1.184132,0.961277,0.000000,0.000000,0.000000,1.000000,0.000000
2.535683,-1.575072,0.535898,-0.477269,-1.460264,-2.296097,1.000000,0.000000,0.000000,0.000000,0.000000
0.290755,-1.847723,-1.360133,-0.401012,1.896226,1.018450,0.000000,0.000000,0.000000,1.000000,0.000000
0.118050,-1.310755,0.511016,-0.893940,0.897827,0.681494,0.000000,1.000000,0.000000,0.000000,0.000000
-0.840102,0.123480,-0.539712,0.165001,1.062886,1.144396,1.000000,0.000000,0.000000,0.000000,0.000000
0.938584,1.362389,-0.257085,1.293368,-1.957706,-1.914874,0.000000,0.000000,1.000000,0.000000,0.000000
-0.463165,0.854365,-0.478728,0.017396,-0.630098,-0.419803,0.000000,0.000000,1.000000,0.000000,0.000000
-1.939330,-0.969575,-2.435486,-3.794697,0.232596,-0.066803,0.000000,1.000000,0.000000,0.000000,0.000000
-0.374564,0.464610,-1.870515,-1.185688,-1.362067,-1.579906,1.000000,0.000000,0.000000,0.000000,0.000000
1.153722,0.625974,1.129656,1.357866,-1.082011,-0.940104,0.000000,0.000000,0.000000,0.000000,1.000000
-0.648038,-2.481196,-0.536725,-3.192562,1.361610,0.824264,1.000000,0.000000,0.000000,0.000000,0.000000
-0.390446,0.674832,-0.572896,-0.592428,-1.053046,-0.909534,0.000000,1.000000,0.000000,0.000000,0.000000
0.394153,-2.242862,-0.530972,-2.049959,0.761128,0.016492,1.000000,0.000000,0.000000,0.000000,0.000000
1.710413,0.275183,-0.518792,0.183364,-2.456122,-2.901613,1.000000,0.000000,0.000000,0.000000,0.000000
-0.519466,1.115386,0.818727,0.021243,-0.910195,-0.296436,0.000000,0.000000,0.000000,0.000000,1.000000
-0.117443,3.188343,1.824442,0.617178,-3.852713,-2.551371,0.000000,0.000000,0.000000,0.000000,1.000000
-1.348081,1.839704,0.821742,0.694170,-0.236355,0.732910,0.000000,0.000000,0.000000,0.000000,1.000000
-3.120746,2.849326,0.737342,0.260944,0.183465,1.810475,0.000000,0.000000,0.000000,0.000000,1.000000
-2.399077,-0.113351,-2.936608,-3.149472,0.199873,0.083991,1.000000,0.000000,0.000000,0.000000,0.000000
1.842007,-1.219949,-0.705369,0.734336,0.072162,-0.862758,0.000000,0.000000,0.000000,1.000000,0.000000
-0.438110,1.502234,1.022183,-0.026463,-1.620398,-0.870528,0.000000,0.000000,1.000000,0.000000,0.000000
-0.461837,1.360703,-0.591400,0.806998,-0.608455,-0.318907,0.000000,0.000000,1.000000,0.000000,0.000000
-0.946967,1.599942,-1.200553,1.301473,0.140937,0.434808,1.000000,0.000000,0.000000,0.000000,0.000000
5.198537,-3.863893,-3.000605,3.809736,2.471699,-0.586697,0.000000,1.000000,0.000000,0.000000,0.000000
2.712383,-1.330729,-0.272952,1.260928,-0.384032,-1.453590,0.000000,1.000000,0.000000,0.000000,0.000000
2.336683,-1.209738,1.952553,0.857924,-0.421549,-0.809196,0.000000,0.000000,0.000000,1.000000,0.000000
1.374535,0.160750,0.678985,1.559675,-0.506647,-0.655788,0.000000,0.000000,0.000000,0.000000,1.000000
-0.055150,3.270139,2.234792,0.968789,-3.706761,-2.307659,0.000000,0.000000,0.000000,0.000000,1.000000
-0.562038,0.941080,-0.763324,0.640339,-0.032139,0.131834,1.000000,0.000000,0.000000,0.000000,0.000000
-2.049736,2.471510,-1.500673,1.841198,0.823896,1.502868,1.000000,0.000000,0.000000,0.000000,0.000000
-1.473689,2.306023,1.467463,0.150898,-1.262783,0.036276,0.000000,0.000000,0.000000,0.000000,1.000000
0.833132,-3.115318,-1.139841,-0.464271,2.974954,1.697286,0.000000,0.000000,0.000000,1.000000,0.000000
1.894206,-0.870535,-0.550403,2.006590,0.725183,-0.133058,0.000000,0.000000,0.000000,0.000000,1.000000
1.953251,-0.749348,-1.621593,1.086751,-0.432146,-1.506717,0.000000,1.000000,0.000000,0.000000,0.000000
-0.605612,1.544139,0.641815,0.957864,-0.521550,0.149713,0.000000,0.000000,0.000000,0.000000,1.000000
-0.145285,0.433661,1.848138,1.067461,0.619018,1.189236,0.000000,0.000000,0.000000,1.000000,0.000000
1.448637,0.699431,1.465927,1.721957,-1.215687,-1.049164,0.000000,0.000000,0.000000,0.000000,1.000000
1.819182,-0.773852,-0.988208,0.876503,-0.413979,-1.300784,0.000000,1.000000,0.000000,0.000000,0.000000
-0.799056,0.728961,-0.948574,1.243891,1.162545,1.257462,1.000000,0.000000,0.000000,0.000000,0.000000
-0.550871,-1.653195,-1.342923,-1.790083,1.370066,0.782976,1.000000,0.000000,0.000000,0.000000,0.000000
1.207230,-1.159541,0.611337,-1.149224,-0.982442,-1.369522,0.000000,0.000000,1.000000,0.000000,0.000000
-0.241660,0.019710,-0.563945,0.405414,0.666619,0.572525,1.000000,0.000000,0.000000,0.000000,0.000000
0.895208,-0.518557,-0.985939,1.712420,1.222167,0.582628,1.000000,0.000000,0.000000,0.000000,0.000000
1.316128,-0.390888,-0.524232,0.143968,-1.013949,-1.547180,0.000000,0.000000,1.000000,0.000000,0.000000
-1.190326,-1.763475,-0.884770,-1.848800,2.313043,1.955781,0.000000,0.000000,0.000000,1.000000,0.000000
2.827389,-0.951583,1.174136,1.969083,-0.377336,-1.036966,0.000000,0.000000,0.000000,0.000000,1.000000
-1.282327,-1.132346,-1.790381,-1.066955,2.253794,1.833181,0.000000,0.000000,0.000000,1.000000,0.000000
0.651358,0.626982,0.172428,1.663910,-0.151654,-0.144629,0.000000,0.000000,0.000000,1.000000,0.000000
4.584643,-2.929423,-2.448858,3.105077,1.243139,-1.270193,0.000000,1.000000,0.000000,0.000000,0.000000
-0.148134,-0.184159,1.533510,-0.070326,0.418526,0.785940,0.000000,0.000000,0.000000,1.000000,0.000000
1.034148,0.288408,-1.326329,0.637461,-1.172169,-1.678128,0.000000,0.000000,1.000000,0.000000,0.000000
0.033579,-1.871216,-0.618105,-0.907772,1.789182,1.163885,0.000000,0.000000,0.000000,1.000000,0.000000
-0.433146,1.946265,-0.018188,0.409359,-1.869659,-1.276232,0.000000,1.000000,0.000000,0.000000,0.000000
-0.613748,1.895351,0.138243,-0.107087,-2.055769,-1.379271,0.000000,0.000000,1.000000,0.000000,0.000000
4.008725,-2.403246,-1.242263,2.378548,0.548351,-1.373131,0.000000,1.000000,0.000000,0.000000,0.000000
1.765170,2.060308,1.696449,2.398920,-2.947862,-2.457910,0.000000,0.000000,0.000000,0.000000,1.000000
-0.378912,-1.651962,-0.714099,-1.195320,1.728427,1.239322,0.000000,0.000000,0.000000,1.000000,0.000000
0.313310,-2.006456,-1.182761,-0.325031,2.173692,1.290379,0.000000,0.000000,0.000000,1.000000,0.000000
-3.154637,1.509330,-2.023515,-1.366408,0.558926,1.208467,0.000000,0.000000,0.000000,1.000000,0.000000
0.396521,0.606725,-0.196372,-0.423879,-1.808678,-1.771752,0.000000,0.000000,1.000000,0.000000,0.000000
0.242745,0.536535,-0.194273,-0.287438,-1.375259,-1.326452,0.000000,0.000000,1.000000,0.000000,0.000000
-1.337920,-0.641846,-0.858880,-1.567074,1.147646,1.117004,0.000000,0.000000,0.000000,1.000000,0.000000
-0.779387,-1.632287,-1.649217,-2.526931,0.921696,0.339929,1.000000,0.000000,0.000000,0.000000,0.000000
-0.969636,3.284647,-1.466973,0.025695,-3.510416,-2.789648,0.000000,1.000000,0.000000,0.000000,0.000000
0.346197,0.558163,-1.438441,2.469493,1.093837,0.724446,1.000000,0.000000,0.000000,0.000000,0.000000
1.421522,-0.266193,0.099542,0.021030,-1.439938,-1.804935,0.000000,0.000000,1.000000,0.000000,0.000000
-1.470069,0.906543,-1.121439,-1.546151,-0.913920,-0.571466,0.000000,1.000000,0.000000,0.000000,0.000000
-4.340411,2.326866,-2.746713,-3.620295,-1.270508,-0.243328,0.000000,1.000000,0.000000,0.000000,0.000000
0.463469,-0.038970,0.882712,0.715837,0.158658,0.239638,0.000000,0.000000,0.000000,1.000000,0.000000
-3.961310,1.747885,1.027190,-3.450104,-0.694166,1.025818,0.000000,0.000000,1.000000,0.000000,0.000000
-1.173409,0.880679,-0.868441,0.939804,1.137363,1.386328,1.000000,0.000000,0.000000,0.000000,0.000000
-0.287672,1.358499,2.240647,-0.723767,-2.258308,-1.254522,0.000000,0.000000,0.000000,0.000000,1.000000
0.116592,0.867179,1.634305,-1.173616,-2.514116,-1.866287,0.000000,0.000000,1.000000,0.000000,0.000000
-2.018401,2.100411,1.196921,0.358633,-0.060241,1.232489,0.000000,0.000000,1.000000,0.000000,0.000000
-0.695235,0.271248,0.054203,-0.692876,-0.156562,0.107546,0.000000,1.000000,0.000000,0.000000,0.000000
-1.093769,1.260018,1.252503,-0.072944,-0.456802,0.434705,0.000000,1.000000,0.000000,0.000000,0.000000
1.154479,0.886076,1.151983,1.284263,-1.531338,-1.312844,0.000000,1.000000,0.000000,0.000000,0.000000
-0.252471,1.491619,-0.688969,0.170206,-1.686078,-1.411816,0.000000,0.000000,1.000000,0.000000,0.000000
-0.340217,3.273816,2.565667,0.539866,-3.749017,-2.188628,0.000000,0.000000,0.000000,0.000000,1.000000
-0.127691,0.946807,-0.911633,-0.329847,-1.542571,-1.478875,0.000000,1.000000,0.000000,0.000000,0.000000
-1.591128,0.573908,-3.452556,-2.904459,-1.621790,-1.873296,0.000000,1.000000,0.000000,0.000000,0.000000
-2.762648,3.190539,1.021572,-0.590774,-1.593599,0.142297,0.000000,0.000000,1.000000,0.000000,0.000000
1.506525,0.444076,0.200859,1.117972,-1.523556,-1.731296,0.000000,0.000000,1.000000,0.000000,0.000000
0.806699,-0.547040,0.729560,2.725865,2.384329,2.148997,0.000000,0.000000,0.000000,1.000000,0.000000
-1.004139,0.518108,1.103488,1.256315,1.782472,2.376432,0.000000,0.000000,0.000000,0.000000,1.000000
0.730179,-1.085161,-0.824567,-1.464734,-0.798598,-1.404887,1.000000,0.000000,0.000000,0.000000,0.000000
-1.015884,0.589153,-0.623814,-0.756411,-0.274134,-0.020248,0.000000,1.000000,0.000000,0.000000,0.000000
1.717585,-2.058549,1.917634,0.662405,1.427483,0.952072,0.000000,0.000000,0.000000,1.000000,0.000000
2.604809,-2.238527,-1.543665,1.889371,1.658294,0.036564,0.000000,1.000000,0.000000,0.000000,0.000000
2.388268,-0.040106,5.173400,1.777962,-1.246198,-0.567631,0.000000,0.000000,0.000000,1.000000,0.000000
-0.738559,-0.576351,2.113914,-3.099135,-1.152320,-0.511163,0.000000,0.000000,1.000000,0.000000,0.000000
-1.157271,2.023388,1.438269,-0.747079,-2.129398,-0.953265,0.000000,0.000000,1.000000,0.000000,0.000000
-1.110816,-0.061690,1.459326,-0.725685,0.859818,1.478844,0.000000,1.000000,0.000000,0.000000,0.000000
-0.317795,0.929172,2.010566,-0.521848,-1.404901,-0.571692,0.000000,0.000000,0.000000,0.000000,1.000000
-0.713643,-1.561996,-0.399722,-1.637465,1.612397,1.314868,0.000000,0.000000,0.000000,1.000000,0.000000
-2.167047,-0.635715,-1.183338,-1.995286,1.798832,1.889426,0.000000,0.000000,0.000000,1.000000,0.000000
2.638048,-1.354269,0.913856,-1.010371,-2.421293,-3.110122,1.000000,0.000000,0.000000,0.000000,0.000000
0.575441,0.685718,-2.090352,-0.578691,-2.337544,-2.784675,0.000000,1.000000,0.000000,0.000000,0.000000
-2.002277,1.339127,-1.262216,1.261219,1.852275,2.299779,1.000000,0.000000,0.000000,0.000000,0.000000
1.395012,3.630717,1.852803,2.678012,-4.476017,-3.458457,0.000000,0.000000,0.000000,0.000000,1.000000
-2.689916,1.204178,-2.819032,-3.012280,-1.201492,-0.879284,0.000000,1.000000,0.000000,0.000000,0.000000
2.309628,-0.693441,-0.985670,1.025789,-1.024678,-2.004509,0.000000,1.000000,0.000000,0.000000,0.000000
-0.101993,1.149747,-0.736484,1.120987,-0.469926,-0.363282,0.000000,0.000000,1.000000,0.000000,0.000000
0.086726,0.076268,1.746995,-1.270540,-1.417914,-0.941276,0.000000,0.000000,1.000000,0.000000,0.000000
0.558008,-1.814593,1.964598,-0.234266,1.717922,1.608486,0.000000,0.000000,0.000000,1.000000,0.000000
-0.164216,0.702721,0.847745,1.001288,0.172000,0.571544,0.000000,0.000000,0.000000,0.000000,1.000000
1.432065,0.641761,1.885136,1.388190,-1.424799,-1.154643,0.000000,0.000000,0.000000,0.000000,1.000000
-0.453743,1.536908,-0.981261,2.258965,0.517373,0.706500,0.000000,0.000000,1.000000,0.000000,0.000000
0.496306,-0.084813,-0.461954,0.019243,-0.511541,-0.760484,0.000000,1.000000,0.000000,0.000000,0.000000
0.901971,-0.897273,-1.036952,0.620622,0.710672,-0.006732,0.000000,1.000000,0.000000,0.000000,0.000000
0.616607,0.283184,-0.244002,-0.099667,-1.313362,-1.433935,0.000000,0.000000,1.000000,0.000000,0.000000
-0.174168,1.345326,-0.791315,0.016533,-1.725213,-1.527447,0.000000,0.000000,1.000000,0.000000,0.000000
-1.346866,1.555472,-0.619019,-0.952679,-1.436359,-0.845093,0.000000,1.000000,0.000000,0.000000,0.000000
-1.437148,1.175143,-0.224258,1.164173,1.279772,1.818068,0.000000,0.000000,0.000000,0.000000,1.000000
-0.689523,1.390015,1.456800,0.618725,-0.501415,0.361468,0.000000,0.000000,0.000000,0.000000,1.000000
-3.096214,2.298892,-0.539310,0.590536,1.246875,2.395071,0.000000,0.000000,0.000000,0.000000,1.000000
0.221297,0.270036,1.144707,0.289935,-0.381144,-0.084969,0.000000,0.000000,0.000000,0.000000,1.000000
0.240886,1.408931,-1.224295,1.741548,-0.702700,-0.746150,0.000000,0.000000,1.000000,0.000000,0.000000
-1.651913,-0.880665,-0.533476,0.519164,3.918462,3.906213,0.000000,0.000000,0.000000,1.000000,0.000000
-0.285364,1.165595,-0.197008,-0.999809,-2.288640,-1.932075,0.000000,0.000000,1.000000,0.000000,0.000000
1.677586,-0.247029,-0.999130,0.612551,-1.249577,-1.959278,0.000000,1.000000,0.000000,0.000000,0.000000
-0.052053,0.624408,0.087153,1.322732,0.436630,0.590861,0.000000,0.000000,0.000000,0.000000,1.000000
3.137234,-1.907848,-0.997013,1.816397,0.424616,-1.090948,0.000000,1.000000,0.000000,0.000000,0.000000
-0.877494,1.542495,-1.310542,-0.723907,-1.819257,-1.515866,0.000000,1.000000,0.000000,0.000000,0.000000
1.674673,-0.495955,-0.216584,0.517734,-0.962223,-1.539722,1.000000,0.000000,0.000000,0.000000,0.000000
-0.943476,1.121710,-0.975079,0.693723,0.249335,0.492228,1.000000,0.000000,0.000000,0.000000,0.000000
-0.739436,0.458647,-0.406403,1.482514,1.716811,1.853486,0.000000,0.000000,0.000000,1.000000,0.000000
-0.218730,0.329561,1.461702,1.117980,0.907819,1.369397,0.000000,0.000000,0.000000,0.000000,1.000000
-0.565413,0.346096,-0.908772,-0.423142,-0.190641,-0.183813,0.000000,1.000000,0.000000,0.000000,0.000000
2.396620,-0.977846,-0.551115,1.048193,-0.695698,-1.663122,0.000000,1.000000,0.000000,0.000000,0.000000
2.044805,-0.343422,-1.238487,2.042498,-0.213445,-1.138045,0.000000,0.000000,1.000000,0.000000,0.000000
0.525036,0.694045,1.879779,0.606124,-1.074839,-0.562793,0.000000,0.000000,0.000000,0.000000,1.000000
-4.293415,3.025699,0.335933,0.353133,1.534198,3.367994,0.000000,0.000000,0.000000,0.000000,1.000000
0.603954,1.088941,-1.096192,0.267029,-2.128529,-2.256966,0.000000,1.000000,0.000000,0.000000,0.000000
-1.581790,1.127706,0.147340,-0.800481,-0.349807,0.366130,0.000000,1.000000,0.000000,0.000000,0.000000
3.881542,-2.027722,-1.046063,3.878542,1.616843,-0.178216,0.000000,0.000000,0.000000,0.000000,1.000000
2.455623,-0.892205,1.767565,1.811946,-0.121418,-0.529517,0.000000,0.000000,0.000000,1.000000,0.000000
1.262571,0.002220,-1.079884,1.892225,0.159634,-0.453887,1.000000,0.000000,0.000000,0.000000,0.000000
0.246757,2.154205,3.540583,-0.012370,-3.401488,-2.008290,0.000000,0.000000,0.000000,0.000000,1.000000
3.905497,-1.712956,-0.284669,1.826725,-0.835425,-2.295242,0.000000,1.000000,0.000000,0.000000,0.000000
-0.000275,-0.102346,-0.965445,1.129012,1.220339,0.916097,1.000000,0.000000,0.000000,0.000000,0.000000
1.166637,-0.440044,0.263012,1.639532,0.706229,0.338972,0.000000,0.000000,0.000000,0.000000,1.000000
-4.198133,3.552170,0.861521,-0.317998,0.007915,2.112348,0.000000,0.000000,0.000000,0.000000,1.000000
-1.613896,0.907168,-0.901365,0.613071,1.356334,1.713765,1.000000,0.000000,0.000000,0.000000,0.000000
-3.115611,3.204106,0.867643,-3.023049,-3.500393,-1.638846,0.000000,0.000000,0.000000,1.000000,0.000000
-0.060967,0.364920,-1.751778,0.622089,0.118721,-0.226611,0.000000,0.000000,0.000000,1.000000,0.000000
-0.666593,2.025404,-1.958679,1.209840,-0.942878,-0.784453,0.000000,0.000000,1.000000,0.000000,0.000000
-1.382040,0.607761,-1.842336,-1.950897,-0.996661,-0.918314,0.000000,1.000000,0.000000,0.000000,0.000000
1.015449,-1.006774,-1.852899,1.076073,1.147065,0.157601,0.000000,0.000000,0.000000,1.000000,0.000000
0.652345,0.092453,1.634591,0.248017,-0.715767,-0.440189,0.000000,0.000000,0.000000,0.000000,1.000000
1.550278,0.063243,-0.329677,1.415137,-0.750013,-1.209805,0.000000,0.000000,1.000000,0.000000,0.000000
3.601079,-2.019027,-1.418494,2.126712,0.274717,-1.489152,0.000000,1.000000,0.000000,0.000000,0.000000
-4.183162,2.799323,0.743464,0.151188,1.532025,3.389131,0.000000,0.000000,0.000000,0.000000,1.000000
-1.726418,2.179001,0.839114,-0.929909,-1.801683,-0.599424,0.000000,0.000000,0.000000,0.000000,1.000000
-0.848770,-0.736796,-1.108855,-0.935092,1.254113,1.005612,0.000000,0.000000,0.000000,1.000000,0.000000
-1.934703,1.854843,-1.986170,2.348609,2.050640,2.403400,1.000000,0.000000,0.000000,0.000000,0.000000
-1.428064,0.444208,-0.233610,-0.541262,0.686351,1.083961,1.000000,0.000000,0.000000,0.000000,0.000000
2.440288,-0.800447,1.436804,2.753695,0.666961,0.173057,0.000000,0.000000,0.000000,1.000000,0.000000
-2.215717,2.114095,0.439617,0.820812,0.608860,1.746087,0.000000,0.000000,0.000000,0.000000,1.000000
-1.768507,0.363407,0.356974,-1.896238,-0.048995,0.595326,1.000000,0.000000,0.000000,0.000000,0.000000
2.243853,-1.829268,-0.155590,2.807853,2.441833,1.323013,0.000000,0.000000,0.000000,1.000000,0.000000
0.499157,1.589529,1.798758,0.955217,-2.006947,-1.284124,0.000000,0.000000,0.000000,0.000000,1.000000
-3.632873,0.035795,-4.943289,-2.945838,1.749644,1.444977,1.000000,0.000000,0.000000,0.000000,0.000000
3.244960,-1.170580,-0.340771,1.391785,-1.184297,-2.352088,0.000000,1.000000,0.000000,0.000000,0.000000
0.489612,-0.651275,1.519243,-0.257810,0.086820,0.190516,0.000000,0.000000,0.000000,1.000000,0.000000
2.157753,0.066672,-2.887427,2.861944,-0.194599,-1.472636,0.000000,0.000000,1.000000,0.000000,0.000000
-1.889887,2.116576,-2.254981,2.900950,2.139773,2.466544,1.000000,0.000000,0.000000,0.000000,0.000000
0.548413,0.108677,1.110912,-0.534096,-1.366664,-1.167361,0.000000,0.000000,1.000000,0.000000,0.000000
0.289838,0.661869,-1.763266,1.261397,-0.153030,-0.522673,0.000000,0.000000,1.000000,0.000000,0.000000
-2.588767,0.851895,0.874516,-3.307675,-1.042942,0.089892,0.000000,0.000000,1.000000,0.000000,0.000000
-0.736842,0.403759,0.459689,1.620964,1.941328,2.273217,0.000000,0.000000,0.000000,0.000000,1.000000
0.588953,0.186621,-1.051942,1.787953,0.667773,0.264400,1.000000,0.000000,0.000000,0.000000,0.000000
-0.445875,0.427082,-1.539746,1.831580,1.697905,1.467544,1.000000,0.000000,0.000000,0.000000,0.000000
-0.472521,-1.402525,-2.248264,-2.433386,0.268821,-0.472766,1.000000,0.000000,0.000000,0.000000,0.000000
3.988770,-2.160016,-1.762387,2.410338,0.242759,-1.740082,0.000000,1.000000,0.000000,0.000000,0.000000
0.014114,-0.614622,0.888081,1.114226,1.963090,1.980654,0.000000,0.000000,0.000000,1.000000,0.000000
0.760811,0.528582,0.100107,-0.028637,-1.783032,-1.788032,0.000000,0.000000,1.000000,0.000000,0.000000
2.129272,-1.437191,-1.522969,1.392557,0.634396,-0.647195,0.000000,1.000000,0.000000,0.000000,0.000000
-0.240736,-0.533419,-0.438705,-1.007834,0.109353,-0.052944,0.000000,0.000000,0.000000,1.000000,0.000000
0.941201,0.645723,-2.170714,0.897745,-1.333934,-1.942822,0.000000,0.000000,1.000000,0.000000,0.000000
-0.179058,2.035497,-1.578465,1.994475,-0.829064,-0.709076,1.000000,0.000000,0.000000,0.000000,0.000000
0.658097,-0.663188,-0.674356,1.004740,1.064064,0.540369,0.000000,0.000000,0.000000,1.000000,0.000000
2.803947,-1.885914,0.761193,0.502448,-0.409822,-1.364737,1.000000,0.000000,0.000000,0.000000,0.000000
-1.658901,0.832053,-0.184121,-0.505699,0.458282,1.021257,1.000000,0.000000,0.000000,0.000000,0.000000
-2.024806,3.152772,-1.741179,1.608904,-0.425996,0.375553,1.000000,0.000000,0.000000,0.000000,0.000000
0.409408,0.425541,2.049545,-0.559613,-1.654737,-1.106733,0.000000,0.000000,1.000000,0.000000,0.000000
-1.156638,-0.400222,0.086552,-2.389456,-0.215291,0.039360,0.000000,0.000000,1.000000,0.000000,0.000000
0.474157,1.230358,1.283593,0.347441,-2.047096,-1.521182,0.000000,0.000000,1.000000,0.000000,0.000000
-0.301075,0.324934,0.867111,1.496034,1.375731,1.694380,0.000000,0.000000,0.000000,1.000000,0.000000
0.320918,0.739303,0.545004,1.174027,-0.350739,-0.131155,0.000000,0.000000,0.000000,0.000000,1.000000
-1.788687,0.003636,-0.732445,-2.023719,0.358424,0.646068,0.000000,0.000000,0.000000,1.000000,0.000000
-1.416200,1.594794,0.930132,-1.005006,-1.427311,-0.423933,0.000000,0.000000,1.000000,0.000000,0.000000
-1.400530,2.463578,0.893197,-0.131259,-1.868419,-0.677201,0.000000,0.000000,1.000000,0.000000,0.000000
3.131016,-2.228705,-1.877823,2.155862,1.210807,-0.618088,0.000000,1.000000,0.000000,0.000000,0.000000
3.200045,-2.032219,-1.435652,1.976527,0.670391,-1.006323,0.000000,1.000000,0.000000,0.000000,0.000000
-2.324755,1.915617,2.325049,-2.498160,-2.126671,-0.438861,0.000000,0.000000,1.000000,0.000000,0.000000
1.213180,1.433075,-2.086766,2.554638,-1.233455,-1.729611,0.000000,0.000000,1.000000,0.000000,0.000000
-1.359275,-1.217793,-2.532569,-2.247131,1.328234,0.757477,1.000000,0.000000,0.000000,0.000000,0.000000
0.436339,0.050378,-0.776108,1.274450,0.574084,0.254483,1.000000,0.000000,0.000000,0.000000,0.000000
0.554459,0.026742,-0.130498,-0.543942,-1.286168,-1.417614,1.000000,0.000000,0.000000,0.000000,0.000000
0.421830,1.121231,2.370797,-0.505079,-2.623387,-1.816355,0.000000,0.000000,1.000000,0.000000,0.000000
-1.137744,1.274676,1.112036,-0.942813,-1.261409,-0.362006,0.000000,0.000000,0.000000,0.000000,1.000000
-0.458437,-1.106205,0.035371,-0.806678,1.426340,1.272353,0.000000,1.000000,0.000000,0.000000,0.000000
0.438620,0.981515,-2.102960,2.470661,0.348508,-0.094625,0.000000,0.000000,1.000000,0.000000,0.000000
1.514677,-0.968236,-0.825774,1.676526,1.037930,0.181608,0.000000,0.000000,0.000000,1.000000,0.000000
0.342816,1.147842,1.152996,0.656238,-1.461147,-0.970319,0.000000,0.000000,0.000000,0.000000,1.000000
3.562995,-2.330316,1.397990,2.596625,1.277184,0.122806,0.000000,0.000000,0.000000,0.000000,1.000000
0.753553,-1.574853,-0.492170,-0.548302,0.770938,0.081867,0.000000,0.000000,0.000000,1.000000,0.000000
3.222025,-2.850508,-2.441292,2.589333,2.403683,0.235721,0.000000,1.000000,0.000000,0.000000,0.000000
-2.241356,1.551280,-3.077828,-2.466188,-1.767242,-1.536259,0.000000,1.000000,0.000000,0.000000,0.000000
-0.696230,1.407650,0.769754,-0.580433,-1.685394,-0.946831,0.000000,0.000000,1.000000,0.000000,0.000000
-0.565504,0.048334,-0.630216,-1.109442,-0.414500,-0.394344,0.000000,1.000000,0.000000,0.000000,0.000000
1.993226,0.251554,1.398076,1.258527,-1.720978,-1.796298,0.000000,0.000000,0.000000,0.000000,1.000000
0.062904,0.024969,-1.151536,-0.816711,-0.924594,-1.190604,1.000000,0.000000,0.000000,0.000000,0.000000
-0.274601,1.554665,0.026461,0.967297,-0.968692,-0.521859,0.000000,0.000000,0.000000,0.000000,1.000000
2.096925,0.246446,2.542126,2.364274,-0.763531,-0.616434,0.000000,0.000000,0.000000,1.000000,0.000000
-2.182105,2.024327,1.009599,0.496720,0.393006,1.651225,0.000000,0.000000,0.000000,0.000000,1.000000
0.614111,-0.470727,-1.641032,0.511614,0.350102,-0.336287,0.000000,1.000000,0.000000,0.000000,0.000000
-1.501601,1.836818,-0.919885,0.859155,0.096735,0.661950,1.000000,0.000000,0.000000,0.000000,0.000000
-3.555961,3.632648,0.690982,-0.130437,-0.766263,1.166928,0.000000,0.000000,0.000000,0.000000,1.000000
1.552946,-0.881737,1.088823,1.160320,0.397816,0.048121,0.000000,0.000000,0.000000,1.000000,0.000000
4.873704,-3.151330,-1.694008,3.092168,1.190005,-1.259030,0.000000,1.000000,0.000000,0.000000,0.000000
0.688535,0.742216,1.707104,0.499273,-1.463319,-1.014470,0.000000,0.000000,0.000000,1.000000,0.000000
-2.096262,0.702912,-3.132622,-2.932578,-1.173931,-1.197780,0.000000,1.000000,0.000000,0.000000,0.000000
-1.344924,1.851246,0.448364,-0.438974,-1.355359,-0.438600,0.000000,0.000000,1.000000,0.000000,0.000000
-0.990001,1.758691,-0.969953,1.001221,-0.319044,0.093681,0.000000,0.000000,1.000000,0.000000,0.000000
-0.991657,1.214773,-1.322653,1.435428,0.885506,1.052802,1.000000,0.000000,0.000000,0.000000,0.000000
0.155064,-0.200054,1.088999,1.571182,1.621319,1.751497,0.000000,0.000000,0.000000,0.000000,1.000000
-2.005912,1.521134,-1.268927,1.281077,1.611649,2.105756,1.000000,0.000000,0.000000,0.000000,0.000000
-1.399205,-1.006339,-0.451996,-2.110029,1.240591,1.246414,0.000000,0.000000,0.000000,1.000000,0.000000
0.037421,1.031748,2.114743,0.631187,-0.903114,-0.135026,0.000000,0.000000,0.000000,0.000000,1.000000
0.373027,0.296287,-0.795596,-0.093044,-1.018667,-1.218280,0.000000,1.000000,0.000000,0.000000,0.000000
-2.190713,0.313586,-0.430513,-2.322287,0.148490,0.693070,0.000000,0.000000,0.000000,1.000000,0.000000
-0.854540,-1.747563,-0.970528,-1.223785,2.454002,1.983549,0.000000,0.000000,0.000000,1.000000,0.000000
-0.941107,2.684963,0.413399,0.846302,-1.853744,-0.858657,0.000000,1.000000,0.000000,0.000000,0.000000
-0.882098,0.330098,-1.076969,-0.736515,-0.060382,-0.018083,0.000000,0.000000,0.000000,1.000000,0.000000
1.169167,-0.602738,-2.325364,1.895668,1.141900,0.080202,0.000000,0.000000,0.000000,1.000000,0.000000
-0.751725,2.510813,1.567641,-0.075532,-2.715546,-1.491760,0.000000,0.000000,0.000000,0.000000,1.000000
-0.848997,0.429878,-1.010786,0.321372,0.772024,0.814410,1.000000,0.000000,0.000000,0.000000,0.000000
2.974034,-0.489210,1.597610,4.607618,1.309759,0.756548,0.000000,0.000000,0.000000,1.000000,0.000000
0.381508,0.869029,-0.142656,0.140894,-1.625096,-1.520976,0.000000,1.000000,0.000000,0.000000,0.000000
0.358496,3.311857,2.759418,1.312686,-3.964979,-2.528851,0.000000,0.000000,0.000000,0.000000,1.000000
-3.379146,3.873068,0.791655,-0.541729,-1.739970,0.255851,0.000000,0.000000,0.000000,0.000000,1.000000
0.655374,-2.087819,-1.370767,-1.394809,0.813133,-0.179324,1.000000,0.000000,0.000000,0.000000,0.000000
0.101644,2.375283,1.539881,0.930472,-2.659613,-1.703385,0.000000,0.000000,0.000000,0.000000,1.000000
1.724664,-1.051980,-0.246259,-0.390123,-1.094796,-1.807564,1.000000,0.000000,0.000000,0.000000,0.000000
-0.135099,-1.651830,-1.891540,-1.284785,1.304903,0.471980,1.000000,0.000000,0.000000,0.000000,0.000000
-0.864181,1.825274,-0.824374,0.821933,-0.749636,-0.305404,0.000000,0.000000,1.000000,0.000000,0.000000
-1.983217,-0.381182,-1.378472,-1.719059,1.452873,1.511911,0.000000,0.000000,0.000000,1.000000,0.000000
0.511816,-2.331823,-1.624806,-0.087036,2.609927,1.478470,0.000000,0.000000,0.000000,1.000000,0.000000
-1.086279,2.203860,-0.489594,-0.503517,-2.282068,-1.560673,0.000000,0.000000,1.000000,0.000000,0.000000
1.737455,-0.218248,-1.256620,0.880649,-1.115318,-1.903672,1.000000,0.000000,0.000000,0.000000,0.000000
1.408180,-1.364524,-0.027825,1.340562,1.441954,0.713965,0.000000,0.000000,0.000000,1.000000,0.000000
0.206713,-0.891954,-0.711256,2.333930,3.263361,2.726863,0.000000,0.000000,0.000000,0.000000,1.000000
0.107521,1.067021,-0.690411,0.025139,-1.677262,-1.591454,0.000000,0.000000,1.000000,0.000000,0.000000
1.066734,-0.697669,0.815732,0.448959,0.072681,-0.163407,0.000000,0.000000,0.000000,0.000000,1.000000
-0.777307,2.078931,1.182141,-0.628014,-2.593835,-1.555716,0.000000,0.000000,1.000000,0.000000,0.000000
-1.094507,1.502638,0.402992,0.375243,-0.390924,0.339123,0.000000,0.000000,1.000000,0.000000,0.000000
0.887574,-0.576555,-1.047726,0.524215,0.170467,-0.458383,0.000000,1.000000,0.000000,0.000000,0.000000
-0.463913,0.734035,0.002758,-0.771551,-1.206269,-0.881812,0.000000,1.000000,0.000000,0.000000,0.000000
3.062887,-1.743759,-1.431298,1.827724,0.286459,-1.277210,0.000000,1.000000,0.000000,0.000000,0.000000
-0.975255,1.712145,-0.547420,-0.434618,-1.646813,-1.096941,0.000000,1.000000,0.000000,0.000000,0.000000
-1.141386,-0.926798,-2.077827,-1.924361,0.940949,0.500358,1.000000,0.000000,0.000000,0.000000,0.000000
2.681303,2.301205,3.867700,3.190367,-3.689542,-2.828852,0.000000,0.000000,0.000000,0.000000,1.000000
-2.156599,2.557685,-0.280909,-1.187990,-2.060084,-0.930623,0.000000,0.000000,1.000000,0.000000,0.000000
3.174711,-1.534014,-1.399471,1.755364,-0.232794,-1.755768,0.000000,1.000000,0.000000,0.000000,0.000000
-0.503953,1.265435,0.559762,0.195859,-0.984496,-0.404637,0.000000,1.000000,0.000000,0.000000,0.000000
-0.002337,1.338334,1.467955,0.708638,-1.233148,-0.538187,0.000000,0.000000,0.000000,0.000000,1.000000
0.226316,-0.339563,-2.533848,1.094670,1.210412,0.404609,0.000000,0.000000,0.000000,1.000000,0.000000
1.769846,-1.918996,-0.873536,0.515856,0.968022,-0.169964,0.000000,0.000000,0.000000,1.000000,0.000000
0.410594,2.702117,0.777467,1.569114,-2.933792,-2.170917,0.000000,1.000000,0.000000,0.000000,0.000000
-3.242821,-0.093729,-1.550933,-3.053694,1.384490,1.803583,0.000000,1.000000,0.000000,0.000000,0.000000
-0.163766,-1.014071,-0.393334,-2.150185,-0.392437,-0.649678,1.000000,0.000000,0.000000,0.000000,0.000000
-0.980857,0.109175,-1.464168,-1.589606,-0.439598,-0.501189,0.000000,1.000000,0.000000,0.000000,0.000000
-1.125739,-1.640485,0.046719,-2.527652,1.412229,1.326806,0.000000,0.000000,0.000000,1.000000,0.000000
-1.542135,0.749110,0.585167,1.222998,2.105606,2.753709,0.000000,0.000000,0.000000,0.000000,1.000000
-2.654100,0.500405,-2.304325,-3.207457,-0.405082,-0.142712,0.000000,1.000000,0.000000,0.000000,0.000000
-0.663117,-1.884393,-0.175910,0.173767,3.763894,3.364923,0.000000,0.000000,0.000000,1.000000,0.000000
-0.687377,0.939837,-2.894883,-0.801952,-1.293316,-1.582414,1.000000,0.000000,0.000000,0.000000,0.000000
-0.006018,0.869394,-0.792037,0.896778,-0.404478,-0.399766,0.000000,0.000000,0.000000,0.000000,1.000000
3.400485,-1.054566,-0.489032,1.447320,-1.504079,-2.714706,1.000000,0.000000,0.000000,0.000000,0.000000
1.955799,-2.468354,-1.138782,2.660528,3.586004,2.123734,0.000000,0.000000,0.000000,1.000000,0.000000
-0.352259,-1.446513,-0.319148,-1.546481,1.063742,0.732699,0.000000,0.000000,0.000000,1.000000,0.000000
-3.120692,1.521773,0.355493,-2.841939,-0.884372,0.400441,0.000000,0.000000,0.000000,1.000000,0.000000
-2.145326,2.379560,1.694171,-1.668745,-2.245527,-0.659517,0.000000,0.000000,0.000000,0.000000,1.000000
0.647570,-1.307627,-1.059341,-1.668083,-0.567960,-1.266019,1.000000,0.000000,0.000000,0.000000,0.000000
-2.629006,2.044002,-4.246527,-2.958722,-2.473317,-2.298775,0.000000,1.000000,0.000000,0.000000,0.000000
-1.710697,2.072094,1.776614,0.321333,-0.445301,0.916072,0.000000,0.000000,0.000000,0.000000,1.000000
-0.099762,-1.056494,-1.532514,0.100246,1.734779,1.094202,0.000000,0.000000,0.000000,1.000000,0.000000
-0.155230,3.574250,2.373334,0.848728,-4.131664,-2.591350,0.000000,0.000000,0.000000,0.000000,1.000000
-0.419807,-0.188145,0.018223,-0.371380,0.461699,0.522971,1.000000,0.000000,0.000000,0.000000,0.000000
-0.579369,2.855222,-1.432497,1.893997,-1.593498,-1.127506,1.000000,0.000000,0.000000,0.000000,0.000000
-1.447579,-0.057000,0.501367,-1.810389,0.229502,0.723718,0.000000,0.000000,0.000000,0.000000,1.000000
1.496690,-0.407126,-0.437998,0.496564,-0.883975,-1.452335,0.000000,1.000000,0.000000,0.000000,0.000000
0.188452,1.051172,0.883276,0.649120,-1.131452,-0.698274,0.000000,0.000000,0.000000,0.000000,1.000000
1.180393,0.516226,-0.097448,1.627378,-0.718536,-0.925123,0.000000,0.000000,0.000000,0.000000,1.000000
-3.229567,0.587288,-3.039655,-3.750176,-0.318384,-0.068427,0.000000,1.000000,0.000000,0.000000,0.000000
1.974921,0.448937,-4.541371,4.237589,0.785107,-0.807224,0.000000,0.000000,1.000000,0.000000,0.000000
3.128291,-1.269387,1.479066,0.084223,-2.117839,-2.790373,0.000000,0.000000,1.000000,0.000000,0.000000
-0.825094,0.174612,-1.126343,-0.697091,0.128482,0.103332,0.000000,0.000000,0.000000,1.000000,0.000000
-1.400161,0.107778,0.685522,1.354114,2.980580,3.447849,0.000000,0.000000,0.000000,0.000000,1.000000
-0.536673,0.741825,-1.028267,-0.391725,-0.774593,-0.700294,0.000000,0.000000,0.000000,1.000000,0.000000
-0.221787,-0.780747,-0.495276,-1.179233,0.277860,0.037614,0.000000,0.000000,0.000000,1.000000,0.000000
2.264178,-0.061449,0.478290,2.440819,-0.495245,-0.981736,0.000000,0.000000,0.000000,0.000000,1.000000
-0.599780,-1.619665,-1.735745,-0.511569,2.610092,1.902692,0.000000,0.000000,0.000000,1.000000,0.000000
-3.337836,2.063440,0.384739,0.642805,1.969204,3.336877,0.000000,0.000000,0.000000,0.000000,1.000000
-1.714361,1.322231,-0.922332,0.166113,0.453090,0.952474,1.000000,0.000000,0.000000,0.000000,0.000000
-0.087814,-2.160741,-1.128145,-0.960059,2.308513,1.509062,0.000000,0.000000,0.000000,1.000000,0.000000
4.084428,-2.620019,-2.560193,2.827009,1.174387,-1.163381,0.000000,1.000000,0.000000,0.000000,0.000000
-3.269679,3.030490,3.020661,-0.515931,-0.595577,1.705243,0.000000,0.000000,0.000000,0.000000,1.000000
2.630139,-2.417193,0.345037,-0.500268,-0.385295,-1.511518,1.000000,0.000000,0.000000,0.000000,0.000000
-2.656095,1.914939,-1.028570,0.518429,1.154432,1.983469,1.000000,0.000000,0.000000,0.000000,0.000000
1.651787,-1.630452,0.151042,-1.165593,-0.900151,-1.625043,0.000000,0.000000,1.000000,0.000000,0.000000
-1.135589,1.020398,-1.971470,-1.634555,-1.613929,-1.524339,0.000000,0.000000,1.000000,0.000000,0.000000
-0.462600,-0.950425,0.068483,-1.678603,0.365956,0.291391,0.000000,0.000000,0.000000,1.000000,0.000000
-1.507756,2.326241,-2.800363,1.185588,-0.323721,-0.105285,0.000000,0.000000,1.000000,0.000000,0.000000
-1.179676,2.017523,2.699313,-1.275619,-2.579478,-1.069304,0.000000,0.000000,1.000000,0.000000,0.000000
0.348130,-2.416073,-3.556963,0.325798,3.309972,1.699685,0.000000,0.000000,0.000000,1.000000,0.000000
0.519185,0.441128,2.657899,1.097784,-0.212882,0.410307,0.000000,0.000000,0.000000,0.000000,1.000000
2.170057,0.113135,1.741489,2.126491,-0.907748,-1.003034,0.000000,0.000000,0.000000,0.000000,1.000000
-0.908203,-1.069651,-0.988392,-1.217273,1.545062,1.261198,0.000000,0.000000,0.000000,1.000000,0.000000
0.281958,2.281906,-4.680371,3.228644,-0.650284,-1.379419,0.000000,0.000000,1.000000,0.000000,0.000000
4.043742,-3.061145,-3.106092,3.100325,2.122074,-0.467776,0.000000,1.000000,0.000000,0.000000,0.000000
0.092490,-1.587879,0.952053,-0.751691,1.478174,1.299010,0.000000,0.000000,0.000000,1.000000,0.000000
-2.294899,-2.178859,-0.108168,-3.297458,2.970281,2.991843,0.000000,0.000000,0.000000,0.000000,1.000000
-0.321388,2.112718,-0.898853,1.311971,-1.402134,-1.038409,1.000000,0.000000,0.000000,0.000000,0.000000
4.869917,0.256532,0.986335,5.483458,-1.405441,-2.367373,0.000000,0.000000,0.000000,0.000000,1.000000
-0.378099,2.752626,0.997142,0.787928,-2.730451,-1.696866,0.000000,0.000000,0.000000,0.000000,1.000000
0.971161,-0.536741,-0.944621,0.485245,-0.031848,-0.642022,0.000000,1.000000,0.000000,0.000000,0.000000
0.625571,0.543793,2.209604,1.374314,-0.241564,0.264446,0.000000,0.000000,0.000000,1.000000,0.000000
-0.061649,0.994296,1.020423,0.255214,-1.100788,-0.579411,0.000000,0.000000,0.000000,1.000000,0.000000
1.382036,0.198866,-0.902195,-0.676092,-2.752855,-3.211386,0.000000,0.000000,1.000000,0.000000,0.000000
-0.119932,2.184302,-0.943198,0.262326,-2.780159,-2.418651,0.000000,1.000000,0.000000,0.000000,0.000000
3.809199,-2.702692,-2.032916,2.618769,1.460737,-0.699402,0.000000,1.000000,0.000000,0.000000,0.000000
0.278704,-2.260953,-1.401995,-0.343342,2.566979,1.570351,0.000000,0.000000,0.000000,1.000000,0.000000
-1.890162,1.694292,-0.856675,-0.932117,-0.915738,-0.225659,0.000000,1.000000,0.000000,0.000000,0.000000
-0.118890,-0.626987,-1.095608,-1.777952,-0.666383,-1.018046,1.000000,0.000000,0.000000,0.000000,0.000000
2.327123,1.004070,1.341172,2.635640,-1.922383,-1.933676,0.000000,0.000000,0.000000,0.000000,1.000000
-0.803975,-1.350377,-2.438221,-1.533388,1.487992,0.757318,1.000000,0.000000,0.000000,0.000000,0.000000
-0.392799,0.736178,-0.025739,-0.939575,-1.464233,-1.156614,0.000000,0.000000,1.000000,0.000000,0.000000
-2.703992,2.717110,0.591975,-1.089017,-1.469577,0.038033,0.000000,0.000000,1.000000,0.000000,0.000000
1.126372,-0.090396,0.562766,1.595841,0.213728,0.023772,0.000000,0.000000,0.000000,0.000000,1.000000
-1.289658,2.001538,1.456263,-1.350475,-2.506559,-1.281931,0.000000,0.000000,1.000000,0.000000,0.000000
1.780839,0.519123,-2.146451,1.922546,-1.254119,-2.112846,0.000000,0.000000,1.000000,0.000000,0.000000
-1.277505,2.028976,-1.622249,-1.347766,-2.612107,-2.146988,0.000000,1.000000,0.000000,0.000000,0.000000
0.344179,-0.757113,-2.096437,-0.474112,0.159612,-0.622106,1.000000,0.000000,0.000000,0.000000,0.000000
2.559031,0.189320,1.249781,2.660509,-1.018101,-1.320269,0.000000,0.000000,0.000000,0.000000,1.000000
-0.405038,0.692721,1.249062,1.089840,0.591853,1.139367,0.000000,0.000000,0.000000,0.000000,1.000000
-1.228136,-0.299220,1.152030,-2.781602,-0.628680,-0.053815,0.000000,0.000000,1.000000,0.000000,0.000000
-0.845119,1.550451,-1.173815,0.295721,-0.888188,-0.590039,0.000000,0.000000,1.000000,0.000000,0.000000
0.159786,-0.915341,0.674549,-0.162789,0.976438,0.871469,0.000000,0.000000,0.000000,0.000000,1.000000
0.973344,0.574968,-0.097154,-0.113781,-2.212187,-2.298672,0.000000,0.000000,1.000000,0.000000,0.000000
-1.665288,1.137121,-1.412620,1.748149,2.174060,2.439059,1.000000,0.000000,0.000000,0.000000,0.000000
0.880195,-0.266561,1.252512,1.772043,0.971275,0.955212,0.000000,0.000000,0.000000,1.000000,0.000000
0.602635,-0.659378,-1.021135,1.438188,1.542358,0.931587,1.000000,0.000000,0.000000,0.000000,0.000000
-0.244378,0.479806,-1.406403,1.334736,0.882866,0.670946,1.000000,0.000000,0.000000,0.000000,0.000000
-1.678222,1.007000,-0.188269,-0.397427,0.333536,0.942448,1.000000,0.000000,0.000000,0.000000,0.000000
2.689414,-0.499512,-2.138180,1.514627,-1.348910,-2.664911,0.000000,0.000000,1.000000,0.000000,0.000000
0.279195,1.175675,0.321609,-0.072783,-2.135419,-1.804963,0.000000,0.000000,1.000000,0.000000,0.000000
1.787898,0.302372,-0.639633,0.161697,-2.619313,-3.104249,1.000000,0.000000,0.000000,0.000000,0.000000
-1.402817,-1.600352,-2.624334,-2.702967,1.499783,0.830089,1.000000,0.000000,0.000000,0.000000,0.000000
-3.322407,1.349845,2.047282,-3.780866,-1.248119,0.487608,0.000000,0.000000,1.000000,0.000000,0.000000
-0.123525,-1.158895,-1.478052,-0.239306,1.588198,0.950721,0.000000,0.000000,0.000000,1.000000,0.000000
2.967802,-2.228730,-0.718380,2.645454,1.914573,0.393643,0.000000,0.000000,0.000000,0.000000,1.000000
1.521552,-0.384644,-0.138347,0.262824,-1.169054,-1.654886,0.000000,0.000000,1.000000,0.000000,0.000000
-0.810034,-0.300487,-1.637865,0.016345,1.477657,1.172796,0.000000,0.000000,0.000000,1.000000,0.000000
-1.754308,2.475699,-2.304373,0.876236,-0.509795,-0.063181,0.000000,0.000000,1.000000,0.000000,0.000000
-0.357931,0.300762,-0.979938,-0.362588,-0.337472,-0.408814,0.000000,0.000000,0.000000,1.000000,0.000000
-1.353700,2.600514,-1.135223,-0.937573,-2.939684,-2.199223,0.000000,1.000000,0.000000,0.000000,0.000000
0.249584,1.595767,0.252855,1.078985,-1.598577,-1.205917,0.000000,0.000000,0.000000,0.000000,1.000000
-0.470469,-1.690590,-0.176267,0.217999,3.274479,2.881996,0.000000,0.000000,0.000000,1.000000,0.000000
3.056206,-1.513492,2.018372,1.898874,0.088055,-0.559565,0.000000,0.000000,0.000000,0.000000,1.000000
-1.067563,0.811868,-1.593783,-1.726198,-1.481349,-1.365350,0.000000,1.000000,0.000000,0.000000,0.000000
-1.502511,1.508607,-3.092419,-1.114745,-1.364212,-1.358828,1.000000,0.000000,0.000000,0.000000,0.000000
1.519936,-0.233233,-0.786503,0.528756,-1.141716,-1.756875,0.000000,1.000000,0.000000,0.000000,0.000000
-1.211336,0.495572,-1.915329,-0.248514,0.583288,0.518804,0.000000,0.000000,0.000000,1.000000,0.000000
-0.123791,1.341787,-0.456760,0.504243,-1.309978,-1.057689,0.000000,0.000000,1.000000,0.000000,0.000000
3.639717,-2.374372,-0.708668,2.078406,0.706187,-0.982523,0.000000,1.000000,0.000000,0.000000,0.000000
-0.412497,-1.108451,-0.290370,-1.326834,0.863146,0.634788,0.000000,1.000000,0.000000,0.000000,0.000000
-0.955206,2.377211,-2.332657,-0.453462,-2.687517,-2.408709,0.000000,1.000000,0.000000,0.000000,0.000000
-3.369994,3.180854,2.323657,-2.048210,-2.171746,0.069466,0.000000,0.000000,1.000000,0.000000,0.000000
4.821877,-3.494367,-1.828195,3.254016,1.909326,-0.657476,0.000000,1.000000,0.000000,0.000000,0.000000
3.085658,-2.685373,0.389953,2.723062,2.518278,1.122663,0.000000,0.000000,0.000000,0.000000,1.000000
0.261918,-0.199203,-0.272300,-0.277386,-0.323149,-0.492835,0.000000,1.000000,0.000000,0.000000,0.000000
1.038888,-1.066766,-0.481942,-0.634516,-0.421021,-1.034317,1.000000,0.000000,0.000000,0.000000,0.000000
2.466457,-0.003995,1.048374,1.227831,-2.000715,-2.335419,0.000000,0.000000,1.000000,0.000000,0.000000
0.556549,-1.544776,-1.517883,-1.447577,0.099505,-0.761991,0.000000,0.000000,1.000000,0.000000,0.000000
-1.812279,1.929459,-0.185853,-0.325704,-0.762896,0.118131,0.000000,0.000000,1.000000,0.000000,0.000000
-0.653887,1.197282,-1.375159,1.437067,0.472359,0.546238,1.000000,0.000000,0.000000,0.000000,0.000000
0.586498,1.164094,-4.100426,3.628023,0.972040,0.009733,0.000000,0.000000,1.000000,0.000000,0.000000
-0.061894,0.165335,-0.933475,1.156658,0.938835,0.726179,1.000000,0.000000,0.000000,0.000000,0.000000
0.121626,1.060710,-0.320985,0.231127,-1.481671,-1.315891,0.000000,0.000000,1.000000,0.000000,0.000000
1.582728,0.090306,-0.832475,2.301896,0.014284,-0.599985,0.000000,0.000000,1.000000,0.000000,0.000000
2.534865,-0.753832,2.049408,1.496569,-0.724511,-1.033329,0.000000,0.000000,0.000000,0.000000,1.000000
-1.637474,0.572072,-3.259104,-0.902071,0.373713,0.113309,1.000000,0.000000,0.000000,0.000000,0.000000
-0.472241,1.229595,0.431562,-1.088808,-2.213617,-1.639293,0.000000,1.000000,0.000000,0.000000,0.000000
-0.306559,0.905277,0.509077,-0.158814,-1.060632,-0.620972,0.000000,1.000000,0.000000,0.000000,0.000000
2.147798,-3.704844,0.679880,0.945532,3.511020,2.187366,0.000000,0.000000,0.000000,1.000000,0.000000
1.096787,-1.383089,0.048887,-1.531914,-0.892418,-1.440646,1.000000,0.000000,0.000000,0.000000,0.000000
-1.971832,-0.572913,-2.237528,-2.973922,0.492875,0.327363,1.000000,0.000000,0.000000,0.000000,0.000000
-0.318145,1.605161,-1.373764,0.531084,-1.429577,-1.292554,0.000000,0.000000,1.000000,0.000000,0.000000
0.908302,-0.178347,2.329735,1.205276,0.278888,0.566073,0.000000,0.000000,0.000000,1.000000,0.000000
-0.816579,-1.257103,-0.772139,-1.357703,1.566580,1.270974,0.000000,0.000000,0.000000,1.000000,0.000000
0.789575,-2.627778,1.289414,-1.994402,0.890595,0.405456,1.000000,0.000000,0.000000,0.000000,0.000000
3.612794,-1.748529,-1.699739,2.086301,-0.177157,-1.940588,0.000000,1.000000,0.000000,0.000000,0.000000
-0.832598,1.489185,0.828660,-0.375523,-1.428063,-0.629598,0.000000,0.000000,1.000000,0.000000,0.000000
-1.114135,-0.911273,-1.158753,-2.032626,0.794322,0.583412,0.000000,1.000000,0.000000,0.000000,0.000000
-0.961908,0.683663,0.116769,-0.955472,-0.660768,-0.203575,0.000000,1.000000,0.000000,0.000000,0.000000
-2.492893,1.351435,-1.403323,-1.658562,-0.343170,0.279954,0.000000,1.000000,0.000000,0.000000,0.000000
1.314577,-0.262329,1.698317,2.426640,1.038550,1.015031,0.000000,0.000000,0.000000,1.000000,0.000000
1.949986,-0.857620,-0.555236,-0.519306,-1.799855,-2.584111,1.000000,0.000000,0.000000,0.000000,0.000000
3.982234,-1.955907,-1.012678,4.093053,1.588835,-0.208680,0.000000,0.000000,0.000000,0.000000,1.000000
1.636505,-1.250377,-0.478171,-0.966544,-1.251301,-2.035075,1.000000,0.000000,0.000000,0.000000,0.000000
-2.759601,3.332766,0.814617,-0.849416,-2.056879,-0.326795,0.000000,0.000000,1.000000,0.000000,0.000000
-0.967870,0.213386,-0.320838,-1.484472,-0.487065,-0.243802,0.000000,0.000000,0.000000,1.000000,0.000000
0.586624,-1.742495,-0.752010,-1.679957,0.136757,-0.585940,1.000000,0.000000,0.000000,0.000000,0.000000
1.272697,-0.957563,-1.086241,-0.239551,-0.513452,-1.313423,1.000000,0.000000,0.000000,0.000000,0.000000
0.420409,1.420894,0.410921,0.578768,-2.045964,-1.681909,0.000000,1.000000,0.000000,0.000000,0.000000
1.286591,0.699264,-0.558773,0.420462,-2.293216,-2.549433,0.000000,1.000000,0.000000,0.000000,0.000000
-0.047684,1.450078,-0.533657,-0.014205,-2.067072,-1.805000,0.000000,1.000000,0.000000,0.000000,0.000000
0.689541,0.397913,-0.137417,-0.190208,-1.660272,-1.737392,0.000000,1.000000,0.000000,0.000000,0.000000
-0.550430,0.534509,-0.093496,0.512306,0.431390,0.655774,0.000000,0.000000,0.000000,1.000000,0.000000
0.172279,-0.144209,0.968211,1.581320,1.525523,1.636293,0.000000,0.000000,0.000000,0.000000,1.000000
0.198013,1.496026,1.025138,0.335733,-2.089578,-1.495283,0.000000,0.000000,1.000000,0.000000,0.000000
-2.276873,1.475220,-2.870246,-2.481578,-1.621865,-1.351002,0.000000,1.000000,0.000000,0.000000,0.000000
0.618462,0.443533,0.992172,-0.320069,-1.739961,-1.504444,0.000000,0.000000,1.000000,0.000000,0.000000
0.497710,1.132268,2.083689,1.816718,-0.505975,0.138256,0.000000,1.000000,0.000000,0.000000,0.000000
-2.566633,-0.478700,-1.706942,-3.378747,0.748515,0.886404,1.000000,0.000000,0.000000,0.000000,0.000000
-3.751435,0.261462,-0.308521,-4.195798,0.450755,1.424164,0.000000,0.000000,1.000000,0.000000,0.000000
0.085347,-0.753406,-0.581382,-0.037665,0.937162,0.575847,0.000000,0.000000,0.000000,0.000000,1.000000
-0.012264,-2.145938,-0.724067,-0.951584,2.203822,1.491342,0.000000,0.000000,0.000000,1.000000,0.000000
1.511555,0.865803,0.468275,1.293921,-1.968586,-2.005476,0.000000,1.000000,0.000000,0.000000,0.000000
-2.245192,1.675250,0.334396,-1.478543,-0.932556,0.145869,0.000000,0.000000,1.000000,0.000000,0.000000
0.799758,-1.438644,-1.823265,1.019187,2.000553,0.954518,0.000000,1.000000,0.000000,0.000000,0.000000
-1.065370,2.347184,-0.542252,1.765017,-0.332644,0.333200,0.000000,0.000000,1.000000,0.000000,0.000000
-0.650005,-0.698973,-0.757166,0.645865,2.469922,2.221395,0.000000,0.000000,0.000000,1.000000,0.000000
2.573537,-1.200816,-0.017223,1.085645,-0.556701,-1.491485,0.000000,1.000000,0.000000,0.000000,0.000000
-0.102534,-0.090853,1.237460,-0.457458,-0.154349,0.166960,0.000000,0.000000,0.000000,1.000000,0.000000
-0.197127,1.202326,-0.630314,0.429671,-1.086848,-0.895569,1.000000,0.000000,0.000000,0.000000,0.000000
-1.846904,0.584695,-3.187867,-1.656196,-0.097651,-0.264937,1.000000,0.000000,0.000000,0.000000,0.000000
0.385271,1.586077,-1.124240,1.796171,-1.093437,-1.099413,0.000000,0.000000,1.000000,0.000000,0.000000
-1.981957,3.598969,1.767663,-0.282006,-2.891858,-1.048134,0.000000,0.000000,0.000000,0.000000,1.000000
0.626136,0.937210,-1.114944,0.671657,-1.547446,-1.739120,0.000000,0.000000,0.000000,1.000000,0.000000
1.190672,0.440383,0.703030,3.740766,1.428127,1.327319,0.000000,0.000000,0.000000,1.000000,0.000000
0.984240,2.310330,2.025514,1.691271,-2.971698,-2.135341,0.000000,0.000000,0.000000,0.000000,1.000000
0.049814,-0.623686,-0.643287,-0.995893,-0.129346,-0.431797,1.000000,0.000000,0.000000,0.000000,0.000000
-1.105153,1.895401,0.068372,-0.462127,-1.760082,-0.978918,0.000000,0.000000,1.000000,0.000000,0.000000
-1.293043,-0.676577,1.023854,-3.605392,-0.792042,-0.306710,0.000000,0.000000,1.000000,0.000000,0.000000
1.940247,-1.801822,-1.304132,1.410131,1.430508,0.148612,0.000000,1.000000,0.000000,0.000000,0.000000
0.154766,0.210085,-0.927980,1.260811,0.692532,0.441032,1.000000,0.000000,0.000000,0.000000,0.000000
0.736579,0.301275,2.637281,0.648156,-0.726003,-0.178629,0.000000,0.000000,0.000000,1.000000,0.000000
-1.202608,-0.141396,-2.805134,-2.047545,-0.251353,-0.646969,1.000000,0.000000,0.000000,0.000000,0.000000
1.413427,-1.458330,-1.049575,-0.596127,-0.312004,-1.254905,1.000000,0.000000,0.000000,0.000000,0.000000
4.440068,-1.702016,-0.681917,2.076539,-1.312557,-2.996217,0.000000,1.000000,0.000000,0.000000,0.000000
0.962848,1.013311,-0.925591,2.202993,-0.617202,-0.868332,0.000000,0.000000,1.000000,0.000000,0.000000
-1.598129,-0.672768,-1.106036,-1.571951,1.522024,1.480362,0.000000,0.000000,0.000000,1.000000,0.000000
-0.855197,0.935334,0.223868,-1.048790,-1.253180,-0.723684,0.000000,1.000000,0.000000,0.000000,0.000000
-0.666158,1.599519,-0.077175,-0.050934,-1.507478,-0.952768,0.000000,0.000000,1.000000,0.000000,0.000000
0.971566,0.379302,-0.308639,0.029739,-1.790989,-1.986071,0.000000,0.000000,1.000000,0.000000,0.000000
3.561491,-2.138538,0.753553,0.361502,-1.163919,-2.352611,1.000000,0.000000,0.000000,0.000000,0.000000
-0.713194,0.547985,-0.657449,0.823059,0.913264,1.027377,1.000000,0.000000,0.000000,0.000000,0.000000
1.360728,-1.540965,-1.615290,-0.955757,-0.479588,-1.560910,1.000000,0.000000,0.000000,0.000000,0.000000
0.489446,1.114687,1.696558,1.405452,-0.872541,-0.313452,0.000000,1.000000,0.000000,0.000000,0.000000
2.801980,-1.450989,3.692046,3.690472,2.082579,1.864023,0.000000,0.000000,0.000000,1.000000,0.000000
-2.053098,2.899697,-2.551935,3.675280,1.955490,2.426344,1.000000,0.000000,0.000000,0.000000,0.000000
1.445698,0.510152,-3.150127,3.110304,0.322000,-0.752672,0.000000,0.000000,1.000000,0.000000,0.000000
-0.724858,-0.857463,-1.243594,-0.743727,1.450330,1.102335,0.000000,0.000000,0.000000,1.000000,0.000000
0.667733,-1.695890,-0.257324,0.243948,1.825673,1.155687,0.000000,0.000000,0.000000,1.000000,0.000000
0.058439,-0.532983,-1.860257,-1.471527,-0.751331,-1.317865,0.000000,1.000000,0.000000,0.000000,0.000000
2.006367,-1.623184,-0.003846,-0.103563,-0.351198,-1.227516,1.000000,0.000000,0.000000,0.000000,0.000000
0.568185,0.402166,0.601684,1.520857,0.152550,0.230080,0.000000,0.000000,0.000000,0.000000,1.000000
2.204890,-2.199335,-0.332650,0.507272,0.810445,-0.364654,1.000000,0.000000,0.000000,0.000000,0.000000
-2.323878,0.185650,-1.526142,-2.605225,0.216200,0.494362,0.000000,1.000000,0.000000,0.000000,0.000000
-0.109771,1.816760,2.526089,0.064098,-2.391332,-1.261729,0.000000,0.000000,0.000000,0.000000,1.000000
3.257371,-0.882729,-0.957116,1.427173,-1.594966,-2.843574,0.000000,1.000000,0.000000,0.000000,0.000000
-1.823723,0.317818,2.503229,-3.235264,-1.164500,0.057423,0.000000,0.000000,1.000000,0.000000,0.000000
0.033769,2.078388,-1.451391,1.597284,-1.548644,-1.420235,0.000000,0.000000,1.000000,0.000000,0.000000
-0.781792,-2.310304,-1.555149,-1.128680,3.258465,2.474690,0.000000,0.000000,0.000000,1.000000,0.000000
1.080268,-0.156361,0.665864,-0.093338,-1.256239,-1.371359,0.000000,0.000000,1.000000,0.000000,0.000000
-0.700525,-1.016124,0.327780,-0.855642,1.568117,1.566403,1.000000,0.000000,0.000000,0.000000,0.000000
1.011095,-0.167329,1.513690,-0.864957,-1.879340,-1.745718,0.000000,0.000000,1.000000,0.000000,0.000000
-0.632965,0.745497,-0.383870,0.414208,0.132783,0.362658,1.000000,0.000000,0.000000,0.000000,0.000000
-0.535034,-0.000142,-1.070165,-1.276106,-0.551789,-0.654893,0.000000,1.000000,0.000000,0.000000,0.000000
-0.143439,0.144244,-0.619790,0.243528,0.201074,0.109429,1.000000,0.000000,0.000000,0.000000,0.000000
-0.253077,1.485414,-0.358781,0.070292,-1.766912,-1.408883,0.000000,1.000000,0.000000,0.000000,0.000000
-0.602462,-1.364408,1.180538,0.249390,3.025713,3.084696,0.000000,0.000000,0.000000,1.000000,0.000000
1.382260,-3.154213,-0.188720,-2.086109,0.770967,-0.349933,1.000000,0.000000,0.000000,0.000000,0.000000
-0.926083,-0.443769,0.347440,-1.108878,0.786413,0.999890,0.000000,0.000000,0.000000,0.000000,1.000000
-2.881316,1.959209,-1.060008,0.535943,1.399347,2.282184,1.000000,0.000000,0.000000,0.000000,0.000000
-0.833352,-0.879129,-2.548612,-1.824843,0.558995,-0.058187,1.000000,0.000000,0.000000,0.000000,0.000000
-1.213302,1.829616,1.043993,0.773717,-0.316537,0.672350,0.000000,0.000000,0.000000,0.000000,1.000000
-0.949613,-0.437178,-1.025952,-0.804126,1.077640,0.947153,0.000000,0.000000,0.000000,1.000000,0.000000
1.397322,-0.077148,0.130310,-0.232702,-1.927006,-2.220502,0.000000,0.000000,1.000000,0.000000,0.000000
0.182763,1.131616,2.422900,-0.437995,-2.262062,-1.388008,0.000000,0.000000,1.000000,0.000000,0.000000
-1.599281,1.029490,1.291006,0.913306,1.486309,2.406832,0.000000,0.000000,0.000000,0.000000,1.000000
1.059083,0.553995,-1.384826,1.661360,-0.604857,-1.094872,0.000000,0.000000,1.000000,0.000000,0.000000
1.461111,0.007620,0.968081,1.483286,-0.465472,-0.600211,0.000000,0.000000,0.000000,0.000000,1.000000
-0.264209,-0.032148,-2.037201,0.528161,0.864407,0.391966,0.000000,0.000000,0.000000,1.000000,0.000000
0.808949,0.216175,1.210530,-0.790422,-2.106879,-1.904282,0.000000,0.000000,1.000000,0.000000,0.000000
-0.537593,-0.948281,0.479335,0.465528,2.533205,2.506435,0.000000,0.000000,0.000000,1.000000,0.000000
0.980459,1.150611,1.861302,0.617622,-2.319489,-1.793794,0.000000,0.000000,1.000000,0.000000,0.000000
1.320430,1.473447,0.575718,2.134276,-1.791173,-1.625962,0.000000,0.000000,0.000000,0.000000,1.000000
2.221841,-0.017705,0.355264,2.485660,-0.462623,-0.960086,0.000000,0.000000,0.000000,0.000000,1.000000
2.549717,-0.742983,1.961473,-0.071771,-2.272153,-2.550928,1.000000,0.000000,0.000000,0.000000,0.000000
1.236580,-0.458037,-1.623654,0.467994,-0.519523,-1.336313,1.000000,0.000000,0.000000,0.000000,0.000000
1.756188,0.622637,1.104088,1.981477,-1.260209,-1.281374,0.000000,0.000000,0.000000,0.000000,1.000000
-0.819907,-0.470154,-0.059815,1.813416,3.495303,3.479446,0.000000,0.000000,0.000000,0.000000,1.000000
-1.366994,1.972523,-1.322794,1.164871,0.012257,0.472992,1.000000,0.000000,0.000000,0.000000,0.000000
0.299721,-0.106362,-2.421300,1.174832,0.855376,0.120024,0.000000,0.000000,0.000000,1.000000,0.000000
-0.242769,0.535718,0.651301,-1.023472,-1.437444,-1.045638,0.000000,0.000000,1.000000,0.000000,0.000000
-1.277632,-0.836327,-0.961310,-1.523341,1.392128,1.269683,0.000000,0.000000,0.000000,1.000000,0.000000
-2.158386,2.132396,1.352643,-1.622924,-1.831206,-0.393888,0.000000,0.000000,1.000000,0.000000,0.000000
3.312882,-2.596146,-1.463222,2.265099,1.620348,-0.247206,0.000000,1.000000,0.000000,0.000000,0.000000
-2.454117,1.545679,-3.323208,-2.835396,-1.842341,-1.613724,0.000000,1.000000,0.000000,0.000000,0.000000
0.953562,-1.046836,-0.716001,-1.230603,-0.917323,-1.544420,1.000000,0.000000,0.000000,0.000000,0.000000
-0.863148,1.726801,-1.291332,1.507244,0.044379,0.323606,0.000000,0.000000,1.000000,0.000000,0.000000
-2.126166,0.720557,-2.391665,-2.645481,-0.871424,-0.709612,0.000000,1.000000,0.000000,0.000000,0.000000
2.245947,-0.984726,1.123368,-0.510500,-1.962988,-2.430924,1.000000,0.000000,0.000000,0.000000,0.000000
1.241441,-2.572908,0.927206,0.689979,2.803465,2.052105,0.000000,0.000000,0.000000,1.000000,0.000000
-3.053463,2.252383,1.718203,-2.508829,-1.688849,0.101087,0.000000,0.000000,1.000000,0.000000,0.000000
-0.756333,1.353947,-1.487382,-1.241739,-2.204881,-2.005099,0.000000,1.000000,0.000000,0.000000,0.000000
4.372089,-1.866238,-1.428926,2.336132,-0.748244,-2.654116,0.000000,1.000000,0.000000,0.000000,0.000000
0.776323,-1.018589,-1.787628,0.855718,1.263991,0.348552,0.000000,0.000000,0.000000,1.000000,0.000000
-0.793411,-1.008718,-0.755376,-1.320136,1.212145,0.979915,0.000000,0.000000,0.000000,1.000000,0.000000
-2.705056,1.270607,-2.990886,-3.157550,-1.421191,-1.115828,0.000000,1.000000,0.000000,0.000000,0.000000
0.688917,-0.677239,0.217024,0.503846,0.576992,0.280587,0.000000,0.000000,0.000000,0.000000,1.000000
1.391176,-1.528534,-2.351561,1.489053,1.805739,0.456603,0.000000,0.000000,0.000000,1.000000,0.000000
0.947871,-0.630985,-2.039310,-1.334224,-1.636364,-2.477181,0.000000,1.000000,0.000000,0.000000,0.000000
0.170455,1.498884,-1.233557,1.337855,-1.130880,-1.123594,0.000000,0.000000,1.000000,0.000000,0.000000
-1.665984,1.945454,1.989991,-1.371743,-1.947109,-0.519799,0.000000,0.000000,1.000000,0.000000,0.000000
-1.370458,-0.064514,-0.041423,-0.419460,1.471009,1.764850,1.000000,0.000000,0.000000,0.000000,0.000000
0.118494,-2.026631,0.523730,0.335869,3.122205,2.678650,0.000000,0.000000,0.000000,1.000000,0.000000
0.193334,1.153767,-1.882141,1.072835,-0.925740,-1.166924,0.000000,0.000000,1.000000,0.000000,0.000000
1.668043,-1.305753,-0.385764,-0.160919,-0.434096,-1.243525,1.000000,0.000000,0.000000,0.000000,0.000000
-0.737210,1.001976,-0.440346,-0.618237,-1.099908,-0.758434,0.000000,1.000000,0.000000,0.000000,0.000000
-1.716465,-0.545870,-2.343248,-2.384363,0.687741,0.426234,1.000000,0.000000,0.000000,0.000000,0.000000
-0.450797,-0.625056,0.445887,2.044246,3.471336,3.449587,0.000000,0.000000,0.000000,0.000000,1.000000
0.673930,0.930144,-0.370771,0.532997,-1.720240,-1.735198,0.000000,0.000000,1.000000,0.000000,0.000000
-2.045698,2.330834,-1.955020,1.538361,0.723456,1.261690,1.000000,0.000000,0.000000,0.000000,0.000000
-0.671990,-0.178070,-1.772301,-0.043263,1.060604,0.725791,0.000000,1.000000,0.000000,0.000000,0.000000
-0.408729,3.280560,1.791582,0.549167,-3.673959,-2.288834,0.000000,0.000000,0.000000,0.000000,1.000000
-0.118758,3.408112,2.006633,1.006134,-3.792365,-2.400396,0.000000,0.000000,0.000000,0.000000,1.000000
-0.418490,1.200429,1.533873,0.862513,-0.342287,0.420720,0.000000,0.000000,0.000000,0.000000,1.000000
2.324665,-2.230279,-0.070292,-0.306191,-0.079648,-1.197529,1.000000,0.000000,0.000000,0.000000,0.000000
-1.496515,2.032475,-2.305451,-1.432949,-2.426111,-2.077675,0.000000,1.000000,0.000000,0.000000,0.000000
-0.525404,1.461312,-1.672172,2.295142,0.743442,0.755986,1.000000,0.000000,0.000000,0.000000,0.000000
3.818581,-1.998133,0.503078,3.281621,1.107032,-0.261749,0.000000,0.000000,0.000000,0.000000,1.000000
1.610628,-0.610605,0.384685,-0.950134,-2.116420,-2.511690,1.000000,0.000000,0.000000,0.000000,0.000000
-2.470481,2.264756,1.098853,0.275973,0.207614,1.623544,0.000000,0.000000,0.000000,0.000000,1.000000
1.363611,-0.282448,-1.233603,0.590397,-0.815178,-1.521314,0.000000,1.000000,0.000000,0.000000,0.000000
-1.627911,0.407757,-0.471352,0.038470,1.553687,1.908116,1.000000,0.000000,0.000000,0.000000,0.000000
2.974096,-2.417802,-2.017106,2.211064,1.740348,-0.139768,0.000000,1.000000,0.000000,0.000000,0.000000
0.076979,4.077658,2.477246,1.278409,-4.749085,-3.116289,0.000000,0.000000,0.000000,0.000000,1.000000
1.132907,-0.665237,-1.216759,0.669155,0.117016,-0.637050,0.000000,1.000000,0.000000,0.000000,0.000000
-1.321467,-1.794337,-1.222553,-1.639361,2.724439,2.297603,0.000000,0.000000,0.000000,1.000000,0.000000
3.336923,-1.892100,-1.128611,1.915464,0.235269,-1.356853,0.000000,1.000000,0.000000,0.000000,0.000000
-1.859646,1.297809,-1.237491,0.929795,1.407914,1.829719,1.000000,0.000000,0.000000,0.000000,0.000000
3.870697,-2.250147,-1.362377,2.298589,0.426374,-1.450835,0.000000,1.000000,0.000000,0.000000,0.000000
0.070767,-1.689662,-1.512960,-0.895131,1.474027,0.665905,1.000000,0.000000,0.000000,0.000000,0.000000
0.098750,1.424681,-0.463359,0.256250,-1.958826,-1.727869,0.000000,0.000000,1.000000,0.000000,0.000000
1.013190,-2.690156,-0.902426,0.843676,3.387476,2.197121,0.000000,0.000000,0.000000,1.000000,0.000000
0.252937,-1.053784,1.821479,1.138444,2.329675,2.408431,0.000000,0.000000,0.000000,1.000000,0.000000
-1.571347,2.889140,2.433260,-1.050280,-3.123632,-1.368789,0.000000,0.000000,0.000000,0.000000,1.000000
-0.573073,1.579670,1.091611,-0.041648,-1.570817,-0.752489,0.000000,0.000000,0.000000,0.000000,1.000000
-0.078479,1.144677,0.755247,-0.452116,-1.983359,-1.460662,0.000000,0.000000,1.000000,0.000000,0.000000
0.716247,0.564922,-1.976797,-0.143974,-1.924408,-2.421358,1.000000,0.000000,0.000000,0.000000,0.000000
1.593648,-1.155451,0.657042,2.269552,1.803830,1.228498,0.000000,0.000000,0.000000,1.000000,0.000000
-1.856191,1.949307,0.727097,0.656458,0.227241,1.317142,0.000000,0.000000,0.000000,0.000000,1.000000
1.671619,-0.914443,-0.603943,0.797348,-0.087585,-0.880484,0.000000,1.000000,0.000000,0.000000,0.000000
-3.777398,3.371000,2.037994,-2.261172,-2.128209,0.190804,0.000000,0.000000,1.000000,0.000000,0.000000
-1.782445,0.521291,-0.052732,-2.117629,-0.480496,0.114402,0.000000,0.000000,0.000000,1.000000,0.000000
1.028171,0.809133,-1.052759,1.665643,-0.925468,-1.258845,1.000000,0.000000,0.000000,0.000000,0.000000
2.847792,-1.947489,-1.268679,1.797314,0.835569,-0.692377,0.000000,1.000000,0.000000,0.000000,0.000000
-1.174610,-0.102655,-2.157397,-1.838626,-0.131698,-0.369579,1.000000,0.000000,0.000000,0.000000,0.000000
0.491554,2.628693,1.300852,1.594504,-2.899033,-2.044681,0.000000,0.000000,1.000000,0.000000,0.000000
-0.734226,-0.050746,-1.498098,-0.374323,0.642301,0.434187,0.000000,0.000000,0.000000,1.000000,0.000000
0.839713,-0.200429,-0.652204,0.230742,-0.589642,-1.000390,0.000000,1.000000,0.000000,0.000000,0.000000
0.369454,-0.465390,1.068788,0.476145,0.672542,0.716040,0.000000,0.000000,0.000000,1.000000,0.000000
-1.630514,1.859557,0.582514,0.166439,-0.410454,0.585606,0.000000,0.000000,1.000000,0.000000,0.000000
-0.789206,1.089654,-1.562989,1.808135,1.158978,1.175744,1.000000,0.000000,0.000000,0.000000,0.000000
0.287821,-0.729427,-0.680788,-0.497916,0.193894,-0.215778,0.000000,0.000000,0.000000,1.000000,0.000000
0.615072,-0.416600,-0.227961,0.730821,0.505532,0.176583,0.000000,0.000000,0.000000,0.000000,1.000000
0.887365,-1.079515,-1.102276,0.701942,1.071616,0.290385,0.000000,1.000000,0.000000,0.000000,0.000000
2.026885,0.272864,2.449388,1.208791,-1.825695,-1.640378,0.000000,0.000000,0.000000,0.000000,1.000000
1.261661,0.149550,-0.586108,0.672950,-1.219515,-1.630672,0.000000,0.000000,1.000000,0.000000,0.000000
-0.312938,-1.480820,-1.500791,-1.787343,0.810225,0.176104,1.000000,0.000000,0.000000,0.000000,0.000000
-0.155421,1.022821,-1.717341,1.888492,0.506669,0.322724,0.000000,0.000000,1.000000,0.000000,0.000000
-3.093092,2.250328,-3.544788,-2.938634,-2.138192,-1.631614,0.000000,1.000000,0.000000,0.000000,0.000000
-1.693443,4.270605,1.688420,0.839355,-3.163557,-1.264026,0.000000,0.000000,1.000000,0.000000,0.000000
0.367786,0.362104,1.496515,1.198843,0.176347,0.521005,0.000000,0.000000,0.000000,0.000000,1.000000
1.073253,0.162146,-0.142276,0.480020,-1.171120,-1.420141,1.000000,0.000000,0.000000,0.000000,0.000000
1.933318,0.514664,1.140584,2.079203,-1.238937,-1.322551,0.000000,0.000000,0.000000,0.000000,1.000000
-3.235844,3.072428,-1.470856,1.537187,1.201058,2.322290,1.000000,0.000000,0.000000,0.000000,0.000000
-3.155644,2.419685,-0.173572,0.613564,1.177127,2.460567,0.000000,0.000000,0.000000,0.000000,1.000000
-0.292569,0.881101,0.810018,-0.671031,-1.532088,-1.010186,0.000000,0.000000,1.000000,0.000000,0.000000
5.432737,-2.746269,-0.698146,2.863060,-0.329088,-2.541575,0.000000,1.000000,0.000000,0.000000,0.000000
-2.633126,3.495180,0.932509,-0.767107,-2.375946,-0.604767,0.000000,0.000000,1.000000,0.000000,0.000000
0.574636,-0.185437,1.181490,0.169333,-0.294607,-0.184887,0.000000,1.000000,0.000000,0.000000,0.000000
1.036233,0.224370,-1.451452,0.102670,-1.599260,-2.135822,1.000000,0.000000,0.000000,0.000000,0.000000
-0.118774,-1.964264,0.255675,-0.213100,2.806664,2.384575,0.000000,0.000000,0.000000,1.000000,0.000000
-0.757830,0.616646,0.896443,1.256230,1.315428,1.828852,0.000000,0.000000,0.000000,0.000000,1.000000
-0.798101,2.444513,1.211666,-0.168573,-2.654648,-1.523226,0.000000,0.000000,1.000000,0.000000,0.000000
-0.820958,-2.206530,-0.949634,-3.118082,1.252230,0.721303,0.000000,0.000000,0.000000,1.000000,0.000000
-1.191329,1.593935,-0.863693,-0.774263,-1.526760,-1.026858,0.000000,1.000000,0.000000,0.000000,0.000000
0.822163,-0.544247,-1.433707,2.520771,2.125668,1.357626,1.000000,0.000000,0.000000,0.000000,0.000000
1.755342,0.493359,0.724349,0.950977,-2.070675,-2.185679,0.000000,0.000000,1.000000,0.000000,0.000000
1.043979,-0.788934,1.649120,-0.914803,-1.064912,-1.067717,0.000000,0.000000,1.000000,0.000000,0.000000
2.198410,-0.616015,-0.849603,0.905512,-1.106080,-2.002734,0.000000,1.000000,0.000000,0.000000,0.000000
0.473889,1.527992,-0.248625,1.198541,-1.685179,-1.489147,0.000000,0.000000,1.000000,0.000000,0.000000
-2.005883,2.664246,-0.772672,-0.728379,-1.976418,-0.989937,0.000000,1.000000,0.000000,0.000000,0.000000
-0.282462,0.548492,-0.071131,-0.881982,-1.280378,-1.060293,0.000000,0.000000,1.000000,0.000000,0.000000
-0.139492,-0.752819,0.200232,0.668877,1.922759,1.782385,0.000000,0.000000,0.000000,1.000000,0.000000
-3.080483,3.423858,1.688768,-0.354303,-1.279976,0.746519,0.000000,0.000000,0.000000,0.000000,1.000000
1.363692,-1.793922,1.787250,1.706910,2.507446,2.114111,0.000000,0.000000,0.000000,1.000000,0.000000
0.520954,-1.982163,-0.451096,-1.629551,0.623978,-0.074366,1.000000,0.000000,0.000000,0.000000,0.000000
-0.808973,-0.980045,-1.815483,-0.568076,1.897253,1.387929,0.000000,0.000000,0.000000,1.000000,0.000000
-1.184167,0.241194,-1.905783,-2.123617,-0.889016,-0.961909,0.000000,1.000000,0.000000,0.000000,0.000000
0.653419,-0.516903,0.484150,-1.114436,-1.164371,-1.290153,0.000000,0.000000,1.000000,0.000000,0.000000
0.589909,0.910517,2.118911,0.965714,-1.123097,-0.521021,0.000000,0.000000,0.000000,0.000000,1.000000
0.189151,0.578953,1.896396,0.881651,-0.205129,0.346710,0.000000,0.000000,0.000000,0.000000,1.000000
1.755545,-0.842966,1.725784,0.225535,-0.811748,-1.007352,0.000000,0.000000,0.000000,1.000000,0.000000
-1.885686,-0.527449,-1.283129,-1.640430,1.615886,1.635432,0.000000,0.000000,0.000000,1.000000,0.000000
-0.899026,0.779171,-1.417424,-1.375671,-1.312285,-1.210637,0.000000,1.000000,0.000000,0.000000,0.000000
-0.120977,-0.107883,-1.613787,-1.346198,-1.010538,-1.367497,0.000000,1.000000,0.000000,0.000000,0.000000
-2.567253,0.889239,-2.403750,-2.654967,-0.552195,-0.249606,0.000000,1.000000,0.000000,0.000000,0.000000
-0.243336,-0.452271,2.867332,1.487564,2.455517,3.052411,0.000000,0.000000,0.000000,1.000000,0.000000
2.017256,-0.274236,2.386968,2.039328,-0.219345,-0.219699,0.000000,0.000000,0.000000,1.000000,0.000000
2.303661,-1.512241,-1.604292,1.512680,0.630981,-0.733727,0.000000,1.000000,0.000000,0.000000,0.000000
2.357146,-1.660863,4.191788,1.078371,0.457700,0.494531,0.000000,0.000000,0.000000,1.000000,0.000000
-2.519827,-0.421896,-2.247477,-3.300644,0.671170,0.676843,0.000000,1.000000,0.000000,0.000000,0.000000
2.331534,-1.494936,-1.059740,1.386621,0.457430,-0.769612,0.000000,1.000000,0.000000,0.000000,0.000000
0.580233,1.425611,-0.847610,2.947852,0.000461,-0.061413,0.000000,0.000000,1.000000,0.000000,0.000000
0.575615,0.856111,-0.402535,0.158619,-1.846103,-1.853988,0.000000,0.000000,1.000000,0.000000,0.000000
-1.289966,0.678962,-1.132739,0.819834,1.461839,1.622020,1.000000,0.000000,0.000000,0.000000,0.000000
-2.129608,3.581787,3.210607,-1.000853,-3.342884,-1.088550,0.000000,0.000000,1.000000,0.000000,0.000000
-0.232391,-0.791265,-0.139493,-0.295771,1.164195,0.982360,0.000000,0.000000,0.000000,0.000000,1.000000
1.939639,-1.046544,-0.496651,-0.121316,-1.127526,-1.958147,1.000000,0.000000,0.000000,0.000000,0.000000
-0.227532,1.076472,0.321354,-0.613984,-1.853817,-1.418012,0.000000,0.000000,1.000000,0.000000,0.000000
-0.147401,-0.979854,-1.685483,-1.416569,0.221373,-0.375620,1.000000,0.000000,0.000000,0.000000,0.000000
-1.982471,0.659196,-0.435876,1.454237,3.014207,3.476147,0.000000,0.000000,0.000000,0.000000,1.000000
0.015668,1.135119,1.031600,0.173586,-1.484340,-0.937569,0.000000,0.000000,0.000000,0.000000,1.000000
-0.372581,0.950182,-0.373401,-0.299775,-1.190865,-0.938824,0.000000,0.000000,1.000000,0.000000,0.000000
-1.774739,1.449107,-1.215293,1.209734,1.347830,1.786770,1.000000,0.000000,0.000000,0.000000,0.000000
-2.651010,0.251605,-1.188801,-2.193927,0.947833,1.386747,0.000000,0.000000,0.000000,1.000000,0.000000
0.427883,0.559044,-0.597038,1.014262,-0.401410,-0.531527,1.000000,0.000000,0.000000,0.000000,0.000000
1.980668,0.359687,-0.052515,0.242929,-2.864966,-3.234973,0.000000,1.000000,0.000000,0.000000,0.000000
0.779193,0.409175,1.845552,1.002304,-0.610431,-0.252372,0.000000,0.000000,0.000000,1.000000,0.000000
1.517068,-0.995171,-0.972571,1.690984,1.085372,0.184482,1.000000,0.000000,0.000000,0.000000,0.000000
0.843967,1.035968,-2.623389,2.746425,-0.000884,-0.658825,0.000000,0.000000,1.000000,0.000000,0.000000
1.187696,-0.698278,1.374026,1.715546,1.146123,0.979046,0.000000,0.000000,0.000000,0.000000,1.000000
-0.968666,1.546820,1.115838,0.883710,-0.116689,0.756764,0.000000,0.000000,0.000000,0.000000,1.000000
-0.058870,-1.828502,1.878317,-0.159708,2.610679,2.611937,0.000000,0.000000,0.000000,1.000000,0.000000
3.262045,-3.253508,0.300621,-0.467331,0.038727,-1.462341,1.000000,0.000000,0.000000,0.000000,0.000000
-0.163259,1.192832,-1.364512,1.095578,-0.488029,-0.511264,0.000000,0.000000,1.000000,0.000000,0.000000
3.026726,-2.283681,-1.944298,2.160238,1.429362,-0.407331,0.000000,1.000000,0.000000,0.000000,0.000000
0.380420,-2.290404,-0.089863,-2.146479,0.762570,0.121128,1.000000,0.000000,0.000000,0.000000,0.000000
-0.767245,0.951262,0.515192,-1.206699,-1.537865,-0.946311,0.000000,0.000000,1.000000,0.000000,0.000000
-0.961859,-1.926835,-0.088423,-2.247117,1.883038,1.642288,0.000000,0.000000,0.000000,1.000000,0.000000
0.701125,0.369430,-0.445270,1.149026,-0.348882,-0.557205,0.000000,0.000000,0.000000,0.000000,1.000000
-0.123298,-2.221139,-1.841011,-1.914696,1.510452,0.557937,1.000000,0.000000,0.000000,0.000000,0.000000
0.796635,-2.306631,-1.818762,0.429107,2.696945,1.442955,0.000000,0.000000,0.000000,1.000000,0.000000
1.043476,0.181014,0.965045,0.138503,-1.469968,-1.421145,0.000000,0.000000,1.000000,0.000000,0.000000
1.016736,2.117045,1.842251,1.615975,-2.808874,-2.073863,0.000000,0.000000,0.000000,0.000000,1.000000
1.361705,-0.821944,0.155968,0.262239,-0.321539,-0.814090,1.000000,0.000000,0.000000,0.000000,0.000000
-0.349309,1.841725,1.351703,0.574943,-1.643934,-0.762513,0.000000,0.000000,0.000000,0.000000,1.000000
-1.693623,-0.160119,-0.724983,-1.866892,0.623892,0.843557,0.000000,0.000000,0.000000,1.000000,0.000000
0.306021,0.636676,-1.713342,2.784562,1.330914,0.912555,1.000000,0.000000,0.000000,0.000000,0.000000
0.149222,-0.344458,-1.705024,0.557432,0.814289,0.248073,0.000000,0.000000,0.000000,1.000000,0.000000
-0.640074,-1.389642,0.422329,-2.310442,0.631991,0.589984,0.000000,0.000000,0.000000,1.000000,0.000000
-0.298371,1.572311,-0.731322,-0.032695,-1.939811,-1.637670,0.000000,0.000000,1.000000,0.000000,0.000000
2.822432,-2.034677,0.539524,-0.243548,-0.940311,-1.968816,1.000000,0.000000,0.000000,0.000000,0.000000
-0.756836,2.281472,-0.677483,0.564970,-1.796947,-1.211151,0.000000,0.000000,1.000000,0.000000,0.000000
1.440922,-3.124279,-1.048526,0.749421,3.368526,1.934423,0.000000,0.000000,0.000000,0.000000,1.000000
-1.843677,1.026501,-2.538727,-2.351167,-1.402109,-1.269050,0.000000,1.000000,0.000000,0.000000,0.000000
-0.364676,-2.104586,-0.134384,-1.645098,1.943901,1.490814,0.000000,0.000000,0.000000,1.000000,0.000000
1.151472,3.173826,2.771546,2.169524,-3.969918,-2.773597,0.000000,0.000000,0.000000,0.000000,1.000000
4.181656,-1.393840,0.100445,1.690045,-1.783194,-3.120423,0.000000,1.000000,0.000000,0.000000,0.000000
0.316676,-0.362873,-0.566713,0.090435,0.192748,-0.117811,0.000000,1.000000,0.000000,0.000000,0.000000
-1.067724,0.785415,1.565588,-2.001505,-1.654091,-0.751851,0.000000,0.000000,1.000000,0.000000,0.000000
-1.204075,1.772216,-0.809831,-0.363007,-1.371988,-0.822453,0.000000,0.000000,1.000000,0.000000,0.000000
0.437489,0.190367,0.918946,0.781685,-0.076616,0.077610,0.000000,1.000000,0.000000,0.000000,0.000000
1.384463,-0.565336,-0.098093,-0.868482,-1.817630,-2.272768,1.000000,0.000000,0.000000,0.000000,0.000000
1.238054,-1.402707,-0.949545,0.925575,1.303099,0.388264,0.000000,1.000000,0.000000,0.000000,0.000000
0.773362,-2.547376,-1.273367,-0.178763,2.500526,1.343734,0.000000,0.000000,0.000000,1.000000,0.000000
-0.106712,1.810606,1.968021,-0.320747,-2.766679,-1.765036,0.000000,0.000000,1.000000,0.000000,0.000000
-4.047796,3.098678,1.096616,-2.490216,-1.617758,0.463907,0.000000,0.000000,1.000000,0.000000,0.000000
0.217606,-0.285716,-0.624946,-0.199453,-0.070788,-0.343524,0.000000,0.000000,0.000000,1.000000,0.000000
0.760859,-0.665839,-1.090937,0.512103,0.452533,-0.181837,0.000000,1.000000,0.000000,0.000000,0.000000
1.100410,-3.553884,-1.433527,0.074846,3.778840,2.234458,0.000000,0.000000,0.000000,1.000000,0.000000
0.614911,-0.496479,0.185166,0.528796,0.434166,0.193397,0.000000,0.000000,0.000000,1.000000,0.000000
1.199939,0.561132,-2.782263,4.065477,1.494102,0.547411,0.000000,0.000000,1.000000,0.000000,0.000000
0.106052,0.967226,-0.260337,0.384553,-1.176772,-1.022283,0.000000,0.000000,1.000000,0.000000,0.000000
-1.094689,-0.254512,-0.479852,-1.368390,0.466622,0.571285,0.000000,0.000000,0.000000,1.000000,0.000000
-3.016715,2.720970,1.491905,-1.759840,-1.699498,0.124931,0.000000,0.000000,1.000000,0.000000,0.000000
2.327434,-2.349699,0.672095,1.532334,1.874262,0.847078,0.000000,0.000000,0.000000,0.000000,1.000000
1.459923,-1.781693,-0.631968,0.147114,0.820452,-0.139521,0.000000,0.000000,0.000000,1.000000,0.000000
-0.746360,0.894805,1.762350,-0.600581,-0.877765,-0.016550,0.000000,0.000000,0.000000,0.000000,1.000000
0.715725,-2.330737,-1.298422,-0.017412,2.415834,1.317630,0.000000,0.000000,0.000000,1.000000,0.000000
-0.493179,0.013779,-3.198250,-0.441882,0.141031,-0.523702,1.000000,0.000000,0.000000,0.000000,0.000000
0.679077,0.260711,-0.739720,-0.463320,-1.720783,-1.972181,0.000000,0.000000,1.000000,0.000000,0.000000
0.890395,-0.237921,1.472935,1.525528,0.682657,0.734802,0.000000,0.000000,0.000000,0.000000,1.000000
-1.478626,2.707401,0.560175,0.180944,-1.825902,-0.645779,0.000000,0.000000,0.000000,0.000000,1.000000
-0.579594,1.932166,-1.528545,2.061983,-0.092218,0.100367,1.000000,0.000000,0.000000,0.000000,0.000000
0.795690,-0.009127,1.857040,1.399478,0.358582,0.591962,0.000000,0.000000,0.000000,0.000000,1.000000
-1.095896,0.862549,-2.879995,-0.751283,-0.600739,-0.816698,1.000000,0.000000,0.000000,0.000000,0.000000
1.707057,-2.764817,-2.255470,1.325068,3.034355,1.316911,0.000000,0.000000,0.000000,1.000000,0.000000
2.016680,-0.769189,2.700419,0.908499,-0.583849,-0.599406,0.000000,0.000000,0.000000,1.000000,0.000000
-1.057734,2.152377,0.554007,0.600582,-1.162829,-0.239303,0.000000,0.000000,0.000000,0.000000,1.000000
-1.175299,2.082460,-2.497008,3.349631,1.688243,1.770796,1.000000,0.000000,0.000000,0.000000,0.000000
-0.166068,0.386571,-0.891651,-1.243716,-1.559059,-1.599415,1.000000,0.000000,0.000000,0.000000,0.000000
-0.950284,0.165241,-2.027006,-1.141619,-0.138764,-0.347004,1.000000,0.000000,0.000000,0.000000,0.000000
-0.102170,2.031125,-2.887163,1.506773,-1.414909,-1.621799,0.000000,0.000000,1.000000,0.000000,0.000000
3.079161,-1.729898,1.638657,2.471610,0.917887,0.094577,0.000000,0.000000,0.000000,0.000000,1.000000
-1.811720,1.383837,0.867690,-1.356637,-0.946407,0.086092,0.000000,0.000000,1.000000,0.000000,0.000000
-0.763393,-0.482774,-2.117116,-1.406824,0.302411,-0.132540,1.000000,0.000000,0.000000,0.000000,0.000000
2.106855,-0.261749,0.034167,0.522362,-1.855693,-2.406078,0.000000,1.000000,0.000000,0.000000,0.000000
4.451317,-2.235124,-0.943123,2.390811,-0.254485,-2.156903,0.000000,1.000000,0.000000,0.000000,0.000000
-0.130121,-1.678288,0.144999,0.640443,3.226516,2.826628,0.000000,0.000000,0.000000,1.000000,0.000000
-1.275298,1.625999,1.285984,0.667451,-0.038413,0.974138,0.000000,0.000000,0.000000,0.000000,1.000000
3.509415,-2.284863,-1.595195,2.244561,0.890585,-0.970795,0.000000,1.000000,0.000000,0.000000,0.000000
1.217324,-0.052293,0.068263,-1.403948,-2.858572,-3.081473,1.000000,0.000000,0.000000,0.000000,0.000000
2.977419,-1.260815,0.480216,0.437340,-1.610907,-2.507009,1.000000,0.000000,0.000000,0.000000,0.000000
-0.009038,-1.438992,-1.012438,-0.676687,1.432701,0.825653,0.000000,0.000000,0.000000,1.000000,0.000000
-0.021554,0.773801,-0.050466,-0.897278,-1.961321,-1.734516,0.000000,0.000000,1.000000,0.000000,0.000000
0.866363,-0.050866,-0.769972,0.203003,-0.870278,-1.275760,0.000000,1.000000,0.000000,0.000000,0.000000
1.737391,0.254786,0.266266,2.229450,-0.476818,-0.807196,0.000000,0.000000,0.000000,0.000000,1.000000
1.193734,0.368620,0.368802,1.318122,-0.811493,-0.934072,0.000000,0.000000,0.000000,0.000000,1.000000
0.097970,0.132338,0.695479,1.489674,1.127510,1.263422,0.000000,0.000000,0.000000,0.000000,1.000000
-3.934062,3.541680,0.603650,-0.011607,-0.029443,1.938813,0.000000,0.000000,0.000000,0.000000,1.000000
-2.181375,2.800475,1.920352,0.063992,-1.136723,0.566958,0.000000,0.000000,0.000000,0.000000,1.000000
-1.411414,-0.606395,-1.049651,-1.461617,1.290076,1.234420,0.000000,0.000000,0.000000,1.000000,0.000000
-0.348462,-0.162117,-0.604719,-1.382484,-0.653690,-0.722381,1.000000,0.000000,0.000000,0.000000,0.000000
-2.422671,1.364781,-1.531840,-1.378182,-0.185922,0.383745,0.000000,0.000000,0.000000,1.000000,0.000000
-1.928493,0.766245,0.540680,1.262451,2.620391,3.347268,0.000000,0.000000,0.000000,0.000000,1.000000
0.651820,-0.344214,-1.246184,0.373850,-0.008700,-0.567517,0.000000,1.000000,0.000000,0.000000,0.000000
5.767836,-3.580950,-1.335617,3.476450,1.027673,-1.659235,0.000000,1.000000,0.000000,0.000000,0.000000
0.139367,1.677987,-0.819276,0.563929,-2.089209,-1.898980,0.000000,1.000000,0.000000,0.000000,0.000000
-0.233780,0.886738,-0.756727,-0.450841,-1.431295,-1.317222,0.000000,0.000000,1.000000,0.000000,0.000000
-0.929576,1.469233,-2.050900,2.656523,1.599250,1.598441,1.000000,0.000000,0.000000,0.000000,0.000000
0.884215,0.031779,1.265017,0.171171,-1.009504,-0.891085,0.000000,0.000000,1.000000,0.000000,0.000000
-1.209929,0.205066,-1.225020,-0.504170,0.768881,0.807117,0.000000,1.000000,0.000000,0.000000,0.000000
1.497137,-0.056808,-0.367650,0.013315,-1.857809,-2.300080,0.000000,1.000000,0.000000,0.000000,0.000000
-1.954147,0.013239,-0.018188,-1.983455,0.610614,1.113786,0.000000,0.000000,0.000000,0.000000,1.000000
-0.591891,0.992899,-1.312989,-0.975897,-1.635177,-1.533293,0.000000,1.000000,0.000000,0.000000,0.000000
-2.125591,2.481143,-3.008385,-1.906903,-2.728399,-2.278974,0.000000,1.000000,0.000000,0.000000,0.000000
1.821205,0.060908,-0.758517,0.784998,-1.713376,-2.319907,0.000000,0.000000,1.000000,0.000000,0.000000
0.085899,-1.169970,2.298964,-1.008504,0.655250,0.930851,0.000000,0.000000,0.000000,1.000000,0.000000
1.021262,1.550293,0.379081,1.610443,-2.021813,-1.800550,0.000000,0.000000,0.000000,0.000000,1.000000
0.405803,0.006665,2.049251,1.358021,0.805989,1.180016,0.000000,0.000000,0.000000,0.000000,1.000000
0.795632,-0.574888,2.274698,0.070422,-0.092955,0.138860,0.000000,0.000000,0.000000,1.000000,0.000000
3.516076,-2.300599,-1.598442,2.248052,0.908090,-0.959865,0.000000,1.000000,0.000000,0.000000,0.000000
-0.855655,-0.146054,-3.082202,-0.706846,0.591249,0.003148,1.000000,0.000000,0.000000,0.000000,0.000000
-2.548723,1.905583,0.249977,0.674302,1.200380,2.314955,0.000000,0.000000,0.000000,0.000000,1.000000
0.906689,-0.465940,-0.581880,0.339292,-0.185287,-0.667407,0.000000,1.000000,0.000000,0.000000,0.000000
-1.568531,2.101910,-2.601748,-0.929455,-1.953262,-1.660655,1.000000,0.000000,0.000000,0.000000,0.000000
-1.889569,3.410129,1.257380,-0.104832,-2.575699,-0.935145,0.000000,0.000000,0.000000,0.000000,1.000000
-0.229828,-1.128709,-1.338762,-0.461291,1.471086,0.907387,0.000000,0.000000,0.000000,1.000000,0.000000
-1.987480,2.788073,-1.731253,1.947714,0.381812,1.069743,1.000000,0.000000,0.000000,0.000000,0.000000
2.432806,-2.104557,-1.015055,1.638850,1.455013,0.046787,0.000000,1.000000,0.000000,0.000000,0.000000
-0.691159,-0.845299,0.345250,-1.639551,0.552822,0.624656,0.000000,1.000000,0.000000,0.000000,0.000000
0.116904,-0.939359,-1.595892,0.270229,1.445578,0.766003,0.000000,0.000000,0.000000,1.000000,0.000000
0.031833,-1.632043,-1.806472,0.123353,2.417251,1.526272,0.000000,0.000000,0.000000,1.000000,0.000000
3.191777,-2.691315,3.606706,-1.622012,-1.742640,-2.220392,1.000000,0.000000,0.000000,0.000000,0.000000
-1.924018,1.907506,0.425119,-0.339970,-0.589030,0.463331,0.000000,0.000000,1.000000,0.000000,0.000000
-2.220846,0.093424,0.265808,-3.019714,-0.152616,0.536582,0.000000,0.000000,0.000000,1.000000,0.000000
-0.352384,1.046955,0.838090,1.044250,-0.042091,0.486802,0.000000,0.000000,0.000000,0.000000,1.000000
0.651239,-0.362772,0.292583,-0.517104,-0.813165,-0.965180,1.000000,0.000000,0.000000,0.000000,0.000000
-1.233691,0.572744,-3.534756,-0.898557,-0.153660,-0.572914,1.000000,0.000000,0.000000,0.000000,0.000000
1.935338,-1.070488,0.322387,0.707880,-0.274269,-0.934671,0.000000,1.000000,0.000000,0.000000,0.000000
-3.229129,2.820538,1.424754,-1.996751,-1.797306,0.092296,0.000000,0.000000,1.000000,0.000000,0.000000
-0.168080,1.139944,0.002535,-0.733814,-2.144214,-1.780074,0.000000,0.000000,1.000000,0.000000,0.000000
2.282631,-1.162408,-1.803063,1.423282,0.060660,-1.253196,0.000000,1.000000,0.000000,0.000000,0.000000
1.634921,-2.654244,1.354987,-1.846294,-0.026436,-0.696720,1.000000,0.000000,0.000000,0.000000,0.000000
0.603616,-0.184999,1.268310,-1.597388,-2.033656,-1.849827,0.000000,0.000000,1.000000,0.000000,0.000000
0.360336,-0.301852,-0.603864,0.213476,0.165253,-0.152286,0.000000,0.000000,0.000000,1.000000,0.000000
1.446300,0.619866,-0.030118,0.805230,-2.005841,-2.200494,0.000000,1.000000,0.000000,0.000000,0.000000
-2.091602,3.514244,2.140138,-1.134535,-3.441254,-1.474476,0.000000,0.000000,0.000000,0.000000,1.000000
-3.296308,2.433093,-0.272489,0.640686,1.365015,2.658077,0.000000,0.000000,0.000000,0.000000,1.000000
0.983316,0.098420,1.052279,0.888422,-0.547743,-0.510642,0.000000,0.000000,0.000000,0.000000,1.000000
-0.495515,-0.845604,-2.762887,-1.357183,0.517902,-0.234918,1.000000,0.000000,0.000000,0.000000,0.000000
-0.098407,1.139863,0.692262,0.625928,-0.912849,-0.438554,0.000000,1.000000,0.000000,0.000000,0.000000
-1.274972,-2.124621,0.176432,-2.802084,2.047319,1.908706,0.000000,0.000000,0.000000,1.000000,0.000000
1.314293,1.450743,1.851057,1.764173,-2.085053,-1.595639,0.000000,0.000000,0.000000,0.000000,1.000000
-1.117207,2.449818,-2.043057,3.124655,0.870079,1.156880,1.000000,0.000000,0.000000,0.000000,0.000000
-0.168182,1.187811,1.897943,-0.836477,-2.280201,-1.429605,0.000000,0.000000,1.000000,0.000000,0.000000
0.264799,0.396371,1.220860,1.561307,0.605023,0.901325,0.000000,0.000000,0.000000,0.000000,1.000000
-4.588880,3.013100,2.793083,-3.507465,-1.740997,0.894251,0.000000,0.000000,1.000000,0.000000,0.000000
-2.035655,1.032383,-1.353258,1.091255,2.175926,2.532900,1.000000,0.000000,0.000000,0.000000,0.000000
1.244716,-0.326441,0.683435,-0.238913,-1.363000,-1.550725,0.000000,0.000000,1.000000,0.000000,0.000000
-1.986003,1.961672,-0.812557,0.006581,-0.274312,0.487564,1.000000,0.000000,0.000000,0.000000,0.000000
2.780005,1.159360,1.265305,3.396060,-2.005519,-2.121468,0.000000,0.000000,0.000000,0.000000,1.000000
-1.406739,-1.159988,-0.842458,-1.686311,1.875155,1.731017,0.000000,0.000000,0.000000,1.000000,0.000000
-1.178446,-0.060760,0.326452,-2.116659,-0.413086,-0.013377,0.000000,0.000000,0.000000,1.000000,0.000000
0.918134,1.050315,1.475064,1.556207,-1.195033,-0.809044,0.000000,1.000000,0.000000,0.000000,0.000000
3.551478,-1.247650,1.452044,0.126354,-2.659595,-3.429349,1.000000,0.000000,0.000000,0.000000,0.000000
-0.886364,0.926695,1.249541,-1.383041,-1.504656,-0.704780,0.000000,0.000000,1.000000,0.000000,0.000000
-2.039753,0.758158,0.539352,-2.795455,-1.132927,-0.248194,0.000000,0.000000,0.000000,1.000000,0.000000
-0.116873,2.369383,1.599985,0.546183,-2.736113,-1.704729,0.000000,0.000000,0.000000,0.000000,1.000000
-0.346987,-2.621382,-0.564976,-1.549826,2.756014,2.052311,0.000000,0.000000,0.000000,1.000000,0.000000
-4.908186,3.957764,-0.834604,-0.065071,0.556895,2.498365,0.000000,0.000000,0.000000,0.000000,1.000000
-1.986250,1.531332,-1.490976,1.246783,1.534439,1.972876,1.000000,0.000000,0.000000,0.000000,0.000000
0.159144,2.983738,1.769955,1.179755,-3.374086,-2.221120,0.000000,0.000000,0.000000,0.000000,1.000000
-1.002306,-1.010623,-1.525305,-0.806389,1.968417,1.574304,0.000000,0.000000,0.000000,1.000000,0.000000
-0.284939,1.348683,-1.298859,-0.756424,-2.339429,-2.216108,0.000000,1.000000,0.000000,0.000000,0.000000
0.008185,1.280517,-1.550937,1.285139,-0.658881,-0.749950,0.000000,0.000000,1.000000,0.000000,0.000000
0.416721,-1.052064,2.297396,0.156963,1.176667,1.370013,0.000000,0.000000,0.000000,1.000000,0.000000
2.306056,-1.718944,-1.800460,1.637416,1.044945,-0.427784,0.000000,1.000000,0.000000,0.000000,0.000000
0.240833,0.916551,0.263393,0.727895,-0.938699,-0.709306,0.000000,0.000000,0.000000,0.000000,1.000000
-1.143358,1.471228,-0.005642,1.044867,0.356429,0.965377,0.000000,0.000000,0.000000,0.000000,1.000000
2.523837,3.014627,2.557603,3.358649,-4.381250,-3.627387,0.000000,0.000000,0.000000,0.000000,1.000000
-1.020879,1.265755,0.470649,-0.464965,-0.950962,-0.255218,0.000000,1.000000,0.000000,0.000000,0.000000
-0.959005,0.232881,-0.849939,0.842800,1.706355,1.743839,1.000000,0.000000,0.000000,0.000000,0.000000
1.411370,-1.159855,-1.312178,0.905209,0.699160,-0.279632,0.000000,0.000000,0.000000,1.000000,0.000000
-1.185630,-0.381510,-2.047044,-1.884060,0.245786,-0.034442,1.000000,0.000000,0.000000,0.000000,0.000000
1.346225,1.311508,-0.306375,1.175230,-2.528562,-2.598841,0.000000,1.000000,0.000000,0.000000,0.000000
0.455431,0.521494,-0.889271,1.162263,-0.245077,-0.468752,0.000000,0.000000,1.000000,0.000000,0.000000
-1.119827,-0.954022,-1.622061,-0.926736,1.921425,1.548621,0.000000,0.000000,0.000000,1.000000,0.000000
-0.952693,0.900911,-0.958343,0.800769,0.685464,0.872634,1.000000,0.000000,0.000000,0.000000,0.000000
3.316019,-0.458370,-2.024313,2.175709,-1.584627,-3.024001,0.000000,0.000000,1.000000,0.000000,0.000000
6.147815,-2.593563,-0.993247,3.096430,-1.260975,-3.674390,0.000000,0.000000,1.000000,0.000000,0.000000
3.137797,-1.417617,-0.434398,1.481088,-0.601666,-1.836957,0.000000,1.000000,0.000000,0.000000,0.000000
-1.463299,1.448781,-2.493136,-1.969796,-2.141910,-1.983888,0.000000,1.000000,0.000000,0.000000,0.000000
-2.431695,0.660861,0.200339,-2.808183,-0.499960,0.363200,0.000000,0.000000,0.000000,1.000000,0.000000
-1.856583,2.553214,2.060135,-0.031377,-1.289432,0.313953,0.000000,0.000000,0.000000,0.000000,1.000000
0.272365,-0.822132,0.025746,-1.088266,-0.208093,-0.443782,0.000000,0.000000,0.000000,1.000000,0.000000
0.424783,-0.649484,0.565542,0.415841,0.801311,0.660870,0.000000,0.000000,0.000000,1.000000,0.000000
4.514690,-2.346214,0.988714,2.007606,-0.511801,-1.965611,1.000000,0.000000,0.000000,0.000000,0.000000
-1.031628,-2.313600,-0.061829,-2.514843,2.278061,1.966236,0.000000,0.000000,0.000000,1.000000,0.000000
0.102274,-1.250348,-2.535213,-1.250209,0.435390,-0.505488,1.000000,0.000000,0.000000,0.000000,0.000000
-1.943231,2.016435,-0.871033,0.857542,0.409411,1.133275,1.000000,0.000000,0.000000,0.000000,0.000000
-1.076337,-1.251741,-0.467883,-1.801072,1.474593,1.328923,0.000000,0.000000,0.000000,1.000000,0.000000
1.222209,0.554445,-0.790274,1.596001,-0.870474,-1.247212,0.000000,0.000000,1.000000,0.000000,0.000000
-3.064705,2.807561,-1.640809,1.344281,1.174478,2.151592,1.000000,0.000000,0.000000,0.000000,0.000000
0.867402,0.627429,-3.346956,2.858227,0.657441,-0.297041,0.000000,0.000000,1.000000,0.000000,0.000000
-1.143332,3.737824,1.793260,-0.135415,-4.042427,-2.348507,0.000000,0.000000,0.000000,0.000000,1.000000
5.949964,-4.099680,-2.326398,3.993668,2.025742,-1.102242,0.000000,1.000000,0.000000,0.000000,0.000000
-0.089353,0.985386,-0.815261,0.680586,-0.673285,-0.617780,1.000000,0.000000,0.000000,0.000000,0.000000
-0.006211,0.544918,-2.808432,0.364716,-0.479932,-1.043580,1.000000,0.000000,0.000000,0.000000,0.000000
1.479347,1.381162,2.468011,1.667292,-2.281444,-1.691088,0.000000,0.000000,0.000000,0.000000,1.000000
0.930489,-0.675546,-1.249898,0.610946,0.338566,-0.379136,0.000000,1.000000,0.000000,0.000000,0.000000
1.111465,-0.222196,0.668948,0.840384,-0.301501,-0.471404,0.000000,0.000000,0.000000,1.000000,0.000000
-2.525656,1.979668,2.188441,-2.337942,-1.806417,-0.095889,0.000000,0.000000,1.000000,0.000000,0.000000
-1.503317,-0.042284,-0.786110,-0.638202,1.388035,1.540033,0.000000,1.000000,0.000000,0.000000,0.000000
1.426577,-0.614496,0.348896,2.118066,1.084123,0.617831,0.000000,0.000000,0.000000,0.000000,1.000000
0.389934,-1.414577,-1.191896,-0.102977,1.428114,0.674418,0.000000,0.000000,0.000000,1.000000,0.000000
0.550599,-0.953933,-1.074826,-1.325667,-0.625966,-1.224054,0.000000,0.000000,1.000000,0.000000,0.000000
0.514626,-0.021315,-0.412443,-0.017294,-0.661958,-0.884716,0.000000,1.000000,0.000000,0.000000,0.000000
0.769740,-2.225168,-2.065085,0.610558,2.784215,1.490609,0.000000,0.000000,0.000000,1.000000,0.000000
-0.785218,-0.841156,-0.229337,-0.224338,2.022855,1.927065,1.000000,0.000000,0.000000,0.000000,0.000000
0.113277,1.168664,-1.659609,0.975947,-0.932828,-1.093674,0.000000,0.000000,1.000000,0.000000,0.000000
1.021400,0.613537,-1.811726,1.872613,-0.446082,-1.024896,0.000000,0.000000,1.000000,0.000000,0.000000
-0.766919,1.925535,-1.731071,-0.149256,-1.972934,-1.716597,0.000000,0.000000,1.000000,0.000000,0.000000
-0.846583,-1.665974,-1.710509,-0.869352,2.654016,2.007892,0.000000,0.000000,0.000000,1.000000,0.000000
0.107620,-0.565541,-1.381393,0.108800,0.762790,0.242733,0.000000,0.000000,0.000000,1.000000,0.000000
1.923861,0.007680,3.543059,1.257459,-1.240990,-0.832908,0.000000,0.000000,0.000000,1.000000,0.000000
0.922361,0.482348,0.084799,-0.200087,-2.091406,-2.142917,0.000000,1.000000,0.000000,0.000000,0.000000
1.142971,-3.264169,-1.714417,0.369288,3.581572,2.024710,0.000000,0.000000,0.000000,1.000000,0.000000
0.015310,-1.447246,-1.634656,-0.078661,1.978606,1.189560,0.000000,0.000000,0.000000,1.000000,0.000000
-2.309522,2.693589,-1.411020,1.621643,0.629137,1.454620,1.000000,0.000000,0.000000,0.000000,0.000000
0.565418,-1.061861,0.016583,0.396783,1.189699,0.773129,0.000000,0.000000,0.000000,1.000000,0.000000
-1.356330,1.044932,-0.690155,-1.269860,-0.989285,-0.537933,0.000000,1.000000,0.000000,0.000000,0.000000
-0.348672,2.152895,-0.166140,0.385001,-2.305638,-1.712423,0.000000,1.000000,0.000000,0.000000,0.000000
2.031102,-1.308033,0.683131,2.366964,1.550894,0.840397,0.000000,0.000000,0.000000,0.000000,1.000000
-1.738625,1.353486,0.779216,-1.270994,-0.916368,0.066912,0.000000,0.000000,1.000000,0.000000,0.000000
3.312217,-1.458539,-0.612631,1.580700,-0.676106,-2.008863,0.000000,1.000000,0.000000,0.000000,0.000000
-1.111442,1.811444,-1.808457,0.333139,-0.895734,-0.627633,0.000000,0.000000,1.000000,0.000000,0.000000
0.837767,-2.888033,-1.376011,0.034987,3.115786,1.821899,0.000000,0.000000,0.000000,0.000000,1.000000
0.220132,0.755812,-1.612647,-0.672371,-2.059425,-2.286716,0.000000,1.000000,0.000000,0.000000,0.000000
-0.002015,1.235157,-0.977859,-0.170665,-1.972600,-1.882591,0.000000,0.000000,1.000000,0.000000,0.000000
1.035964,0.893015,2.184340,1.923651,-0.753653,-0.271908,0.000000,1.000000,0.000000,0.000000,0.000000
-0.096328,-0.686803,-0.798893,0.133353,1.237733,0.875064,0.000000,1.000000,0.000000,0.000000,0.000000
-0.619511,1.066420,-1.289654,-0.888145,-1.621107,-1.490733,0.000000,1.000000,0.000000,0.000000,0.000000
-0.180954,-0.194706,1.591639,1.509573,1.999722,2.333419,0.000000,0.000000,0.000000,0.000000,1.000000
2.441613,-1.477505,0.247448,-0.182381,-1.200453,-2.070827,1.000000,0.000000,0.000000,0.000000,0.000000
1.033750,-1.024085,-0.056181,-1.193081,-1.007243,-1.483814,1.000000,0.000000,0.000000,0.000000,0.000000
-0.909608,-0.615401,1.330318,-0.560353,1.559548,1.949566,0.000000,0.000000,0.000000,1.000000,0.000000
-1.137815,2.080316,0.156214,-0.088380,-1.624606,-0.777909,0.000000,1.000000,0.000000,0.000000,0.000000
-0.088326,0.254877,-1.530086,-0.051861,-0.331419,-0.622211,0.000000,1.000000,0.000000,0.000000,0.000000
-0.287745,1.172360,-2.816683,2.013557,0.563282,0.171548,0.000000,0.000000,1.000000,0.000000,0.000000
-0.605495,1.784678,0.914958,0.036505,-1.754149,-0.920803,0.000000,0.000000,0.000000,0.000000,1.000000
-1.964155,-0.268316,-1.828117,-2.986777,0.035049,0.050365,1.000000,0.000000,0.000000,0.000000,0.000000
2.187170,-1.326015,0.469880,-0.716735,-1.600667,-2.300936,1.000000,0.000000,0.000000,0.000000,0.000000
-1.202533,2.862543,-2.084647,-0.778938,-3.380218,-2.845268,0.000000,1.000000,0.000000,0.000000,0.000000
-2.070669,1.310331,-0.024321,-0.741634,0.074433,0.903667,0.000000,1.000000,0.000000,0.000000,0.000000
-0.079564,-1.704045,-0.558002,-1.715116,0.916654,0.402761,1.000000,0.000000,0.000000,0.000000,0.000000
1.185472,-2.172576,-1.841217,0.914986,2.464331,1.136842,0.000000,0.000000,0.000000,1.000000,0.000000
-2.125274,1.316859,-1.514151,1.820501,2.579128,2.967137,1.000000,0.000000,0.000000,0.000000,0.000000
3.066229,-1.113096,1.254394,1.985723,-0.435920,-1.172421,0.000000,0.000000,0.000000,0.000000,1.000000
3.109758,-2.064486,2.000391,2.044309,0.958572,0.143975,0.000000,0.000000,0.000000,0.000000,1.000000
1.967700,-1.407377,1.317749,-0.756890,-1.221315,-1.682158,1.000000,0.000000,0.000000,0.000000,0.000000
3.534508,-1.430581,-0.838370,1.714354,-0.880861,-2.316530,0.000000,1.000000,0.000000,0.000000,0.000000
2.337623,-1.400941,-1.033372,1.327826,0.256781,-0.938271,0.000000,1.000000,0.000000,0.000000,0.000000
0.056568,0.020512,-0.301461,0.398559,0.275509,0.180146,1.000000,0.000000,0.000000,0.000000,0.000000
0.422707,-3.034545,-1.399118,-0.382152,3.466046,2.234644,0.000000,0.000000,0.000000,1.000000,0.000000
0.307304,2.511438,2.258920,0.721326,-3.314070,-2.182536,0.000000,0.000000,0.000000,0.000000,1.000000
-1.213054,-0.998647,0.187294,-2.529301,0.594288,0.733052,0.000000,0.000000,1.000000,0.000000,0.000000
1.866184,-2.157916,2.938292,1.916641,2.604420,2.280869,0.000000,0.000000,0.000000,1.000000,0.000000
2.152665,-0.386741,0.803039,-0.553452,-2.757126,-3.124130,0.000000,0.000000,1.000000,0.000000,0.000000
-0.934717,2.188458,1.261450,-0.346569,-2.275709,-1.163063,0.000000,0.000000,1.000000,0.000000,0.000000
-1.671687,1.169577,-0.636589,0.424343,0.873007,1.384763,1.000000,0.000000,0.000000,0.000000,0.000000
2.315163,-0.899678,-0.173365,0.923068,-0.817427,-1.648013,0.000000,1.000000,0.000000,0.000000,0.000000
2.490652,-0.524383,-0.601033,0.928617,-1.592710,-2.469732,0.000000,1.000000,0.000000,0.000000,0.000000
2.438203,-1.461202,-0.718792,0.208224,-0.859835,-1.977945,1.000000,0.000000,0.000000,0.000000,0.000000
0.541957,-1.083219,-1.844937,0.770543,1.579595,0.688223,0.000000,1.000000,0.000000,0.000000,0.000000
1.288932,-2.346464,0.053274,-1.051356,0.720140,-0.140777,1.000000,0.000000,0.000000,0.000000,0.000000
2.512965,-2.199035,0.562361,-0.648519,-0.688936,-1.672347,1.000000,0.000000,0.000000,0.000000,0.000000
3.981400,-2.410133,-1.892263,2.517481,0.716662,-1.366451,0.000000,1.000000,0.000000,0.000000,0.000000
-3.480132,1.505019,0.904326,-3.491905,-1.009489,0.509342,0.000000,0.000000,1.000000,0.000000,0.000000
0.112143,0.301308,-0.564959,-0.441879,-1.018870,-1.089808,0.000000,1.000000,0.000000,0.000000,0.000000
0.772101,-0.970521,-0.949681,0.623674,0.990379,0.304276,0.000000,0.000000,0.000000,1.000000,0.000000
0.333940,-0.491182,-0.458177,0.186658,0.451232,0.126607,1.000000,0.000000,0.000000,0.000000,0.000000
-0.367344,1.894231,-1.019869,2.030157,-0.335116,-0.072841,0.000000,0.000000,1.000000,0.000000,0.000000
-0.443598,0.483741,-1.083917,-1.021728,-1.128698,-1.136278,0.000000,1.000000,0.000000,0.000000,0.000000
-1.288106,1.076159,1.286123,1.075438,1.169996,2.026487,0.000000,0.000000,0.000000,0.000000,1.000000
-1.821236,1.948056,-1.334908,1.546464,1.005946,1.546291,1.000000,0.000000,0.000000,0.000000,0.000000
-0.770560,1.003816,1.705056,-1.309457,-1.688605,-0.783715,0.000000,0.000000,1.000000,0.000000,0.000000
-1.510759,1.360788,-0.723275,-1.118927,-1.102400,-0.546190,0.000000,1.000000,0.000000,0.000000,0.000000
-0.476044,1.561636,0.446578,0.280585,-1.371332,-0.750338,0.000000,0.000000,0.000000,0.000000,1.000000
0.945874,0.972806,-3.581435,3.948149,1.099845,0.124527,0.000000,0.000000,1.000000,0.000000,0.000000
-0.537214,-0.075748,-0.331997,-0.527103,0.295106,0.330694,0.000000,0.000000,0.000000,0.000000,1.000000
0.156534,-0.245538,1.632813,-1.571047,-1.332737,-0.975127,0.000000,0.000000,1.000000,0.000000,0.000000
-0.438129,-2.302271,-1.628152,-2.985699,1.009444,0.194603,1.000000,0.000000,0.000000,0.000000,0.000000
1.466019,-0.057124,-0.161380,1.105568,-0.760998,-1.181632,0.000000,0.000000,1.000000,0.000000,0.000000
-4.503797,4.149633,1.302458,-0.681574,-0.805218,1.647224,0.000000,0.000000,0.000000,0.000000,1.000000
0.363175,-3.289215,-1.279969,-0.599235,3.706254,2.457681,0.000000,0.000000,0.000000,1.000000,0.000000
-1.738768,1.395725,-1.218281,-1.162139,-0.906720,-0.411563,0.000000,1.000000,0.000000,0.000000,0.000000
1.936191,0.401479,-2.091420,2.565564,-0.664782,-1.597226,0.000000,0.000000,1.000000,0.000000,0.000000
-0.372304,1.446074,0.530987,0.158511,-1.454554,-0.862344,0.000000,0.000000,0.000000,0.000000,1.000000
-0.558418,1.270600,0.193129,-0.158589,-1.268930,-0.754654,0.000000,0.000000,1.000000,0.000000,0.000000
-1.901705,0.294355,-3.037565,-3.299778,-1.185658,-1.325281,0.000000,1.000000,0.000000,0.000000,0.000000
-1.906310,1.413026,3.387094,-2.955536,-2.363349,-0.623384,0.000000,0.000000,1.000000,0.000000,0.000000
-1.846713,4.086998,2.433161,-0.892720,-4.353673,-2.225727,0.000000,0.000000,0.000000,0.000000,1.000000
-1.001641,-1.978448,-1.548904,-1.168053,3.024496,2.380592,0.000000,0.000000,0.000000,1.000000,0.000000
0.560443,-0.754829,0.192529,-0.693039,-0.296833,-0.551099,1.000000,0.000000,0.000000,0.000000,0.000000
3.075701,-1.302720,2.006540,-0.007563,-2.080473,-2.616074,1.000000,0.000000,0.000000,0.000000,0.000000
1.491530,0.389546,-0.949664,1.979747,-0.614163,-1.147216,1.000000,0.000000,0.000000,0.000000,0.000000
2.122611,1.665466,2.073878,2.596678,-2.642182,-2.249666,0.000000,0.000000,0.000000,0.000000,1.000000
1.991281,-2.783339,-0.846902,1.365102,2.754245,1.316405,0.000000,0.000000,0.000000,0.000000,1.000000
1.235563,-1.436507,-1.246713,1.042698,1.463212,0.462349,0.000000,1.000000,0.000000,0.000000,0.000000
1.720425,0.072541,-0.538575,0.310101,-2.053023,-2.563467,1.000000,0.000000,0.000000,0.000000,0.000000
1.893564,-0.733235,2.018858,1.730434,0.304325,0.129313,0.000000,0.000000,0.000000,0.000000,1.000000
0.270412,-1.346139,-1.352316,0.296701,1.866478,1.104521,0.000000,0.000000,0.000000,1.000000,0.000000
2.791359,-0.666729,1.408533,2.029181,-0.682343,-1.202432,0.000000,0.000000,0.000000,1.000000,0.000000
-0.030845,1.456204,0.127904,0.693613,-1.404615,-1.004143,0.000000,0.000000,1.000000,0.000000,0.000000
0.023786,0.914587,0.040387,-0.696373,-2.029659,-1.759956,0.000000,1.000000,0.000000,0.000000,0.000000
1.077790,-0.804048,0.257504,-0.233312,-0.454054,-0.836506,1.000000,0.000000,0.000000,0.000000,0.000000
-0.335329,-1.023736,0.631738,1.905917,3.770171,3.667881,0.000000,0.000000,0.000000,1.000000,0.000000
0.837033,0.273224,1.861048,1.245169,-0.253913,0.050985,0.000000,0.000000,0.000000,0.000000,1.000000
0.256394,0.267670,0.538559,0.003509,-0.709652,-0.562831,0.000000,1.000000,0.000000,0.000000,0.000000
2.060196,-0.617906,0.535161,-0.427399,-2.184221,-2.662289,1.000000,0.000000,0.000000,0.000000,0.000000
1.634234,-1.747591,1.586568,0.830158,1.240177,0.777900,0.000000,0.000000,0.000000,1.000000,0.000000
-0.668747,0.716436,-0.060471,-0.883831,-1.023596,-0.669823,0.000000,1.000000,0.000000,0.000000,0.000000
0.722216,1.684507,1.658582,1.686412,-1.732869,-1.094116,0.000000,1.000000,0.000000,0.000000,0.000000
-0.319179,1.663245,-2.807545,1.871498,-0.245585,-0.493496,0.000000,0.000000,1.000000,0.000000,0.000000
0.716664,-1.043526,-2.195171,-0.793530,-0.218179,-1.172948,1.000000,0.000000,0.000000,0.000000,0.000000
1.992682,-1.080017,-0.964523,1.073586,-0.004592,-1.011922,0.000000,1.000000,0.000000,0.000000,0.000000
-2.074734,1.783947,1.552541,0.312520,0.434326,1.745811,0.000000,0.000000,0.000000,0.000000,1.000000
0.134185,1.164459,-0.979922,0.886944,-1.028071,-1.023078,0.000000,0.000000,1.000000,0.000000,0.000000
-2.090426,1.888870,0.700206,0.626254,0.590069,1.710830,0.000000,0.000000,0.000000,0.000000,1.000000
0.699653,1.556935,1.760364,1.486991,-1.708629,-1.066632,0.000000,1.000000,0.000000,0.000000,0.000000
-0.166244,-0.282589,-0.064364,-0.213111,0.420229,0.373925,0.000000,0.000000,0.000000,0.000000,1.000000
-1.133802,2.664278,0.624790,0.128453,-2.261147,-1.151929,0.000000,0.000000,1.000000,0.000000,0.000000
-0.404989,1.221739,2.443898,-1.609007,-2.756548,-1.682648,0.000000,0.000000,1.000000,0.000000,0.000000
1.309139,0.817988,-2.444572,2.113924,-0.895526,-1.649881,0.000000,0.000000,1.000000,0.000000,0.000000
4.573389,-3.259729,-1.736834,3.041718,1.688652,-0.730670,0.000000,1.000000,0.000000,0.000000,0.000000
-0.660031,0.927613,-0.109203,-0.893368,-1.351694,-0.955823,0.000000,1.000000,0.000000,0.000000,0.000000
-1.926432,1.774606,-2.176455,-1.626867,-1.677117,-1.262007,0.000000,1.000000,0.000000,0.000000,0.000000
-0.559208,0.243398,-0.913048,0.557253,0.894985,0.839504,1.000000,0.000000,0.000000,0.000000,0.000000
0.285217,-2.899955,-1.346483,-0.512811,3.324351,2.176767,0.000000,0.000000,0.000000,1.000000,0.000000
0.957937,0.178896,-1.023598,0.484381,-1.056322,-1.493917,0.000000,0.000000,1.000000,0.000000,0.000000
1.654654,0.772572,0.626797,1.193447,-2.113353,-2.164273,0.000000,0.000000,1.000000,0.000000,0.000000
-1.245304,-0.307575,0.538874,0.034042,2.108151,2.438558,0.000000,0.000000,0.000000,1.000000,0.000000
-1.469794,2.304008,-1.493148,1.451223,-0.062567,0.457013,1.000000,0.000000,0.000000,0.000000,0.000000
-1.536801,1.117457,-3.444791,-2.642354,-2.229296,-2.356105,0.000000,1.000000,0.000000,0.000000,0.000000
2.003209,-2.587927,-2.722095,2.017766,3.051745,1.175777,0.000000,0.000000,0.000000,1.000000,0.000000
1.048250,-1.385164,0.134664,1.305595,1.909070,1.297789,0.000000,0.000000,0.000000,1.000000,0.000000
-1.423728,1.864510,1.245739,0.537499,-0.317735,0.785488,0.000000,0.000000,0.000000,0.000000,1.000000
-3.478623,2.029993,0.518555,-2.667407,-0.986184,0.547851,0.000000,0.000000,1.000000,0.000000,0.000000
-0.638251,1.079862,-0.776676,0.634341,-0.140624,0.074007,1.000000,0.000000,0.000000,0.000000,0.000000
-0.547119,2.909304,0.246676,0.766602,-2.771584,-1.844215,0.000000,1.000000,0.000000,0.000000,0.000000
-1.610102,2.016701,-1.828259,2.122758,1.178513,1.548026,1.000000,0.000000,0.000000,0.000000,0.000000
-0.822897,-0.608079,-0.574946,-1.355023,0.638009,0.564239,0.000000,0.000000,0.000000,1.000000,0.000000
0.809850,-2.014906,-2.912161,1.369538,3.143461,1.660921,0.000000,0.000000,0.000000,1.000000,0.000000
0.708220,0.137928,-0.314216,-0.039664,-1.164891,-1.363824,0.000000,1.000000,0.000000,0.000000,0.000000
0.944780,0.787826,0.313047,0.170673,-2.203165,-2.134674,0.000000,0.000000,1.000000,0.000000,0.000000
3.754304,-2.854682,-1.471355,2.516787,1.664213,-0.381045,0.000000,1.000000,0.000000,0.000000,0.000000
-0.559477,0.461711,1.523775,0.307333,0.378989,0.994328,0.000000,1.000000,0.000000,0.000000,0.000000
1.558242,-1.414824,-0.229512,-0.364031,-0.325911,-1.094012,1.000000,0.000000,0.000000,0.000000,0.000000
-0.154784,0.705456,0.895750,-0.878178,-1.654255,-1.181484,0.000000,0.000000,1.000000,0.000000,0.000000
0.537050,-0.459599,2.007372,0.806055,0.780056,1.009427,0.000000,0.000000,0.000000,1.000000,0.000000
-3.421994,2.914916,0.976565,-2.146706,-1.835713,0.015850,0.000000,0.000000,1.000000,0.000000,0.000000
4.890692,-2.393576,-0.960287,2.596773,-0.397544,-2.451465,0.000000,1.000000,0.000000,0.000000,0.000000
1.900199,-1.978500,0.776125,2.599952,2.921065,2.077970,0.000000,0.000000,0.000000,0.000000,1.000000
-0.403529,0.095738,0.285540,-1.427095,-0.984426,-0.750197,0.000000,0.000000,1.000000,0.000000,0.000000
1.856849,-1.583138,1.841936,2.012312,1.855155,1.410385,0.000000,0.000000,0.000000,1.000000,0.000000
2.777347,-3.063213,1.328735,-0.691051,0.194602,-0.884922,1.000000,0.000000,0.000000,0.000000,0.000000
-0.105719,-1.828471,-2.512809,0.398704,3.134694,2.038151,0.000000,0.000000,0.000000,1.000000,0.000000
0.462166,1.037286,2.152477,2.204292,0.052806,0.684033,0.000000,0.000000,0.000000,1.000000,0.000000
-0.324627,1.908788,-1.948378,1.429245,-1.006614,-0.960431,0.000000,0.000000,1.000000,0.000000,0.000000
2.337062,-1.389958,2.753230,3.339441,2.244289,1.924815,0.000000,0.000000,0.000000,1.000000,0.000000
0.986785,-2.155699,-1.514032,0.514397,2.317809,1.133873,0.000000,0.000000,0.000000,0.000000,1.000000
0.057965,-1.357145,0.732570,-2.288614,-0.296624,-0.410241,0.000000,0.000000,1.000000,0.000000,0.000000
1.310512,-1.937235,-0.944687,0.152433,1.240469,0.195087,0.000000,0.000000,0.000000,1.000000,0.000000
2.039147,-3.176635,0.955243,0.984411,2.927222,1.834594,0.000000,0.000000,0.000000,1.000000,0.000000
1.004935,0.942791,1.273303,1.591402,-1.121258,-0.834393,0.000000,1.000000,0.000000,0.000000,0.000000
0.266377,1.924506,-0.734693,0.716284,-2.464216,-2.221380,0.000000,0.000000,1.000000,0.000000,0.000000
0.522603,0.428407,-0.789247,1.334541,-0.029523,-0.273789,0.000000,0.000000,0.000000,1.000000,0.000000
-0.481684,-1.948890,-1.141986,-1.190576,2.290646,1.639740,0.000000,0.000000,0.000000,1.000000,0.000000
2.322996,-0.583508,0.556165,0.555982,-1.628101,-2.183578,0.000000,0.000000,1.000000,0.000000,0.000000
1.033201,0.377411,0.949177,-0.038995,-1.913167,-1.808138,0.000000,0.000000,1.000000,0.000000,0.000000
-2.730698,1.909309,2.307261,-2.834097,-1.913592,-0.129667,0.000000,0.000000,0.000000,0.000000,1.000000
1.809129,-0.323725,0.506625,1.925994,-0.018073,-0.447694,0.000000,0.000000,0.000000,0.000000,1.000000
5.088885,-2.043969,2.253429,1.322894,-2.335650,-3.501572,1.000000,0.000000,0.000000,0.000000,0.000000
-3.832872,2.129821,-0.469415,0.765793,2.620461,3.900577,0.000000,0.000000,0.000000,0.000000,1.000000
0.174303,-0.630858,-0.876157,-0.382267,0.306432,-0.104078,0.000000,0.000000,0.000000,1.000000,0.000000
1.516235,0.961500,1.921468,1.719135,-1.679209,-1.345418,0.000000,0.000000,0.000000,0.000000,1.000000
0.364817,-3.705326,-0.779529,-1.212935,3.725781,2.511500,0.000000,0.000000,0.000000,1.000000,0.000000
0.969909,0.092638,1.023472,1.349007,-0.078635,-0.062573,0.000000,0.000000,0.000000,0.000000,1.000000
-0.877076,0.705281,-2.452437,-0.744233,-0.642772,-0.843488,1.000000,0.000000,0.000000,0.000000,0.000000
-1.379121,0.863106,-0.560033,1.314702,1.796864,2.151318,0.000000,0.000000,0.000000,0.000000,1.000000
-1.497123,-0.271872,1.128029,-2.881719,-0.415482,0.224289,0.000000,0.000000,1.000000,0.000000,0.000000
-2.062790,1.706016,-1.154157,1.274966,1.413135,1.997550,1.000000,0.000000,0.000000,0.000000,0.000000
-1.917061,1.824299,0.563405,-1.856698,-1.936199,-0.822474,0.000000,0.000000,1.000000,0.000000,0.000000
1.215301,1.362678,2.124833,1.354395,-2.218552,-1.648620,0.000000,0.000000,0.000000,0.000000,1.000000
-2.870670,2.722534,2.424379,-2.186460,-2.286827,-0.249089,0.000000,0.000000,1.000000,0.000000,0.000000
-2.075496,-0.138928,-3.564917,-2.565909,0.367778,-0.002782,1.000000,0.000000,0.000000,0.000000,0.000000
1.546933,-0.721202,-0.538805,0.672411,-0.325397,-1.018930,0.000000,1.000000,0.000000,0.000000,0.000000
0.806746,-0.771631,-1.308006,-0.675625,-0.601533,-1.288395,1.000000,0.000000,0.000000,0.000000,0.000000
-0.137824,0.611004,1.259104,-0.034649,-0.720191,-0.214166,0.000000,0.000000,0.000000,0.000000,1.000000
-0.293120,1.433345,-3.431827,2.431386,0.583263,0.095136,0.000000,0.000000,1.000000,0.000000,0.000000
-2.032689,1.581433,-1.195014,-0.905582,-0.546665,0.060680,0.000000,0.000000,1.000000,0.000000,0.000000
2.598233,-1.566742,2.637909,1.502670,0.389783,-0.002302,0.000000,0.000000,0.000000,1.000000,0.000000
-1.905639,0.786638,-2.110220,-2.656179,-1.259692,-1.059642,0.000000,1.000000,0.000000,0.000000,0.000000
-0.356200,0.982664,0.193592,-0.757856,-1.691033,-1.278092,0.000000,0.000000,1.000000,0.000000,0.000000
0.613573,1.505239,-1.824234,2.194470,-0.901084,-1.166598,0.000000,0.000000,1.000000,0.000000,0.000000
-2.636377,1.540098,-2.886747,-2.826161,-1.580883,-1.204887,0.000000,1.000000,0.000000,0.000000,0.000000
3.515302,-2.249204,-1.033630,2.083560,0.685590,-1.022956,0.000000,1.000000,0.000000,0.000000,0.000000
0.598718,0.364029,1.745176,0.974079,-0.339072,0.023538,0.000000,0.000000,0.000000,0.000000,1.000000
0.126570,4.037314,2.635287,1.318748,-4.713413,-3.064525,0.000000,0.000000,0.000000,0.000000,1.000000
1.074421,1.593975,1.184275,1.665405,-2.087705,-1.668830,0.000000,0.000000,0.000000,0.000000,1.000000
-0.145471,0.438937,-1.481242,1.663705,1.129291,0.854850,1.000000,0.000000,0.000000,0.000000,0.000000
-3.411642,1.677478,-0.316342,-2.093200,-0.022245,1.177246,0.000000,1.000000,0.000000,0.000000,0.000000
3.252464,-2.666740,-2.214123,2.463887,1.980181,-0.085465,0.000000,1.000000,0.000000,0.000000,0.000000
0.903584,-0.527877,-0.736151,-0.322688,-0.731722,-1.245717,1.000000,0.000000,0.000000,0.000000,0.000000
1.679665,-0.922203,2.645419,1.698136,0.836529,0.816068,0.000000,0.000000,0.000000,0.000000,1.000000
-0.271551,1.636224,0.384011,0.398040,-1.633497,-1.058067,0.000000,0.000000,1.000000,0.000000,0.000000
0.614128,-1.934591,-0.566769,-0.712497,1.315309,0.549356,0.000000,0.000000,0.000000,1.000000,0.000000
-1.765916,1.385837,-1.277892,0.921387,1.149373,1.563694,1.000000,0.000000,0.000000,0.000000,0.000000
-1.610602,-0.049389,-1.419860,-1.159104,1.025182,1.059459,0.000000,0.000000,0.000000,1.000000,0.000000
-0.599944,-1.289603,-0.914131,-0.356854,2.293954,1.872571,0.000000,0.000000,0.000000,1.000000,0.000000
-0.178485,0.511206,0.411643,-0.446582,-0.933698,-0.641500,0.000000,1.000000,0.000000,0.000000,0.000000
-0.878393,2.957787,2.176832,-0.104312,-3.217413,-1.694940,0.000000,0.000000,0.000000,0.000000,1.000000
2.077220,-1.644852,-0.856983,0.995723,0.632733,-0.513580,0.000000,0.000000,0.000000,1.000000,0.000000
-0.294400,1.068052,-2.595550,-0.374063,-1.573213,-1.856495,0.000000,0.000000,1.000000,0.000000,0.000000
0.252299,0.635711,1.002741,-1.314831,-2.501202,-2.096996,0.000000,0.000000,1.000000,0.000000,0.000000
0.371669,1.030458,-1.663125,0.997957,-1.046945,-1.303850,0.000000,0.000000,1.000000,0.000000,0.000000
2.217494,-1.585355,-1.523939,1.494295,0.832890,-0.511278,0.000000,1.000000,0.000000,0.000000,0.000000
2.798556,-0.325988,1.565400,0.745224,-2.421038,-2.770898,0.000000,0.000000,1.000000,0.000000,0.000000
-0.117760,1.999322,1.495607,0.596732,-2.150510,-1.244345,0.000000,0.000000,0.000000,0.000000,1.000000
1.293906,-0.857406,0.319402,1.246210,0.768963,0.289962,1.000000,0.000000,0.000000,0.000000,0.000000
0.127310,0.146375,-3.143449,-0.430257,-0.846321,-1.601870,1.000000,0.000000,0.000000,0.000000,0.000000
1.155958,0.968627,1.835469,1.236487,-1.687545,-1.276356,0.000000,0.000000,0.000000,0.000000,1.000000
-0.105218,-0.168607,-0.639125,-0.752198,-0.353896,-0.508391,0.000000,1.000000,0.000000,0.000000,0.000000
-2.526620,2.101968,1.415442,-1.960953,-1.632769,-0.094096,0.000000,0.000000,1.000000,0.000000,0.000000
-1.340428,0.040484,-1.785704,-0.603051,1.072812,0.960952,0.000000,0.000000,0.000000,1.000000,0.000000
-0.273042,-0.680037,-1.852576,0.349608,1.648093,1.058131,0.000000,1.000000,0.000000,0.000000,0.000000
-1.529356,0.838628,0.383303,1.147815,1.883079,2.504398,0.000000,0.000000,0.000000,0.000000,1.000000
0.862039,1.056553,0.437364,0.650902,-2.021091,-1.848186,0.000000,0.000000,1.000000,0.000000,0.000000
0.596235,-0.310779,-1.065561,1.651216,1.248820,0.713506,1.000000,0.000000,0.000000,0.000000,0.000000
3.763301,-2.635563,-2.158634,2.613673,1.415862,-0.747271,0.000000,1.000000,0.000000,0.000000,0.000000
1.760316,-1.001942,-0.754975,0.909596,0.029742,-0.847392,0.000000,1.000000,0.000000,0.000000,0.000000
-0.113354,2.621391,2.321761,0.412887,-3.222860,-1.942086,0.000000,0.000000,0.000000,0.000000,1.000000
-0.072221,1.930437,1.456868,0.287163,-2.408595,-1.530132,0.000000,0.000000,1.000000,0.000000,0.000000
-1.876336,0.187998,-2.930527,-3.231682,-0.996726,-1.145861,0.000000,1.000000,0.000000,0.000000,0.000000
-2.035874,1.207748,-0.694595,-1.338662,-0.408464,0.239439,0.000000,1.000000,0.000000,0.000000,0.000000
-2.660529,0.422772,-2.620806,-2.797735,0.105406,0.256489,1.000000,0.000000,0.000000,0.000000,0.000000
-0.375705,1.384571,-0.571282,-0.381503,-1.899887,-1.578691,0.000000,1.000000,0.000000,0.000000,0.000000
0.766477,0.508862,0.069853,1.244497,-0.535628,-0.597094,0.000000,0.000000,0.000000,0.000000,1.000000
3.187767,-1.075092,0.035693,0.875898,-1.739253,-2.758348,0.000000,0.000000,1.000000,0.000000,0.000000
-0.708482,0.302278,-1.342319,1.428471,1.835660,1.693610,1.000000,0.000000,0.000000,0.000000,0.000000
0.577637,-0.602382,1.432864,0.648526,0.773101,0.818317,0.000000,0.000000,0.000000,1.000000,0.000000
1.391428,-0.860412,-1.690366,0.948575,0.325473,-0.664985,0.000000,1.000000,0.000000,0.000000,0.000000
-2.056871,1.561037,1.584024,0.730763,1.138388,2.380800,0.000000,0.000000,0.000000,0.000000,1.000000
0.106974,-1.359055,-1.006460,-1.704536,0.175513,-0.400630,1.000000,0.000000,0.000000,0.000000,0.000000
-2.717302,-0.868507,-2.772939,-3.183972,1.680138,1.477719,1.000000,0.000000,0.000000,0.000000,0.000000
1.992818,0.461420,-2.333773,2.768095,-0.634483,-1.630673,0.000000,0.000000,1.000000,0.000000,0.000000
0.109304,3.242241,1.973001,1.149484,-3.710462,-2.426590,0.000000,0.000000,0.000000,0.000000,1.000000
1.248006,-1.570059,1.540829,0.757149,1.413434,1.075746,0.000000,0.000000,0.000000,1.000000,0.000000
-0.278931,1.496275,-1.222303,1.164480,-0.709561,-0.593659,0.000000,0.000000,1.000000,0.000000,0.000000
-0.752923,1.668228,-3.523287,2.099323,0.518520,0.183931,0.000000,0.000000,1.000000,0.000000,0.000000
0.294544,1.307861,0.761813,0.425805,-1.859497,-1.404932,0.000000,0.000000,1.000000,0.000000,0.000000
1.709050,0.324401,-1.754116,0.190844,-2.539699,-3.278676,1.000000,0.000000,0.000000,0.000000,0.000000
-2.037454,0.713582,0.553026,-2.724735,-1.002797,-0.129329,0.000000,0.000000,0.000000,1.000000,0.000000
-1.546036,1.117228,-3.171229,-2.393949,-1.972954,-2.038156,0.000000,1.000000,0.000000,0.000000,0.000000
-2.640891,2.471906,1.063948,-1.712391,-1.788029,-0.221464,0.000000,0.000000,1.000000,0.000000,0.000000
1.982861,-1.572117,1.207474,2.731876,2.357747,1.706194,0.000000,0.000000,0.000000,1.000000,0.000000
2.229490,-0.633130,1.692168,1.859504,-0.159134,-0.468354,0.000000,0.000000,0.000000,0.000000,1.000000
0.082821,0.176063,-0.297755,-0.622780,-0.968555,-0.993687,0.000000,1.000000,0.000000,0.000000,0.000000
1.683936,-0.003201,-0.772748,0.477126,-1.738622,-2.324593,0.000000,0.000000,1.000000,0.000000,0.000000
-1.915215,0.405544,-0.185441,-0.654458,1.267764,1.780074,1.000000,0.000000,0.000000,0.000000,0.000000
-0.585610,0.475316,-2.271791,0.607355,0.617550,0.290446,0.000000,0.000000,0.000000,1.000000,0.000000
0.563919,0.653395,0.311681,1.087993,-0.628825,-0.541448,0.000000,0.000000,0.000000,0.000000,1.000000
-0.154983,0.363653,0.183916,-1.118802,-1.401490,-1.187650,0.000000,0.000000,1.000000,0.000000,0.000000
1.615356,-0.540329,2.055985,-0.500216,-1.762657,-1.740678,0.000000,0.000000,1.000000,0.000000,0.000000
-1.040242,-0.089619,-0.888885,-0.404726,1.077805,1.080200,0.000000,1.000000,0.000000,0.000000,0.000000
-0.162250,0.667807,-1.351575,1.479186,0.643098,0.471255,1.000000,0.000000,0.000000,0.000000,0.000000
-1.800639,0.848384,0.289476,-1.767417,-0.588692,0.169990,1.000000,0.000000,0.000000,0.000000,0.000000
-1.699507,0.703818,-0.920446,-2.085693,-0.837503,-0.429336,0.000000,1.000000,0.000000,0.000000,0.000000
-1.543057,0.187410,-1.231925,-1.098466,0.655015,0.781367,0.000000,0.000000,0.000000,1.000000,0.000000
-0.229636,0.330961,-1.693974,0.598022,0.365182,0.063826,0.000000,0.000000,0.000000,1.000000,0.000000
-0.372776,1.947738,-2.760011,2.708091,0.217731,0.040925,0.000000,0.000000,1.000000,0.000000,0.000000
1.713942,-0.553626,1.242049,2.542150,1.045846,0.738725,0.000000,0.000000,0.000000,1.000000,0.000000
0.873602,-1.859284,-0.005735,-0.938115,0.660689,0.003234,1.000000,0.000000,0.000000,0.000000,0.000000
-1.338537,-0.752600,-3.152365,-0.601404,2.200619,1.539479,0.000000,0.000000,0.000000,1.000000,0.000000
-0.496177,-0.920157,-0.201714,-0.748919,1.256783,1.099678,0.000000,0.000000,0.000000,0.000000,1.000000
-0.929726,1.382347,-0.024362,-0.363541,-1.149573,-0.569662,0.000000,0.000000,1.000000,0.000000,0.000000
2.816130,-2.106840,1.542010,1.541451,0.909616,0.052666,0.000000,0.000000,0.000000,1.000000,0.000000
0.157747,-0.365294,1.779750,1.497756,1.798883,2.058640,0.000000,0.000000,0.000000,0.000000,1.000000
-2.428444,2.289817,0.751972,-1.443145,-1.545711,-0.161303,0.000000,0.000000,1.000000,0.000000,0.000000
-1.875924,-0.014464,1.532501,-3.436740,-0.824638,0.086976,1.000000,0.000000,0.000000,0.000000,0.000000
-0.300683,1.561037,0.213582,0.403106,-1.484428,-0.964807,0.000000,0.000000,0.000000,0.000000,1.000000
-1.235112,0.827979,-0.979030,-1.329447,-0.894122,-0.596992,0.000000,1.000000,0.000000,0.000000,0.000000
-0.695037,1.293387,-0.278328,0.964985,-0.049865,0.346578,0.000000,0.000000,0.000000,0.000000,1.000000
0.388458,1.589445,-0.165578,0.842374,-2.005091,-1.741173,0.000000,1.000000,0.000000,0.000000,0.000000
-1.814596,1.629596,-1.967508,-1.536603,-1.521385,-1.120837,0.000000,1.000000,0.000000,0.000000,0.000000
-0.991143,1.969551,-1.200500,0.967329,-0.660428,-0.247786,1.000000,0.000000,0.000000,0.000000,0.000000
0.776070,1.018268,-1.027354,1.505991,-1.054799,-1.264752,0.000000,0.000000,1.000000,0.000000,0.000000
1.151644,-0.750928,0.561231,-0.774888,-1.143872,-1.435395,0.000000,0.000000,1.000000,0.000000,0.000000
1.854783,-0.280410,-0.139192,2.187152,0.100250,-0.497130,0.000000,0.000000,0.000000,1.000000,0.000000
-0.038396,1.540879,1.376647,0.298039,-1.877623,-1.129995,0.000000,0.000000,0.000000,0.000000,1.000000
-0.430032,0.960124,0.560939,-0.234475,-1.051748,-0.554519,0.000000,0.000000,0.000000,0.000000,1.000000
-2.076371,2.539014,0.435702,-1.017508,-1.960815,-0.682130,0.000000,0.000000,1.000000,0.000000,0.000000
-1.484746,1.332021,0.926016,0.862476,0.842733,1.728681,0.000000,0.000000,0.000000,0.000000,1.000000
4.654659,-0.703582,0.255372,4.960603,-0.247145,-1.578590,0.000000,0.000000,0.000000,0.000000,1.000000
-1.469578,2.038143,-1.809144,2.300094,1.135815,1.478326,1.000000,0.000000,0.000000,0.000000,0.000000
-0.328584,1.155540,0.793762,0.979795,-0.293621,0.249792,0.000000,0.000000,0.000000,0.000000,1.000000
-0.269376,1.547662,-0.900726,1.976586,-0.008693,0.171358,0.000000,0.000000,1.000000,0.000000,0.000000
-0.178689,-1.346444,-1.936708,0.080913,2.233060,1.433866,0.000000,0.000000,0.000000,1.000000,0.000000
-0.001414,1.026589,-3.324847,0.517455,-1.047462,-1.618099,1.000000,0.000000,0.000000,0.000000,0.000000
-1.090763,1.846725,-1.268220,1.656390,0.310271,0.672979,0.000000,0.000000,1.000000,0.000000,0.000000
1.467895,-0.909877,2.006598,1.994034,1.368212,1.230078,0.000000,0.000000,0.000000,1.000000,0.000000
-3.177079,3.118398,0.592097,0.018278,-0.370396,1.312425,0.000000,0.000000,0.000000,0.000000,1.000000
2.057882,-0.153716,1.979196,1.280220,-1.185577,-1.239042,0.000000,0.000000,0.000000,0.000000,1.000000
2.466740,-0.000889,-0.414597,0.859896,-2.385041,-3.069756,1.000000,0.000000,0.000000,0.000000,0.000000
1.626585,-1.584499,1.002240,-0.401561,-0.183480,-0.704837,0.000000,0.000000,0.000000,1.000000,0.000000
-0.396184,1.102707,0.355269,-0.352953,-1.420531,-0.940281,0.000000,0.000000,1.000000,0.000000,0.000000
2.216530,-2.074209,3.219828,2.248778,2.352052,2.030884,0.000000,0.000000,0.000000,1.000000,0.000000
-0.439519,0.195809,-0.830270,-0.332448,-0.047334,-0.091999,0.000000,1.000000,0.000000,0.000000,0.000000
0.695659,-3.204836,0.820808,-1.977752,1.858974,1.125494,0.000000,0.000000,0.000000,1.000000,0.000000
-0.303361,0.781865,0.695360,1.244698,0.469907,0.875626,0.000000,0.000000,0.000000,0.000000,1.000000
-2.200164,2.249454,0.632615,0.894084,0.465908,1.680881,0.000000,0.000000,0.000000,0.000000,1.000000
-4.206354,2.058312,-0.187780,0.810173,3.257570,4.670904,0.000000,0.000000,0.000000,0.000000,1.000000
0.511625,1.577132,1.704601,0.588881,-2.359718,-1.654110,0.000000,0.000000,1.000000,0.000000,0.000000
-0.599356,-1.121717,-0.421745,-0.825550,1.606145,1.366838,0.000000,0.000000,0.000000,0.000000,1.000000
-0.176118,-0.353130,-2.079054,-0.875971,-0.137479,-0.678058,1.000000,0.000000,0.000000,0.000000,0.000000
0.109487,-1.629843,-0.843355,0.610315,2.798679,2.113630,0.000000,0.000000,0.000000,1.000000,0.000000
-2.622532,-0.183564,-3.529197,-3.605051,0.143395,-0.072816,1.000000,0.000000,0.000000,0.000000,0.000000
-0.497545,-0.312546,-2.174532,-1.252793,-0.143133,-0.612059,1.000000,0.000000,0.000000,0.000000,0.000000
2.490546,1.374966,2.499971,2.750946,-2.542784,-2.208943,0.000000,0.000000,0.000000,0.000000,1.000000
-3.091866,-0.022585,-0.209897,-3.333347,0.838277,1.584456,0.000000,0.000000,0.000000,1.000000,0.000000
-0.965998,-0.004764,0.527431,-2.208820,-0.856060,-0.436218,0.000000,0.000000,1.000000,0.000000,0.000000
1.895634,0.005673,-2.325846,0.239520,-2.282219,-3.290777,1.000000,0.000000,0.000000,0.000000,0.000000
-1.244258,1.502142,-0.648541,-0.206549,-0.773946,-0.251997,1.000000,0.000000,0.000000,0.000000,0.000000
3.378877,-3.882909,1.802617,-1.234409,0.087574,-1.207749,1.000000,0.000000,0.000000,0.000000,0.000000
-0.285654,1.191879,0.065043,-0.012317,-1.370542,-0.974879,0.000000,1.000000,0.000000,0.000000,0.000000
1.936286,2.253890,2.437644,2.562259,-3.281551,-2.600297,0.000000,0.000000,0.000000,0.000000,1.000000
-0.720120,0.686290,-0.960213,0.658590,0.557751,0.640334,1.000000,0.000000,0.000000,0.000000,0.000000
2.088731,-0.883273,0.685236,1.707384,0.223514,-0.365083,0.000000,0.000000,0.000000,0.000000,1.000000
-2.330059,1.665332,0.145228,-1.790576,-1.111653,-0.053360,0.000000,0.000000,1.000000,0.000000,0.000000
-1.106227,2.009080,-2.364859,3.340812,1.698767,1.779526,1.000000,0.000000,0.000000,0.000000,0.000000
-0.708497,1.085505,1.029066,-0.652001,-1.266047,-0.543159,0.000000,0.000000,0.000000,0.000000,1.000000
-2.153679,0.364341,0.191820,-1.625677,0.708393,1.389284,0.000000,1.000000,0.000000,0.000000,0.000000
-0.288308,0.479848,-0.969378,1.138808,0.758610,0.671534,1.000000,0.000000,0.000000,0.000000,0.000000
-0.958502,-0.301667,-0.830320,-1.216683,0.498209,0.467849,0.000000,0.000000,0.000000,1.000000,0.000000
0.671260,-2.983110,-0.687498,-0.656518,2.815903,1.728133,0.000000,0.000000,0.000000,1.000000,0.000000
2.047734,1.795821,1.854194,2.612651,-2.722513,-2.333802,0.000000,0.000000,0.000000,0.000000,1.000000
1.775959,0.283328,-1.211242,0.331292,-2.422472,-3.057272,1.000000,0.000000,0.000000,0.000000,0.000000
0.228832,1.697478,1.215160,0.667812,-2.099077,-1.422359,0.000000,0.000000,0.000000,0.000000,1.000000
-1.117091,1.689183,-2.498170,-0.884042,-1.895295,-1.788794,1.000000,0.000000,0.000000,0.000000,0.000000
0.482651,-1.138264,-1.909677,0.709805,1.677049,0.770379,0.000000,0.000000,0.000000,1.000000,0.000000
-1.040890,1.401822,-1.157375,0.424025,-0.293818,0.008719,0.000000,0.000000,1.000000,0.000000,0.000000
0.136613,-1.061167,-0.851210,0.211936,1.553414,1.023962,0.000000,0.000000,0.000000,1.000000,0.000000
1.091432,0.062364,1.448681,1.388137,-0.147737,-0.062705,0.000000,0.000000,0.000000,0.000000,1.000000
-3.143252,2.057889,0.304079,0.903983,1.974494,3.268356,0.000000,0.000000,0.000000,0.000000,1.000000
-1.557261,-1.147462,-1.127843,-1.762101,1.974812,1.799432,0.000000,0.000000,0.000000,1.000000,0.000000
2.946373,-2.725037,0.039094,1.733998,1.798090,0.369140,0.000000,0.000000,0.000000,1.000000,0.000000
-0.732712,1.530540,1.820189,0.661673,-0.601794,0.396663,0.000000,0.000000,0.000000,0.000000,1.000000
1.511869,0.636806,0.801673,1.975127,-0.974352,-1.011842,0.000000,0.000000,0.000000,0.000000,1.000000
0.165584,1.213650,0.130596,-0.765535,-2.713552,-2.371880,0.000000,1.000000,0.000000,0.000000,0.000000
0.397562,-1.441910,-0.948921,-0.687570,0.898794,0.215962,1.000000,0.000000,0.000000,0.000000,0.000000
-0.891901,0.042573,-0.031044,-0.284014,0.823820,1.036761,1.000000,0.000000,0.000000,0.000000,0.000000
-2.154344,2.619311,-3.000983,-1.777146,-2.766558,-2.276654,0.000000,1.000000,0.000000,0.000000,0.000000
-2.197250,1.280251,1.171345,0.705929,1.697825,2.795895,0.000000,0.000000,0.000000,0.000000,1.000000
2.336468,-0.878249,-0.198910,0.924945,-0.874886,-1.710984,0.000000,1.000000,0.000000,0.000000,0.000000
-2.440992,2.003621,1.362352,0.408895,0.681136,2.082377,0.000000,0.000000,0.000000,0.000000,1.000000
-1.194057,1.864381,0.538261,0.046358,-1.101484,-0.208953,0.000000,1.000000,0.000000,0.000000,0.000000
1.824202,0.910179,0.490615,1.542157,-2.200060,-2.298035,0.000000,1.000000,0.000000,0.000000,0.000000
-0.443172,0.953902,1.037866,-0.265173,-1.047067,-0.429162,0.000000,0.000000,0.000000,0.000000,1.000000
1.501945,-0.438551,2.067024,0.362283,-0.931821,-0.883553,0.000000,0.000000,0.000000,1.000000,0.000000
1.212501,-1.411226,-0.782733,-0.317935,0.153446,-0.675030,1.000000,0.000000,0.000000,0.000000,0.000000
-1.527568,-0.557980,-1.621504,-1.191425,1.621372,1.453628,0.000000,0.000000,0.000000,1.000000,0.000000
-1.421120,2.312531,-1.901218,2.680930,1.039600,1.408232,1.000000,0.000000,0.000000,0.000000,0.000000
0.127661,-1.881520,-0.621639,-1.015690,1.577766,0.931380,0.000000,0.000000,0.000000,1.000000,0.000000
-0.603164,-0.120631,-0.937229,-0.252088,0.700713,0.579852,0.000000,1.000000,0.000000,0.000000,0.000000
-1.667126,1.496201,-0.996548,-1.094366,-1.076749,-0.518325,0.000000,0.000000,0.000000,1.000000,0.000000
-0.001787,3.539850,3.043636,0.691494,-4.421296,-2.752885,0.000000,0.000000,0.000000,0.000000,1.000000
3.497648,-1.561782,-0.883912,1.775851,-0.583879,-2.059323,0.000000,1.000000,0.000000,0.000000,0.000000
0.273115,0.802804,-0.453223,0.372891,-1.169719,-1.143618,0.000000,0.000000,1.000000,0.000000,0.000000
0.309200,-0.097338,-0.457514,1.109908,0.800877,0.555274,0.000000,0.000000,0.000000,1.000000,0.000000
-0.415094,0.645164,-0.655019,-0.598843,-0.985481,-0.864453,0.000000,0.000000,1.000000,0.000000,0.000000
-0.271168,0.913504,1.107237,-0.098951,-1.050727,-0.470386,0.000000,0.000000,0.000000,0.000000,1.000000
-0.116218,-1.183299,-0.731104,-0.880148,1.009441,0.570614,0.000000,0.000000,0.000000,1.000000,0.000000
0.097396,0.731336,-0.464721,0.611473,-0.607728,-0.571948,0.000000,0.000000,1.000000,0.000000,0.000000
0.487718,0.543224,-0.021385,2.036612,0.538593,0.499625,0.000000,0.000000,1.000000,0.000000,0.000000
1.169667,-2.367480,-1.199758,1.204246,3.057626,1.831686,0.000000,0.000000,0.000000,1.000000,0.000000
-2.758486,2.095674,2.213241,-2.466701,-1.795782,0.008050,0.000000,0.000000,1.000000,0.000000,0.000000
-0.544827,-1.235197,-1.813013,-2.589824,-0.023505,-0.591422,1.000000,0.000000,0.000000,0.000000,0.000000
2.788296,-0.468407,1.616314,1.670807,-1.308174,-1.711630,0.000000,0.000000,0.000000,0.000000,1.000000
0.780413,-2.764523,-1.351582,-0.316908,2.672338,1.441760,0.000000,0.000000,0.000000,1.000000,0.000000
-0.974062,-1.639412,-0.050565,-2.240824,1.488122,1.335274,0.000000,0.000000,0.000000,1.000000,0.000000
0.887898,0.906360,-0.625481,0.071222,-2.413194,-2.530201,0.000000,0.000000,1.000000,0.000000,0.000000
-0.450526,1.773035,-1.651336,1.896889,-0.190074,-0.093449,1.000000,0.000000,0.000000,0.000000,0.000000
-0.538142,-0.376679,-1.712234,-0.106494,1.115138,0.714835,0.000000,0.000000,0.000000,1.000000,0.000000
-1.747411,1.690787,-1.823406,2.559922,2.251754,2.552505,1.000000,0.000000,0.000000,0.000000,0.000000
4.313387,-3.037541,-2.020506,2.924238,1.585996,-0.782786,0.000000,1.000000,0.000000,0.000000,0.000000
-0.769763,1.179823,-1.058961,-1.041637,-1.734393,-1.477994,0.000000,1.000000,0.000000,0.000000,0.000000
-1.344087,-2.422076,-0.718117,-2.148802,3.183431,2.737893,0.000000,0.000000,0.000000,1.000000,0.000000
-1.542204,-1.637059,-0.422708,-2.421952,2.042661,1.931475,0.000000,0.000000,0.000000,1.000000,0.000000
-1.539493,1.229534,0.966034,-1.359509,-1.077371,-0.122181,0.000000,0.000000,0.000000,0.000000,1.000000
-1.315359,1.485952,-2.047789,2.324253,1.756554,1.858495,1.000000,0.000000,0.000000,0.000000,0.000000
2.155020,-1.529931,1.570770,1.455079,0.848616,0.302379,0.000000,0.000000,0.000000,1.000000,0.000000
-0.293430,-0.583130,-1.935740,0.369420,1.551515,0.970442,0.000000,0.000000,0.000000,1.000000,0.000000
3.335884,2.172478,1.598357,4.526909,-3.104745,-3.032546,0.000000,0.000000,0.000000,0.000000,1.000000
-0.727097,1.213524,-1.568519,1.917526,1.003586,1.034154,1.000000,0.000000,0.000000,0.000000,0.000000
0.815091,-0.299538,-0.230032,0.147715,-0.486460,-0.810355,0.000000,1.000000,0.000000,0.000000,0.000000
1.986364,-0.957066,-1.385669,1.145621,-0.112745,-1.193068,0.000000,1.000000,0.000000,0.000000,0.000000
1.717033,-2.035942,-0.903742,-0.149993,0.564517,-0.577828,1.000000,0.000000,0.000000,0.000000,0.000000
1.257983,-1.782952,0.251799,-1.721263,-0.700196,-1.333591,0.000000,0.000000,1.000000,0.000000,0.000000
-1.795782,0.932783,0.733521,1.293110,2.238739,3.026727,0.000000,0.000000,0.000000,0.000000,1.000000
0.780492,-0.165774,0.482087,1.474613,0.654824,0.506492,0.000000,0.000000,0.000000,0.000000,1.000000
-2.447213,0.467808,-0.048733,-2.722473,-0.121032,0.629904,0.000000,0.000000,0.000000,1.000000,0.000000
-2.257391,1.961349,-1.909224,-1.443832,-1.337079,-0.738211,0.000000,1.000000,0.000000,0.000000,0.000000
1.965024,-0.442037,-0.467008,0.258200,-1.672443,-2.354253,1.000000,0.000000,0.000000,0.000000,0.000000
-2.129321,2.219276,1.112578,0.377428,-0.071986,1.255473,0.000000,0.000000,0.000000,0.000000,1.000000
-2.006717,-1.571500,-1.888195,-1.626102,3.293284,2.913327,0.000000,0.000000,0.000000,1.000000,0.000000
-2.302589,1.677947,-0.547138,-0.734543,-0.160036,0.688387,1.000000,0.000000,0.000000,0.000000,0.000000
1.794203,-0.893664,-0.857232,0.895008,-0.187402,-1.068397,0.000000,1.000000,0.000000,0.000000,0.000000
-0.263712,0.137984,2.209541,0.645264,0.801887,1.424254,0.000000,0.000000,0.000000,1.000000,0.000000
0.190375,-1.404631,0.142394,-0.507756,1.305929,0.944208,0.000000,0.000000,0.000000,0.000000,1.000000
0.495955,-0.646610,-0.092726,0.420711,0.698051,0.378902,1.000000,0.000000,0.000000,0.000000,0.000000
0.226521,-2.691819,-0.918544,-0.810687,2.818653,1.855382,0.000000,0.000000,0.000000,1.000000,0.000000
-2.822860,-0.669498,-5.570476,-5.608049,-0.854927,-1.594424,0.000000,1.000000,0.000000,0.000000,0.000000
3.601572,-2.467737,-0.877008,2.164989,0.971956,-0.777548,0.000000,1.000000,0.000000,0.000000,0.000000
-1.396488,2.073480,-1.983200,-0.294063,-1.512955,-1.134128,0.000000,0.000000,1.000000,0.000000,0.000000
-1.253076,1.834594,-1.546359,1.975440,0.841621,1.157836,1.000000,0.000000,0.000000,0.000000,0.000000
0.018678,-1.982500,-0.309754,-1.370320,1.529805,0.970380,0.000000,0.000000,0.000000,1.000000,0.000000
0.779866,-0.612865,-0.549543,0.687879,0.529457,0.033316,0.000000,0.000000,0.000000,1.000000,0.000000
0.792897,-1.035329,-1.530498,0.679695,1.101544,0.247645,0.000000,0.000000,0.000000,1.000000,0.000000
-1.263384,0.591907,-0.446815,-1.580993,-0.747738,-0.366214,0.000000,0.000000,0.000000,1.000000,0.000000
0.981571,0.573096,1.563969,1.150373,-0.973846,-0.692631,0.000000,0.000000,0.000000,1.000000,0.000000
-2.219892,0.521987,0.103974,-2.868195,-0.633134,0.123929,0.000000,0.000000,0.000000,1.000000,0.000000
1.792715,-0.607559,1.332284,1.658916,0.172307,-0.114868,0.000000,0.000000,0.000000,0.000000,1.000000
-1.349573,0.436707,-0.069269,-1.231666,-0.067214,0.374635,0.000000,1.000000,0.000000,0.000000,0.000000
-1.033936,-0.276319,-0.927284,-1.060052,0.708743,0.672704,0.000000,0.000000,0.000000,1.000000,0.000000
0.147131,-1.584077,-0.585132,-0.104386,1.999050,1.405587,0.000000,0.000000,0.000000,1.000000,0.000000
-0.221579,-0.286371,-1.200900,0.695204,1.353445,1.006203,0.000000,0.000000,0.000000,1.000000,0.000000
0.330104,1.371960,-1.881337,1.783401,-0.735899,-0.973564,0.000000,0.000000,1.000000,0.000000,0.000000
-2.044311,1.477712,-0.372346,-0.261499,0.253698,1.018890,1.000000,0.000000,0.000000,0.000000,0.000000
1.158859,1.249629,-0.071140,0.788348,-2.563772,-2.537130,0.000000,1.000000,0.000000,0.000000,0.000000
1.568952,-1.625465,-1.459456,1.250502,1.500728,0.315459,0.000000,1.000000,0.000000,0.000000,0.000000
1.987810,-0.086806,-0.365454,0.524669,-1.959590,-2.536288,0.000000,1.000000,0.000000,0.000000,0.000000
-1.906718,-0.824250,-1.369809,-1.820905,1.898988,1.829299,0.000000,0.000000,0.000000,1.000000,0.000000
-0.551061,0.956740,-1.316697,-1.269352,-1.918552,-1.826508,0.000000,1.000000,0.000000,0.000000,0.000000
-1.430399,4.756616,-0.991331,0.797669,-4.297433,-2.991983,0.000000,1.000000,0.000000,0.000000,0.000000
-1.935011,1.912254,-1.942044,0.796190,0.472672,0.903423,0.000000,0.000000,1.000000,0.000000,0.000000
1.070392,3.175416,2.654853,1.822399,-4.203231,-3.005693,0.000000,0.000000,0.000000,0.000000,1.000000
-0.134072,0.617083,-0.011628,-0.458832,-1.164263,-0.958659,0.000000,0.000000,1.000000,0.000000,0.000000
1.900621,-1.022641,0.445151,2.117339,1.061463,0.404930,0.000000,0.000000,0.000000,0.000000,1.000000
-1.677806,1.745829,-1.884661,2.316145,1.845370,2.138003,1.000000,0.000000,0.000000,0.000000,0.000000
-1.533344,-0.831769,-1.425997,-1.313598,1.912194,1.725958,0.000000,0.000000,0.000000,1.000000,0.000000
3.941749,-2.587568,0.925527,0.847620,-0.534875,-1.901046,1.000000,0.000000,0.000000,0.000000,0.000000
2.527831,-1.687199,1.002694,-0.539573,-1.339252,-2.085050,1.000000,0.000000,0.000000,0.000000,0.000000
0.845375,0.176957,-0.760665,0.108086,-1.265200,-1.600275,0.000000,1.000000,0.000000,0.000000,0.000000
-0.257366,1.098228,0.821814,0.012932,-1.234064,-0.682545,0.000000,0.000000,0.000000,0.000000,1.000000
0.640621,0.729091,-0.262809,-0.391961,-2.274228,-2.277219,0.000000,0.000000,1.000000,0.000000,0.000000
1.400106,-3.019498,-1.958747,0.690776,3.197380,1.576206,0.000000,0.000000,0.000000,1.000000,0.000000
-0.656042,0.426090,1.101585,-0.215582,0.045284,0.585529,0.000000,1.000000,0.000000,0.000000,0.000000
-1.838920,1.517115,-1.204305,-1.579385,-1.354576,-0.787491,0.000000,1.000000,0.000000,0.000000,0.000000
2.127304,-1.204900,-1.036074,1.182921,0.105863,-0.986058,0.000000,1.000000,0.000000,0.000000,0.000000
0.181601,-2.088364,0.296463,1.065047,3.828483,3.273738,0.000000,0.000000,0.000000,1.000000,0.000000
1.636180,0.258680,-1.877837,1.740567,-0.858455,-1.680877,0.000000,0.000000,1.000000,0.000000,0.000000
-0.469650,-0.399264,-1.048944,0.987735,2.124459,1.830925,0.000000,0.000000,0.000000,1.000000,0.000000
-2.365632,2.073567,-0.483833,0.041648,0.096220,1.053172,1.000000,0.000000,0.000000,0.000000,0.000000
0.503981,0.875914,-0.717078,0.247775,-1.701179,-1.768801,0.000000,0.000000,1.000000,0.000000,0.000000
-2.195149,-0.354426,0.820957,-3.752279,-0.231861,0.495388,0.000000,0.000000,0.000000,1.000000,0.000000
0.545350,-0.362986,0.505484,1.361331,1.138315,1.000139,0.000000,0.000000,0.000000,1.000000,0.000000
-1.413675,0.934762,-0.324293,-0.079798,0.398157,0.884324,1.000000,0.000000,0.000000,0.000000,0.000000
-1.443302,2.453774,-1.121000,1.552631,-0.210507,0.431693,0.000000,0.000000,1.000000,0.000000,0.000000
-1.995633,2.593548,1.892699,0.241839,-0.906813,0.687737,0.000000,0.000000,0.000000,0.000000,1.000000
-0.744347,-2.625479,-0.063306,-2.251573,2.611126,2.143311,0.000000,0.000000,0.000000,1.000000,0.000000
0.515211,-0.237082,0.412891,0.414035,0.080345,-0.009163,0.000000,0.000000,0.000000,0.000000,1.000000
0.214871,-1.160342,-0.624059,-0.697489,0.723360,0.236859,0.000000,0.000000,0.000000,1.000000,0.000000
1.018604,1.337263,1.116842,1.539613,-1.764584,-1.413599,0.000000,0.000000,0.000000,0.000000,1.000000
0.200520,1.721298,-2.519092,1.856859,-1.014914,-1.291897,0.000000,0.000000,1.000000,0.000000,0.000000
0.296021,1.688324,-0.945020,1.414234,-1.490827,-1.392552,0.000000,0.000000,1.000000,0.000000,0.000000
0.338026,-0.431741,1.727904,1.112141,1.288546,1.490328,0.000000,0.000000,0.000000,1.000000,0.000000
0.846100,0.670793,-0.070739,1.030118,-1.083329,-1.147571,0.000000,0.000000,1.000000,0.000000,0.000000
0.147632,-0.940664,-0.344468,-1.497936,-0.274741,-0.592010,1.000000,0.000000,0.000000,0.000000,0.000000
-0.907074,1.272116,-1.448622,2.399214,1.618666,1.718747,1.000000,0.000000,0.000000,0.000000,0.000000
-2.067368,1.018434,-0.380228,-1.449938,-0.194376,0.492264,0.000000,1.000000,0.000000,0.000000,0.000000
-1.625391,0.587817,-0.599780,-0.025715,1.224835,1.596572,1.000000,0.000000,0.000000,0.000000,0.000000
-1.291286,1.879962,-1.057837,0.659298,-0.434338,0.067575,0.000000,0.000000,1.000000,0.000000,0.000000
2.539848,0.097450,0.060361,1.214336,-2.273356,-2.842423,1.000000,0.000000,0.000000,0.000000,0.000000
-2.108796,1.895376,-1.472351,1.143128,1.065458,1.635681,1.000000,0.000000,0.000000,0.000000,0.000000
0.944217,-1.728766,1.754740,0.998773,2.275460,2.008931,0.000000,0.000000,0.000000,1.000000,0.000000
-1.253235,1.531318,0.323237,0.711178,0.096134,0.838342,0.000000,0.000000,0.000000,0.000000,1.000000
-0.871439,-0.417199,0.354942,-1.031912,0.751043,0.958590,0.000000,0.000000,0.000000,0.000000,1.000000
-0.370316,-0.282324,-0.740679,-0.871914,0.038941,-0.107403,0.000000,0.000000,0.000000,1.000000,0.000000
-0.843372,1.548637,-1.653896,2.135289,0.876381,0.993150,1.000000,0.000000,0.000000,0.000000,0.000000
-1.535115,0.311104,-0.391252,0.303630,1.830249,2.149358,1.000000,0.000000,0.000000,0.000000,0.000000
2.811099,-2.405167,-1.332103,1.968896,1.712314,0.050140,0.000000,1.000000,0.000000,0.000000,0.000000
-1.207325,-0.888752,-0.959581,-1.314358,1.578231,1.419624,0.000000,0.000000,0.000000,1.000000,0.000000
-1.053007,-1.030532,-2.881688,-2.135733,0.759336,0.079082,1.000000,0.000000,0.000000,0.000000,0.000000
-0.798328,1.372292,-0.536958,-0.445641,-1.393682,-0.970345,0.000000,0.000000,1.000000,0.000000,0.000000
0.251180,0.499308,-0.083817,-0.113112,-1.162310,-1.103640,0.000000,1.000000,0.000000,0.000000,0.000000
1.044122,-1.462674,1.593503,1.565290,2.302115,2.024624,0.000000,0.000000,0.000000,1.000000,0.000000
3.613199,-2.451671,1.007071,0.394431,-0.740271,-1.961519,1.000000,0.000000,0.000000,0.000000,0.000000
-1.456428,1.956592,-1.702393,1.881370,0.835559,1.194024,1.000000,0.000000,0.000000,0.000000,0.000000
-2.314949,0.181369,0.057303,-2.900100,-0.046298,0.631509,0.000000,0.000000,0.000000,1.000000,0.000000
-0.745265,0.833377,-1.470172,-1.105665,-1.331728,-1.272313,0.000000,1.000000,0.000000,0.000000,0.000000
-1.302506,0.618041,-1.332847,1.748626,2.458100,2.524341,1.000000,0.000000,0.000000,0.000000,0.000000
-1.156502,0.306008,0.231909,1.405448,2.417512,2.768291,0.000000,0.000000,0.000000,0.000000,1.000000
-0.037442,-0.611675,0.645110,-1.923420,-0.905011,-0.834061,0.000000,0.000000,1.000000,0.000000,0.000000
0.654158,0.178687,0.439784,-0.263549,-1.356645,-1.338106,0.000000,1.000000,0.000000,0.000000,0.000000
3.204318,-0.931835,-0.044507,3.486126,0.544682,-0.547240,0.000000,0.000000,0.000000,0.000000,1.000000
2.733465,-0.749098,0.018253,0.949232,-1.551636,-2.389497,0.000000,0.000000,1.000000,0.000000,0.000000
-0.936164,-0.603015,-0.996727,-1.147953,0.970263,0.811644,0.000000,0.000000,0.000000,1.000000,0.000000
0.543969,0.167292,0.631510,-0.877102,-1.784682,-1.676410,0.000000,0.000000,1.000000,0.000000,0.000000
0.745630,-0.561237,2.108090,2.257415,2.056529,2.188851,0.000000,0.000000,0.000000,1.000000,0.000000
0.653685,1.891613,-1.674042,0.243336,-3.391792,-3.461789,0.000000,1.000000,0.000000,0.000000,0.000000
0.489275,0.366760,-0.810385,1.752083,0.505296,0.233027,0.000000,0.000000,0.000000,1.000000,0.000000
0.449316,-1.029605,-2.135242,-0.533275,0.361033,-0.523942,1.000000,0.000000,0.000000,0.000000,0.000000
-0.860307,0.838785,-0.459469,-0.380167,-0.473740,-0.160503,1.000000,0.000000,0.000000,0.000000,0.000000
0.995588,-1.135968,-1.364823,0.833498,1.135157,0.245203,0.000000,1.000000,0.000000,0.000000,0.000000
0.674271,0.145293,1.570842,1.116553,0.014700,0.254535,0.000000,0.000000,0.000000,0.000000,1.000000
-0.658090,-1.251710,-1.685125,-2.988258,-0.233935,-0.735801,0.000000,1.000000,0.000000,0.000000,0.000000
1.827934,-0.827978,0.727519,2.019826,0.784091,0.268637,0.000000,0.000000,0.000000,0.000000,1.000000
0.000923,0.737794,-0.243166,0.576708,-0.521371,-0.406120,0.000000,0.000000,0.000000,0.000000,1.000000
-0.751503,1.588838,-1.414623,1.890524,0.466776,0.641123,0.000000,0.000000,1.000000,0.000000,0.000000
1.176063,-0.062926,0.712467,1.110771,-0.355596,-0.496096,0.000000,0.000000,0.000000,0.000000,1.000000
-0.376623,-2.152564,-1.118792,-1.014692,2.619724,1.891314,0.000000,0.000000,0.000000,1.000000,0.000000
1.237697,-0.765561,0.175999,2.156584,1.583334,1.075253,0.000000,0.000000,0.000000,1.000000,0.000000
0.227498,-0.382311,2.112551,1.885178,2.111845,2.421130,0.000000,0.000000,0.000000,1.000000,0.000000
3.367453,0.368643,1.496276,3.587430,-1.432572,-1.838295,0.000000,0.000000,0.000000,0.000000,1.000000
-0.565644,0.670210,-0.830958,-0.967119,-1.183913,-1.053892,0.000000,1.000000,0.000000,0.000000,0.000000
-1.098804,0.546426,-1.025736,0.960730,1.543340,1.647489,1.000000,0.000000,0.000000,0.000000,0.000000
3.294062,-0.819061,0.913781,0.252636,-2.834901,-3.571442,0.000000,0.000000,1.000000,0.000000,0.000000
-0.477816,1.689006,2.385726,0.287640,-1.514171,-0.378135,0.000000,0.000000,0.000000,0.000000,1.000000
1.637230,-1.016108,-1.162782,0.970675,0.262276,-0.694252,0.000000,1.000000,0.000000,0.000000,0.000000
1.250239,0.828372,-4.452413,3.831553,0.786652,-0.507318,0.000000,0.000000,1.000000,0.000000,0.000000
0.876859,-1.187271,-0.551470,-0.759329,-0.156721,-0.778645,0.000000,1.000000,0.000000,0.000000,0.000000
1.207777,0.469999,-0.440336,0.004185,-2.256767,-2.512647,1.000000,0.000000,0.000000,0.000000,0.000000
5.392692,-2.957464,2.166830,0.877154,-1.834775,-3.316902,1.000000,0.000000,0.000000,0.000000,0.000000
-0.442530,2.611942,-0.789674,0.212242,-3.027451,-2.440815,0.000000,1.000000,0.000000,0.000000,0.000000
1.241070,-0.085086,-0.692874,0.337312,-1.177123,-1.660990,0.000000,1.000000,0.000000,0.000000,0.000000
0.581651,-2.555581,-1.451948,-0.169270,2.767849,1.607226,0.000000,0.000000,0.000000,1.000000,0.000000
0.533046,1.042136,-1.324240,-0.472187,-2.684444,-2.841290,0.000000,1.000000,0.000000,0.000000,0.000000
-1.636403,1.533935,1.206491,-1.448937,-1.475565,-0.355528,0.000000,0.000000,1.000000,0.000000,0.000000
-2.033092,0.876854,-1.127993,-2.181977,-0.751357,-0.270966,0.000000,1.000000,0.000000,0.000000,0.000000
3.276391,-0.357754,1.176277,3.137641,-0.697857,-1.339601,0.000000,0.000000,0.000000,0.000000,1.000000
-0.921670,-1.890382,-0.917260,0.069739,3.995945,3.472846,0.000000,0.000000,0.000000,1.000000,0.000000
-0.004418,1.289182,1.852335,0.746257,-1.116246,-0.339682,0.000000,0.000000,0.000000,0.000000,1.000000
0.090479,-2.098788,-1.074433,-0.592722,2.341510,1.519548,0.000000,0.000000,0.000000,1.000000,0.000000
1.065306,0.236213,0.259245,1.368615,-0.405378,-0.563045,0.000000,0.000000,0.000000,0.000000,1.000000
-1.419935,0.419356,0.232889,-1.224587,0.061461,0.589241,0.000000,0.000000,0.000000,0.000000,1.000000
3.371746,-2.351524,1.402556,-0.187831,-1.126010,-2.149095,1.000000,0.000000,0.000000,0.000000,0.000000
-0.087683,0.160135,-2.495210,1.104072,0.902624,0.308577,0.000000,0.000000,0.000000,1.000000,0.000000
1.532145,-0.380050,-0.544505,0.519624,-0.949007,-1.545357,0.000000,1.000000,0.000000,0.000000,0.000000
0.773034,-0.543832,0.817747,-1.303555,-1.457327,-1.527946,0.000000,0.000000,1.000000,0.000000,0.000000
4.462481,-1.712258,-0.501954,2.050200,-1.349136,-2.994990,0.000000,1.000000,0.000000,0.000000,0.000000
-0.420276,-0.278863,-1.233904,-0.327429,0.615073,0.340281,0.000000,0.000000,0.000000,1.000000,0.000000
0.308194,0.282286,0.601427,-0.897188,-1.664978,-1.480253,0.000000,0.000000,1.000000,0.000000,0.000000
1.714170,0.373115,-1.642906,1.070244,-1.767933,-2.496921,0.000000,0.000000,1.000000,0.000000,0.000000
2.270057,-0.705644,-0.234198,2.471659,0.450392,-0.385552,0.000000,0.000000,0.000000,0.000000,1.000000
0.766839,1.419393,-0.553112,0.541951,-2.546195,-2.498189,0.000000,1.000000,0.000000,0.000000,0.000000
-1.429947,2.053904,2.192497,-1.245171,-2.286177,-0.837074,0.000000,0.000000,1.000000,0.000000,0.000000
0.428498,-1.277280,-1.183315,-0.007162,1.270998,0.543886,0.000000,0.000000,0.000000,1.000000,0.000000
-1.118118,2.461126,-1.108362,0.303388,-1.847466,-1.231395,0.000000,0.000000,1.000000,0.000000,0.000000
-0.801531,1.292851,0.704250,0.816521,-0.036888,0.632068,0.000000,0.000000,0.000000,0.000000,1.000000
-0.364314,-0.533573,-0.728020,-1.627621,-0.331810,-0.517564,1.000000,0.000000,0.000000,0.000000,0.000000
0.785328,1.250610,-1.503210,2.291097,-0.656002,-0.950888,1.000000,0.000000,0.000000,0.000000,0.000000
-0.336593,1.440098,1.705089,-0.333682,-1.946509,-1.056104,0.000000,0.000000,1.000000,0.000000,0.000000
1.780259,-1.428951,-1.928929,1.370949,1.048542,-0.252661,0.000000,1.000000,0.000000,0.000000,0.000000
-2.209813,1.906888,0.178179,0.787430,0.865537,1.882901,0.000000,0.000000,0.000000,0.000000,1.000000
-0.543802,0.400424,-1.801195,0.377345,0.458379,0.226560,0.000000,0.000000,0.000000,1.000000,0.000000
-1.051376,1.071329,-0.559364,0.680281,0.456969,0.814338,1.000000,0.000000,0.000000,0.000000,0.000000
2.083654,-1.219570,2.227925,1.400764,0.449485,0.166178,0.000000,0.000000,0.000000,1.000000,0.000000
1.821189,-0.772912,2.509939,0.796311,-0.435563,-0.451812,0.000000,0.000000,0.000000,1.000000,0.000000
-1.535748,1.012238,0.950688,-1.842849,-1.232563,-0.323339,0.000000,0.000000,1.000000,0.000000,0.000000
0.012226,0.942347,1.200315,1.028351,-0.373424,0.136507,0.000000,0.000000,0.000000,0.000000,1.000000
-1.046306,0.563216,-0.292571,-0.443097,0.110622,0.436217,1.000000,0.000000,0.000000,0.000000,0.000000
0.806126,-1.491278,0.567366,0.051263,1.176914,0.741078,0.000000,0.000000,0.000000,0.000000,1.000000
1.226817,1.568703,-2.733704,4.160916,0.088397,-0.589092,0.000000,0.000000,1.000000,0.000000,0.000000
-0.848528,1.343960,-1.048829,0.237650,-0.637637,-0.360359,0.000000,0.000000,1.000000,0.000000,0.000000
-1.699446,1.992703,1.026722,-1.298497,-1.918082,-0.712265,0.000000,0.000000,0.000000,0.000000,1.000000
0.048890,-0.067753,3.869591,1.233236,1.289028,2.179272,0.000000,0.000000,0.000000,1.000000,0.000000
-3.109023,1.795429,1.766223,-2.954193,-1.381139,0.327226,0.000000,0.000000,1.000000,0.000000,0.000000
-2.170879,0.701444,-1.591638,-1.275838,0.547755,0.867371,0.000000,0.000000,0.000000,1.000000,0.000000
3.221347,0.446468,0.689139,2.286167,-2.623129,-3.132410,0.000000,0.000000,1.000000,0.000000,0.000000
-0.521866,1.673560,-1.402354,1.336659,-0.488338,-0.321542,1.000000,0.000000,0.000000,0.000000,0.000000
-0.836387,-1.854863,1.309332,-1.403915,2.451580,2.520460,0.000000,0.000000,0.000000,1.000000,0.000000
1.039385,-0.759917,-1.093344,0.632970,0.343399,-0.382901,0.000000,1.000000,0.000000,0.000000,0.000000
0.629394,1.120119,1.770700,0.880159,-1.567266,-1.002186,0.000000,0.000000,0.000000,0.000000,1.000000
-0.281287,1.076742,-1.562203,2.192962,0.888019,0.774880,1.000000,0.000000,0.000000,0.000000,0.000000
3.282309,-2.351970,0.712721,0.250562,-0.598437,-1.787405,1.000000,0.000000,0.000000,0.000000,0.000000
-2.923349,1.303254,-0.343241,1.177029,3.036705,3.912037,0.000000,0.000000,0.000000,0.000000,1.000000
2.440856,-0.358034,1.861259,1.573497,-1.106263,-1.338633,0.000000,0.000000,0.000000,1.000000,0.000000
-0.445210,-1.875834,0.328854,-0.560666,2.769089,2.473301,0.000000,0.000000,0.000000,1.000000,0.000000
4.396700,-2.474524,-1.457521,2.585644,0.343224,-1.744390,0.000000,1.000000,0.000000,0.000000,0.000000
-2.570907,1.267865,1.352499,0.613689,2.115939,3.342519,0.000000,0.000000,0.000000,0.000000,1.000000
-1.789789,1.995050,-1.884699,-1.662328,-2.204202,-1.687860,0.000000,1.000000,0.000000,0.000000,0.000000
0.071248,0.112898,-0.684320,0.415690,0.132202,-0.037609,1.000000,0.000000,0.000000,0.000000,0.000000
3.061693,-1.236049,-1.298979,1.584271,-0.681764,-2.069990,0.000000,1.000000,0.000000,0.000000,0.000000
-0.020871,1.545451,-3.672344,2.667153,0.289447,-0.297618,0.000000,0.000000,1.000000,0.000000,0.000000
-1.100262,-1.036834,-1.372306,-0.915294,2.031553,1.694068,0.000000,0.000000,1.000000,0.000000,0.000000
0.392535,-0.368020,-1.233644,1.923408,1.856242,1.300662,1.000000,0.000000,0.000000,0.000000,0.000000
2.036493,-0.483983,-0.494690,0.726854,-1.253384,-1.984808,0.000000,1.000000,0.000000,0.000000,0.000000
1.656939,-0.248192,-0.677122,0.545799,-1.279861,-1.903107,0.000000,1.000000,0.000000,0.000000,0.000000
-1.061392,0.517700,-0.902480,-1.273633,-0.614255,-0.420953,0.000000,0.000000,1.000000,0.000000,0.000000
-2.906978,1.702566,-0.633261,-2.257891,-0.879034,0.140820,0.000000,0.000000,1.000000,0.000000,0.000000
-2.929303,2.281409,-1.977386,2.071042,2.457138,3.157039,1.000000,0.000000,0.000000,0.000000,0.000000
2.600311,-0.773890,2.057604,1.696385,-0.587823,-0.921245,0.000000,0.000000,0.000000,1.000000,0.000000
-1.711202,-0.781402,-1.054990,-1.706618,1.697982,1.670106,0.000000,0.000000,0.000000,1.000000,0.000000
0.761192,-1.362966,-0.003468,1.147499,2.095439,1.525366,0.000000,0.000000,0.000000,1.000000,0.000000
-0.100266,1.639682,-1.475139,1.256554,-1.065800,-1.017849,0.000000,0.000000,1.000000,0.000000,0.000000
0.232260,-0.250236,1.231592,-0.034485,0.049223,0.237788,0.000000,0.000000,0.000000,0.000000,1.000000
0.470439,-1.225469,3.791194,0.919571,2.118923,2.599638,0.000000,0.000000,0.000000,1.000000,0.000000
-0.830840,-0.510032,-0.197100,-0.150325,1.673072,1.680573,0.000000,0.000000,0.000000,1.000000,0.000000
0.301038,0.944834,1.006774,-0.409166,-2.140934,-1.695148,0.000000,0.000000,1.000000,0.000000,0.000000
-0.387904,1.646967,-1.522432,-0.418487,-2.317017,-2.158518,0.000000,1.000000,0.000000,0.000000,0.000000
0.086320,0.308873,2.208291,1.170361,0.604382,1.175638,0.000000,0.000000,0.000000,0.000000,1.000000
-0.802740,0.446793,0.266065,-1.615131,-1.156712,-0.738757,0.000000,0.000000,1.000000,0.000000,0.000000
-0.646124,0.819002,-1.082891,-1.069911,-1.398718,-1.270412,0.000000,1.000000,0.000000,0.000000,0.000000
-0.524318,1.771421,-1.802553,1.816241,-0.172053,-0.094149,0.000000,0.000000,1.000000,0.000000,0.000000
-1.363168,1.970073,-2.014014,1.790149,0.601498,0.868336,0.000000,0.000000,1.000000,0.000000,0.000000
1.001408,0.908353,-2.203437,2.779785,0.019048,-0.604818,0.000000,0.000000,1.000000,0.000000,0.000000
3.271996,-2.447033,-1.561330,2.218200,1.410065,-0.431686,0.000000,1.000000,0.000000,0.000000,0.000000
-0.281561,-0.277118,-1.621037,-0.830394,-0.059047,-0.443758,1.000000,0.000000,0.000000,0.000000,0.000000
-0.610045,0.180204,-0.621885,-0.444853,0.092338,0.137233,0.000000,1.000000,0.000000,0.000000,0.000000
0.123563,0.815941,-1.270945,0.191942,-1.182608,-1.316399,1.000000,0.000000,0.000000,0.000000,0.000000
0.554990,-0.837428,-2.183906,0.887879,1.312898,0.395549,0.000000,0.000000,0.000000,1.000000,0.000000
2.146226,-0.672358,1.405870,1.706163,-0.146502,-0.513360,0.000000,0.000000,0.000000,0.000000,1.000000
1.218104,-0.046610,1.087507,-0.738326,-2.209146,-2.199996,0.000000,0.000000,1.000000,0.000000,0.000000
-1.159290,0.975151,0.944953,-1.423426,-1.264231,-0.464608,0.000000,0.000000,1.000000,0.000000,0.000000
-1.734436,1.993602,0.512938,-1.194168,-1.782128,-0.699209,0.000000,0.000000,1.000000,0.000000,0.000000
-2.451321,-0.814309,-3.377526,-2.907482,1.511613,1.104648,1.000000,0.000000,0.000000,0.000000,0.000000
-1.376044,-1.688129,-2.290329,-1.865513,2.405037,1.761083,1.000000,0.000000,0.000000,0.000000,0.000000
0.092424,1.381019,-1.062687,0.815117,-1.358940,-1.305479,0.000000,0.000000,1.000000,0.000000,0.000000
0.922641,-1.179217,0.840022,-1.580339,-0.995253,-1.252613,0.000000,0.000000,1.000000,0.000000,0.000000
0.480882,-0.910984,1.188917,1.992859,2.638261,2.518195,0.000000,0.000000,0.000000,0.000000,1.000000
-0.635811,1.460242,-2.578723,-1.393029,-2.680382,-2.745289,0.000000,1.000000,0.000000,0.000000,0.000000
-1.219566,-1.296247,-0.431913,-2.193892,1.347632,1.244332,0.000000,0.000000,0.000000,1.000000,0.000000
1.233250,1.406488,-0.834794,0.813759,-2.876893,-3.015811,0.000000,1.000000,0.000000,0.000000,0.000000
-1.861067,1.138910,-2.329909,-2.228660,-1.421180,-1.206775,0.000000,1.000000,0.000000,0.000000,0.000000
-0.481880,-0.009015,-1.932113,-1.042115,-0.397277,-0.736344,1.000000,0.000000,0.000000,0.000000,0.000000
-1.175913,0.991491,-0.908706,0.639693,0.689821,0.968662,1.000000,0.000000,0.000000,0.000000,0.000000
2.190716,-1.121317,-1.448856,1.279235,-0.012248,-1.201935,0.000000,1.000000,0.000000,0.000000,0.000000
-1.696520,0.359261,-0.169669,-0.431975,1.265228,1.712775,1.000000,0.000000,0.000000,0.000000,0.000000
0.641166,0.589813,-2.440405,1.639951,-0.152053,-0.800158,0.000000,0.000000,1.000000,0.000000,0.000000
-2.763694,3.549818,1.374934,-0.245553,-1.775464,0.131815,0.000000,0.000000,0.000000,0.000000,1.000000
0.480674,1.154767,1.483034,0.787618,-1.518266,-0.978990,0.000000,0.000000,0.000000,0.000000,1.000000
0.709034,1.103433,-0.265936,1.005175,-1.560874,-1.527628,0.000000,0.000000,1.000000,0.000000,0.000000
0.667991,0.384859,-1.065293,0.263976,-1.191509,-1.512660,0.000000,0.000000,1.000000,0.000000,0.000000
-5.448629,4.435715,-0.110773,-0.360283,0.293360,2.671789,0.000000,0.000000,0.000000,0.000000,1.000000
0.472679,-0.616422,-1.598162,0.504826,0.739841,0.057502,0.000000,1.000000,0.000000,0.000000,0.000000
1.123495,-0.133426,-0.557345,0.833700,-0.473440,-0.926661,1.000000,0.000000,0.000000,0.000000,0.000000
-1.522410,-2.206405,0.131599,-3.215083,2.089200,1.987082,0.000000,0.000000,0.000000,1.000000,0.000000
0.007162,-1.281434,-0.864700,-0.656877,1.204383,0.671356,0.000000,0.000000,0.000000,1.000000,0.000000
-2.233021,1.208181,-3.140086,-2.776027,-1.579304,-1.446002,0.000000,1.000000,0.000000,0.000000,0.000000
1.038905,0.249370,2.681098,1.526129,-0.197095,0.250374,1.000000,0.000000,0.000000,0.000000,0.000000
-0.045109,-2.199054,-0.203292,-1.666141,1.644103,1.078017,0.000000,0.000000,0.000000,1.000000,0.000000
0.835685,-0.024939,2.643810,0.419179,-0.601544,-0.153362,0.000000,0.000000,0.000000,1.000000,0.000000
0.632113,-2.840110,-1.737957,-0.002795,3.271033,1.947353,0.000000,0.000000,0.000000,1.000000,0.000000
-0.197994,0.277951,-0.349672,-0.787162,-0.910643,-0.853296,0.000000,0.000000,0.000000,1.000000,0.000000
-1.982335,1.558281,0.386830,0.882406,1.171155,2.093983,0.000000,0.000000,0.000000,0.000000,1.000000
-0.178577,-0.268352,2.825964,0.925240,1.561661,2.201155,0.000000,0.000000,0.000000,1.000000,0.000000
-1.205931,0.966733,-1.964423,-1.503826,-1.318429,-1.229871,0.000000,1.000000,0.000000,0.000000,0.000000
1.083942,0.701576,1.007658,1.369201,-1.092242,-0.945361,0.000000,0.000000,0.000000,1.000000,0.000000
1.161719,-0.167922,0.173906,0.121890,-1.146386,-1.412082,0.000000,1.000000,0.000000,0.000000,0.000000
0.720266,-0.766867,-1.304913,0.587124,0.720697,0.013117,0.000000,1.000000,0.000000,0.000000,0.000000
-1.982985,-0.115698,-1.300478,-1.636743,1.147586,1.293363,0.000000,0.000000,0.000000,1.000000,0.000000
-0.743252,0.199517,-1.004583,1.265239,1.878627,1.806462,1.000000,0.000000,0.000000,0.000000,0.000000
-2.398109,2.220276,-0.002311,-1.034410,-1.103201,0.055208,0.000000,0.000000,1.000000,0.000000,0.000000
-2.193416,-0.778725,-3.022260,-4.002799,0.075285,-0.255376,0.000000,1.000000,0.000000,0.000000,0.000000
-0.492897,-1.945478,-1.079522,-1.138090,2.351906,1.718166,0.000000,0.000000,0.000000,1.000000,0.000000
-1.980579,2.221069,1.492812,0.349093,-0.288832,1.101064,0.000000,0.000000,0.000000,0.000000,1.000000
-0.444705,0.717153,-0.834003,1.412834,0.883623,0.918787,1.000000,0.000000,0.000000,0.000000,0.000000
-1.214801,2.894445,0.629446,0.108133,-2.509641,-1.319588,0.000000,0.000000,1.000000,0.000000,0.000000
-2.889639,2.699580,1.809306,0.059911,-0.074966,1.733376,0.000000,0.000000,0.000000,0.000000,1.000000
-1.623196,0.370523,1.677285,-3.237455,-1.518018,-0.531998,0.000000,0.000000,1.000000,0.000000,0.000000
1.634930,-1.929298,-0.390313,-0.567220,0.123146,-0.831274,1.000000,0.000000,0.000000,0.000000,0.000000
-0.767462,-2.439967,-1.769721,-0.850946,3.692104,2.808327,0.000000,0.000000,0.000000,1.000000,0.000000
-2.930103,1.348157,-0.261203,-1.223455,0.668836,1.657998,1.000000,0.000000,0.000000,0.000000,0.000000
0.812112,1.835590,1.402872,1.405297,-2.344433,-1.739966,0.000000,0.000000,0.000000,0.000000,1.000000
2.085867,0.116829,0.101693,-0.119920,-2.995975,-3.403390,0.000000,0.000000,1.000000,0.000000,0.000000
-0.020183,-0.936647,-0.665037,-2.348752,-0.887564,-1.217320,1.000000,0.000000,0.000000,0.000000,0.000000
0.229218,1.681656,0.647465,0.445134,-2.300824,-1.761822,0.000000,0.000000,1.000000,0.000000,0.000000
-0.849891,-1.413638,-1.518076,-0.904794,2.260923,1.731184,0.000000,1.000000,0.000000,0.000000,0.000000
-0.759161,1.340442,-0.446842,-1.009173,-1.939768,-1.492466,0.000000,1.000000,0.000000,0.000000,0.000000
0.280416,0.494949,1.238637,-2.184832,-3.167512,-2.719255,0.000000,0.000000,1.000000,0.000000,0.000000
-1.342907,0.910029,1.119677,0.245892,0.680476,1.491705,0.000000,0.000000,0.000000,1.000000,0.000000
-1.556242,0.351181,-1.087555,0.825804,2.290741,2.434968,1.000000,0.000000,0.000000,0.000000,0.000000
-1.064680,1.050172,-1.535366,2.005872,1.765541,1.833874,1.000000,0.000000,0.000000,0.000000,0.000000
-1.842709,3.672941,2.462920,-0.518555,-3.396437,-1.383946,0.000000,0.000000,1.000000,0.000000,0.000000
0.367587,-1.395987,2.832685,-0.029811,1.569296,1.821802,0.000000,0.000000,0.000000,1.000000,0.000000
2.565047,-1.888120,2.270104,1.951772,1.326180,0.750319,0.000000,0.000000,0.000000,0.000000,1.000000
-2.176188,-0.922595,-2.038429,-4.028140,0.254221,0.126652,1.000000,0.000000,0.000000,0.000000,0.000000
2.372269,-1.253844,-0.137377,-0.049676,-1.313857,-2.209485,1.000000,0.000000,0.000000,0.000000,0.000000
-0.544877,1.626173,-0.982868,0.834300,-0.866444,-0.586159,0.000000,0.000000,1.000000,0.000000,0.000000
-0.448531,1.494879,-1.765171,0.541540,-1.096434,-1.056818,0.000000,0.000000,1.000000,0.000000,0.000000
2.441125,-1.833959,1.022235,-1.153885,-1.604871,-2.344688,1.000000,0.000000,0.000000,0.000000,0.000000
-2.899822,2.815664,0.791491,-1.740584,-1.982444,-0.333637,0.000000,0.000000,1.000000,0.000000,0.000000
2.068458,2.009255,2.089731,2.478832,-3.184402,-2.680998,0.000000,0.000000,1.000000,0.000000,0.000000
-2.301985,1.580702,1.003674,0.574179,1.267810,2.431569,0.000000,0.000000,0.000000,0.000000,1.000000
7.981509,-4.254048,-1.385163,4.544626,0.155029,-3.253934,0.000000,1.000000,0.000000,0.000000,0.000000
1.714144,-0.484229,1.254839,1.813320,0.242784,-0.018546,0.000000,0.000000,0.000000,0.000000,1.000000
0.069306,0.967748,-2.104810,0.196409,-1.342473,-1.631047,0.000000,0.000000,1.000000,0.000000,0.000000
4.204264,-3.303857,2.519499,-0.194538,-0.812733,-1.996781,1.000000,0.000000,0.000000,0.000000,0.000000
3.003459,-1.652497,0.379146,0.325572,-1.185246,-2.212081,1.000000,0.000000,0.000000,0.000000,0.000000
2.048710,0.012298,0.545637,0.268812,-2.413714,-2.743237,0.000000,1.000000,0.000000,0.000000,0.000000
1.244775,-0.842758,1.987902,-0.016956,-0.377009,-0.384935,0.000000,0.000000,0.000000,1.000000,0.000000
0.753711,1.564456,-0.216944,1.295679,-2.007895,-1.860323,0.000000,0.000000,1.000000,0.000000,0.000000
-0.522302,-2.102866,-1.032484,-1.076077,2.679307,2.020154,0.000000,0.000000,0.000000,1.000000,0.000000
3.216155,-1.952625,-1.310582,1.932263,0.493314,-1.133456,0.000000,1.000000,0.000000,0.000000,0.000000
-2.103326,2.025834,-2.100449,1.005648,0.725678,1.177884,0.000000,0.000000,1.000000,0.000000,0.000000
5.131775,-3.007694,-1.364783,3.010823,0.573012,-1.811484,0.000000,1.000000,0.000000,0.000000,0.000000
-3.449325,2.911063,0.317379,0.136596,0.394108,2.011020,0.000000,0.000000,0.000000,0.000000,1.000000
-1.886106,1.800612,0.819612,-1.335605,-1.435614,-0.288896,0.000000,0.000000,1.000000,0.000000,0.000000
1.095775,-0.780466,-0.604189,0.541718,0.220339,-0.399602,0.000000,1.000000,0.000000,0.000000,0.000000
2.990651,-1.062108,1.520630,1.876967,-0.511943,-1.148328,0.000000,0.000000,0.000000,0.000000,1.000000
-1.002546,1.557353,-1.892874,-1.251485,-2.196465,-1.988023,0.000000,1.000000,0.000000,0.000000,0.000000
1.044821,-0.274098,1.008182,1.682573,0.677772,0.565170,0.000000,0.000000,0.000000,0.000000,1.000000
2.908116,-1.275816,3.301817,2.420182,0.459557,0.209063,0.000000,0.000000,0.000000,1.000000,0.000000
-1.508247,2.055138,0.397952,0.840199,-0.207530,0.744550,0.000000,0.000000,0.000000,0.000000,1.000000
-1.511707,-2.308828,0.589100,-3.361545,2.090744,2.077569,0.000000,0.000000,0.000000,1.000000,0.000000
-0.732061,-0.761957,-1.008013,-0.783669,1.286505,1.025165,0.000000,0.000000,0.000000,1.000000,0.000000
-0.088443,1.268474,-1.472243,0.742805,-1.036922,-1.071893,0.000000,0.000000,1.000000,0.000000,0.000000
-2.107648,1.512978,-1.742011,2.196786,2.629996,2.996801,1.000000,0.000000,0.000000,0.000000,0.000000
-3.106373,1.547719,0.281914,-2.815482,-0.916442,0.352879,0.000000,0.000000,1.000000,0.000000,0.000000
-3.484420,1.834074,-0.630255,-2.400127,-0.456140,0.733402,0.000000,0.000000,1.000000,0.000000,0.000000
1.474316,-0.933068,0.132545,-0.484318,-1.026261,-1.554335,0.000000,0.000000,1.000000,0.000000,0.000000
-0.247013,2.153780,-1.982393,3.049899,0.097491,0.128531,1.000000,0.000000,0.000000,0.000000,0.000000
-2.567151,0.828431,0.163807,-1.373471,0.814483,1.695372,1.000000,0.000000,0.000000,0.000000,0.000000
-2.897176,1.622121,-0.760242,-1.785478,-0.321936,0.627183,0.000000,1.000000,0.000000,0.000000,0.000000
-1.534318,2.534778,0.539500,0.109639,-1.571792,-0.427572,0.000000,1.000000,0.000000,0.000000,0.000000
-2.621546,2.969128,-3.472015,-2.752793,-3.615183,-3.012420,0.000000,1.000000,0.000000,0.000000,0.000000
0.342970,-2.133776,-2.115867,0.421332,3.023254,1.843178,0.000000,0.000000,0.000000,1.000000,0.000000
-1.903098,0.790818,-1.352693,-1.281834,0.068010,0.410727,0.000000,0.000000,0.000000,1.000000,0.000000
-1.598806,3.056732,2.467865,-0.818421,-3.107376,-1.301222,0.000000,0.000000,1.000000,0.000000,0.000000
-2.988074,1.012150,-1.230050,1.102538,3.456817,4.052120,1.000000,0.000000,0.000000,0.000000,0.000000
-1.550599,0.605442,0.324713,-2.281259,-1.055441,-0.391140,0.000000,0.000000,0.000000,1.000000,0.000000
1.176655,0.384131,0.553854,1.371899,-0.756845,-0.827367,0.000000,0.000000,1.000000,0.000000,0.000000
1.476129,-1.174666,0.887049,0.927974,0.695898,0.243664,0.000000,0.000000,0.000000,1.000000,0.000000
-3.248380,3.475704,0.408126,-1.179240,-1.953602,-0.166043,0.000000,0.000000,1.000000,0.000000,0.000000
0.446173,-0.975217,-1.604591,-1.008180,-0.162395,-0.884760,1.000000,0.000000,0.000000,0.000000,0.000000
-1.169498,0.670093,1.555656,-1.911069,-1.267269,-0.378185,0.000000,0.000000,1.000000,0.000000,0.000000
-0.245087,0.534406,-0.573495,-0.683560,-1.125912,-1.049213,0.000000,1.000000,0.000000,0.000000,0.000000
-0.691050,0.791238,-0.563575,-0.732888,-0.966394,-0.717732,0.000000,1.000000,0.000000,0.000000,0.000000
0.168455,1.740384,0.292769,0.484618,-2.275119,-1.796309,0.000000,0.000000,1.000000,0.000000,0.000000
1.078100,0.228170,1.588529,0.247284,-1.468048,-1.263428,0.000000,0.000000,1.000000,0.000000,0.000000
-3.469941,1.557981,-0.893074,0.031392,2.264315,3.231280,1.000000,0.000000,0.000000,0.000000,0.000000
-0.495955,1.109012,1.257279,-1.864857,-2.741259,-1.962699,0.000000,0.000000,1.000000,0.000000,0.000000
1.092196,-0.545338,-0.188890,-0.618970,-1.227760,-1.642958,0.000000,0.000000,1.000000,0.000000,0.000000
0.643317,0.886060,0.790319,1.018852,-1.128484,-0.876313,0.000000,0.000000,0.000000,0.000000,1.000000
1.797119,0.415395,-1.113849,2.481560,-0.568411,-1.220612,0.000000,0.000000,1.000000,0.000000,0.000000
-0.896116,1.238180,1.818713,-1.797687,-2.334217,-1.294735,0.000000,0.000000,1.000000,0.000000,0.000000
-2.871347,2.345626,-2.444404,-2.359300,-1.988031,-1.252226,0.000000,1.000000,0.000000,0.000000,0.000000
-0.473927,0.384216,-2.510516,0.977290,0.957000,0.509196,0.000000,0.000000,0.000000,1.000000,0.000000
-0.583507,0.000763,0.125826,1.625978,2.326435,2.434403,0.000000,0.000000,0.000000,0.000000,1.000000
0.894538,1.548511,2.614821,0.977662,-2.425980,-1.600862,0.000000,0.000000,0.000000,0.000000,1.000000
-1.789438,2.185676,1.184665,0.462088,-0.382369,0.875089,0.000000,0.000000,0.000000,0.000000,1.000000
1.555466,0.165831,5.687599,1.740409,-0.489764,0.558766,0.000000,0.000000,0.000000,1.000000,0.000000
3.787608,-2.754809,-1.753707,2.579671,1.531606,-0.566879,0.000000,1.000000,0.000000,0.000000,0.000000
-0.807277,2.045957,1.013659,-0.159146,-2.058093,-1.079427,0.000000,0.000000,0.000000,0.000000,1.000000
-0.492793,1.110349,-0.124645,-0.702129,-1.650609,-1.254129,0.000000,1.000000,0.000000,0.000000,0.000000
1.670341,0.285173,0.329269,0.617281,-1.985989,-2.223884,1.000000,0.000000,0.000000,0.000000,0.000000
-0.725996,0.104379,0.115276,-0.883443,-0.056743,0.191659,0.000000,1.000000,0.000000,0.000000,0.000000
-0.771968,0.947680,-3.054155,-2.112642,-2.460251,-2.724110,0.000000,1.000000,0.000000,0.000000,0.000000
-0.125095,1.923071,1.160381,0.403382,-2.222220,-1.411305,0.000000,0.000000,0.000000,0.000000,1.000000
-1.318732,3.001765,2.158383,-0.519938,-3.109438,-1.467350,0.000000,0.000000,0.000000,0.000000,1.000000
0.970789,0.009586,-0.860216,-0.212351,-1.495608,-1.917053,0.000000,1.000000,0.000000,0.000000,0.000000
-1.422869,-0.995506,-0.103833,-0.645223,2.672883,2.724401,0.000000,0.000000,0.000000,1.000000,0.000000
-0.759864,1.532500,1.317933,-0.320530,-1.524234,-0.611040,0.000000,0.000000,0.000000,0.000000,1.000000
1.055785,0.030095,-0.553721,0.188516,-1.244473,-1.616864,0.000000,1.000000,0.000000,0.000000,0.000000
2.569216,-2.888878,-0.852984,1.058963,1.860932,0.274355,0.000000,0.000000,0.000000,1.000000,0.000000
-2.545866,-0.192499,-2.449483,-3.170995,0.493294,0.510991,0.000000,1.000000,0.000000,0.000000,0.000000
-0.584563,0.078825,0.357539,-1.635556,-0.924062,-0.628904,0.000000,0.000000,0.000000,1.000000,0.000000
-1.681369,0.642648,0.038726,0.584328,1.816640,2.353513,0.000000,0.000000,0.000000,1.000000,0.000000
-3.318413,2.137992,-0.732398,-2.118200,-0.843577,0.354345,0.000000,1.000000,0.000000,0.000000,0.000000
-0.007519,1.049329,1.591778,0.917062,-0.603693,0.039803,0.000000,0.000000,0.000000,0.000000,1.000000
-0.845934,2.850080,-1.066216,-0.010549,-3.068138,-2.389320,0.000000,1.000000,0.000000,0.000000,0.000000
-3.694432,2.280731,-0.436841,0.773887,2.229585,3.526378,0.000000,0.000000,0.000000,0.000000,1.000000
1.363186,-2.242116,-0.036345,0.060940,1.542160,0.632836,0.000000,0.000000,0.000000,1.000000,0.000000
3.769019,-2.364361,-2.430933,2.569354,0.967151,-1.191663,0.000000,1.000000,0.000000,0.000000,0.000000
-3.696219,2.145528,2.831719,-3.770789,-1.894685,0.329501,0.000000,0.000000,1.000000,0.000000,0.000000
-0.020598,-2.315682,0.391668,-1.009507,2.424437,1.947760,0.000000,0.000000,0.000000,1.000000,0.000000
4.485687,-0.343836,0.002127,4.942042,-0.572159,-1.832853,0.000000,0.000000,0.000000,0.000000,1.000000
-0.303461,-0.742033,0.202029,-0.900733,0.608057,0.560100,1.000000,0.000000,0.000000,0.000000,0.000000
1.507676,-0.206567,2.219319,1.400165,-0.273659,-0.162183,0.000000,0.000000,0.000000,0.000000,1.000000
3.051097,-1.776509,-2.255096,2.037133,0.537075,-1.244025,0.000000,1.000000,0.000000,0.000000,0.000000
2.916033,0.246187,1.376422,0.289838,-3.846892,-4.103528,1.000000,0.000000,0.000000,0.000000,0.000000
0.129817,-0.536961,-0.639809,0.117552,0.713489,0.379748,0.000000,1.000000,0.000000,0.000000,0.000000
-0.561457,-0.418450,-2.696797,-0.773777,0.546425,-0.081756,1.000000,0.000000,0.000000,0.000000,0.000000
-0.235011,-2.948880,-0.035792,-2.138845,2.527617,1.863210,0.000000,0.000000,0.000000,1.000000,0.000000
-0.688380,1.983358,2.404327,-0.746068,-2.663552,-1.363402,0.000000,0.000000,1.000000,0.000000,0.000000
-0.153945,1.413085,-0.163082,0.434851,-1.436179,-1.083091,0.000000,0.000000,1.000000,0.000000,0.000000
-0.898255,1.885252,2.889521,-1.420585,-2.889741,-1.425576,0.000000,0.000000,1.000000,0.000000,0.000000
2.183785,-1.356311,3.284692,1.768297,0.890029,0.798110,0.000000,0.000000,0.000000,1.000000,0.000000
1.209366,-0.298108,-0.850877,0.438245,-0.731919,-1.307570,0.000000,1.000000,0.000000,0.000000,0.000000
-0.954589,1.138518,-1.094299,1.084420,0.613770,0.820976,1.000000,0.000000,0.000000,0.000000,0.000000
1.703967,-0.393865,0.299379,1.795730,0.091520,-0.380156,0.000000,0.000000,0.000000,1.000000,0.000000
2.531201,-1.442460,-0.075465,2.426374,1.140128,0.091768,0.000000,0.000000,0.000000,0.000000,1.000000
0.677545,-1.134445,-0.330866,1.660474,2.360938,1.771666,0.000000,0.000000,0.000000,1.000000,0.000000
-1.941112,0.579758,-0.588273,-1.733865,0.001528,0.501746,0.000000,1.000000,0.000000,0.000000,0.000000
-0.806510,0.669381,-0.086270,1.279562,1.307854,1.601487,0.000000,0.000000,0.000000,0.000000,1.000000
-1.250531,2.516691,-0.983287,-0.342664,-2.376313,-1.663281,0.000000,1.000000,0.000000,0.000000,0.000000
3.169523,-2.777650,-1.927880,2.408737,2.200882,0.197380,0.000000,1.000000,0.000000,0.000000,0.000000
3.031122,-1.986097,-1.105799,1.841209,0.698315,-0.841974,0.000000,1.000000,0.000000,0.000000,0.000000
-1.505344,-0.004032,-0.951260,0.759984,2.679422,2.754356,1.000000,0.000000,0.000000,0.000000,0.000000
1.882701,0.491929,0.517173,2.142878,-1.089370,-1.324476,0.000000,0.000000,0.000000,0.000000,1.000000
-1.685344,-0.953524,-1.115902,-1.928343,1.699703,1.612811,0.000000,0.000000,0.000000,1.000000,0.000000
3.151125,-1.595226,-0.731161,3.171567,1.262674,-0.152600,0.000000,0.000000,0.000000,0.000000,1.000000
-0.933796,0.709464,0.000161,-0.926192,-0.708579,-0.280780,0.000000,1.000000,0.000000,0.000000,0.000000
2.035676,-0.599500,0.415121,-0.162262,-1.925662,-2.432002,1.000000,0.000000,0.000000,0.000000,0.000000
-3.874539,3.168477,0.188048,0.061686,0.498774,2.249450,0.000000,0.000000,0.000000,0.000000,1.000000
-1.097723,2.002446,-1.663159,2.059079,0.474382,0.768374,1.000000,0.000000,0.000000,0.000000,0.000000
0.889489,-0.621939,-0.451167,0.375029,0.100334,-0.387926,0.000000,1.000000,0.000000,0.000000,0.000000
0.561026,-1.615835,1.433845,1.662715,3.243952,2.991384,0.000000,0.000000,0.000000,1.000000,0.000000
-1.516024,1.776066,-3.563472,-2.130800,-2.722120,-2.725997,0.000000,1.000000,0.000000,0.000000,0.000000
0.664385,0.502641,1.280068,0.567179,-1.025777,-0.743086,0.000000,0.000000,0.000000,0.000000,1.000000
4.078036,-0.953407,1.342229,1.406529,-2.540178,-3.420134,1.000000,0.000000,0.000000,0.000000,0.000000
1.867768,-0.037494,-0.771068,1.023640,-1.401282,-2.055340,0.000000,0.000000,1.000000,0.000000,0.000000
-0.347455,0.946272,1.232490,0.127528,-0.778775,-0.149146,0.000000,1.000000,0.000000,0.000000,0.000000
0.952099,-2.293820,-2.152157,0.968785,2.990454,1.604266,0.000000,0.000000,0.000000,1.000000,0.000000
1.784177,-0.996837,-1.681791,0.144682,-0.761490,-1.847097,1.000000,0.000000,0.000000,0.000000,0.000000
4.260255,-2.409368,-1.265193,2.476722,0.324350,-1.664095,0.000000,1.000000,0.000000,0.000000,0.000000
-1.277971,-0.106619,-3.907777,-1.447180,0.355772,-0.307415,1.000000,0.000000,0.000000,0.000000,0.000000
-1.715694,2.212935,0.007175,-0.685846,-1.643955,-0.649722,0.000000,0.000000,1.000000,0.000000,0.000000
1.220585,-0.108047,-1.113790,1.108481,-0.381301,-0.996827,0.000000,0.000000,0.000000,1.000000,0.000000
-1.961824,2.209095,-1.580907,1.983293,1.226281,1.791526,1.000000,0.000000,0.000000,0.000000,0.000000
0.869737,0.957681,-1.841100,2.318951,-0.319203,-0.795225,0.000000,0.000000,1.000000,0.000000,0.000000
2.388790,0.719525,0.942605,2.859187,-1.380676,-1.587377,0.000000,0.000000,0.000000,0.000000,1.000000
-1.694918,0.593174,-0.079565,-0.933558,0.441646,0.989766,1.000000,0.000000,0.000000,0.000000,0.000000
0.426087,-0.041989,-1.229786,1.632713,1.059025,0.592770,1.000000,0.000000,0.000000,0.000000,0.000000
0.268101,0.111727,-0.713834,-0.115541,-0.634421,-0.838265,0.000000,0.000000,1.000000,0.000000,0.000000
4.471917,-1.705380,1.721786,1.472632,-1.889951,-2.965000,1.000000,0.000000,0.000000,0.000000,0.000000
-0.897926,0.675310,-0.098817,1.350842,1.486582,1.796780,0.000000,0.000000,0.000000,0.000000,1.000000
-0.909430,0.298731,1.052052,-0.557083,0.229909,0.792383,0.000000,1.000000,0.000000,0.000000,0.000000
1.841088,-0.196765,0.745390,1.599234,-0.554803,-0.887873,0.000000,0.000000,0.000000,0.000000,1.000000
0.004157,-1.560043,0.506815,-0.642906,1.649831,1.383707,0.000000,0.000000,0.000000,1.000000,0.000000
-1.663605,0.760021,-0.745423,-1.521146,-0.418912,0.020664,0.000000,0.000000,0.000000,1.000000,0.000000
-0.664452,1.421157,1.298238,-1.098003,-2.235996,-1.352572,0.000000,0.000000,1.000000,0.000000,0.000000
0.356358,1.193045,2.157290,0.518592,-1.659908,-0.906352,0.000000,0.000000,0.000000,0.000000,1.000000
-1.516398,-1.654929,-1.575121,-1.632348,2.776176,2.342161,0.000000,0.000000,0.000000,1.000000,0.000000
-0.743422,1.062295,1.105626,1.110053,0.512098,1.196890,0.000000,0.000000,0.000000,0.000000,1.000000
1.408376,0.655983,1.559632,1.527425,-1.286054,-1.092249,0.000000,0.000000,0.000000,0.000000,1.000000
-0.371342,0.037139,-0.761830,-0.253514,0.171700,0.084159,0.000000,1.000000,0.000000,0.000000,0.000000
-1.536185,1.578380,1.785444,-1.347717,-1.563051,-0.313435,0.000000,0.000000,1.000000,0.000000,0.000000
1.078968,0.569972,-1.051160,1.560961,-0.744967,-1.149064,0.000000,0.000000,1.000000,0.000000,0.000000
-2.760432,-0.050718,-0.332012,-3.140649,0.631723,1.259443,0.000000,0.000000,0.000000,1.000000,0.000000
-2.218469,0.830213,-1.511790,-1.303436,0.397371,0.782431,0.000000,0.000000,0.000000,1.000000,0.000000
0.719167,-2.781068,0.768314,-0.010151,3.107721,2.402326,0.000000,0.000000,0.000000,1.000000,0.000000
0.839136,-0.324607,0.423177,0.012692,-0.600266,-0.769577,0.000000,1.000000,0.000000,0.000000,0.000000
1.580387,-2.776298,-1.533954,0.730990,2.655674,1.162455,0.000000,0.000000,0.000000,1.000000,0.000000
0.754823,0.045195,-0.663278,0.109181,-0.953339,-1.278819,0.000000,1.000000,0.000000,0.000000,0.000000
-0.157963,1.031076,1.490015,0.129429,-1.142149,-0.468733,0.000000,0.000000,0.000000,0.000000,1.000000
-0.487206,1.000532,-1.135353,1.039289,0.162231,0.219516,1.000000,0.000000,0.000000,0.000000,0.000000
-1.329614,1.686855,0.846672,-1.186080,-1.849515,-0.855878,0.000000,0.000000,1.000000,0.000000,0.000000
-0.454078,0.047908,-0.160651,2.278676,2.713624,2.712178,0.000000,0.000000,0.000000,1.000000,0.000000
-2.123732,-1.290202,-0.281180,-2.873613,1.862304,2.023349,0.000000,0.000000,0.000000,1.000000,0.000000
-1.997804,2.025968,-1.371074,1.696952,1.266761,1.853284,1.000000,0.000000,0.000000,0.000000,0.000000
-0.566265,-0.315231,2.120917,0.059737,1.287983,1.855897,0.000000,0.000000,0.000000,1.000000,0.000000
1.215307,-0.350234,2.928260,3.302731,2.160400,2.411881,0.000000,0.000000,0.000000,1.000000,0.000000
0.795275,0.149427,-1.669909,1.831496,0.484912,-0.129344,0.000000,0.000000,1.000000,0.000000,0.000000
1.666786,-0.908298,1.829771,0.810627,-0.035930,-0.222625,0.000000,0.000000,0.000000,1.000000,0.000000
0.604737,-1.001038,0.373555,-1.203927,-0.485950,-0.753264,1.000000,0.000000,0.000000,0.000000,0.000000
-0.364020,0.878561,-0.114968,0.888428,0.051255,0.306933,0.000000,0.000000,1.000000,0.000000,0.000000
-0.599098,1.523594,1.743069,-0.758023,-2.134626,-1.139726,0.000000,0.000000,1.000000,0.000000,0.000000
1.444850,0.314882,-1.575182,0.571843,-1.812168,-2.462750,1.000000,0.000000,0.000000,0.000000,0.000000
2.343452,0.170184,-1.580632,0.857869,-2.495046,-3.396192,0.000000,0.000000,1.000000,0.000000,0.000000
0.231121,-0.118731,-1.386242,0.176776,0.018592,-0.414501,0.000000,1.000000,0.000000,0.000000,0.000000
-0.126511,0.781949,0.124425,-0.261912,-1.221520,-0.946834,0.000000,0.000000,1.000000,0.000000,0.000000
0.533595,0.718631,0.280268,0.965314,-0.802885,-0.695168,0.000000,0.000000,0.000000,0.000000,1.000000
0.232442,-0.678020,0.879678,-0.180604,0.523574,0.516555,0.000000,0.000000,0.000000,0.000000,1.000000
-1.674356,2.256229,-2.055007,2.607088,1.376923,1.751731,1.000000,0.000000,0.000000,0.000000,0.000000
1.094230,1.027702,-0.488617,1.927559,-1.066879,-1.226026,0.000000,0.000000,0.000000,0.000000,1.000000
2.580957,-1.512591,0.763981,2.058821,0.837478,-0.019999,0.000000,0.000000,0.000000,1.000000,0.000000
0.388230,0.564956,0.959959,-0.648855,-1.934267,-1.612069,0.000000,1.000000,0.000000,0.000000,0.000000
1.775640,-0.565766,-0.196249,0.464315,-1.043241,-1.654997,1.000000,0.000000,0.000000,0.000000,0.000000
2.361964,-1.581178,-1.034244,1.422721,0.578345,-0.673193,0.000000,1.000000,0.000000,0.000000,0.000000
3.727295,-1.918479,0.211413,1.699807,-0.418984,-1.765851,0.000000,1.000000,0.000000,0.000000,0.000000
1.471422,-1.286763,2.633949,1.511635,1.456982,1.390198,0.000000,0.000000,0.000000,1.000000,0.000000
0.039755,-0.815736,-0.615383,0.596817,1.697719,1.300539,1.000000,0.000000,0.000000,0.000000,0.000000
-0.357250,1.232896,-2.157745,1.861809,0.430767,0.239197,0.000000,0.000000,1.000000,0.000000,0.000000
-2.276279,1.755478,0.042610,-2.245118,-1.752223,-0.692454,0.000000,0.000000,0.000000,1.000000,0.000000
-1.190361,1.637475,-2.092130,2.279699,1.330230,1.434692,0.000000,0.000000,1.000000,0.000000,0.000000
0.047031,-2.104905,-1.712069,-0.243438,2.732550,1.748823,0.000000,0.000000,0.000000,1.000000,0.000000
3.548696,-3.118783,-1.502384,2.558318,2.354688,0.276613,0.000000,1.000000,0.000000,0.000000,0.000000
3.275969,-2.479152,-1.592120,2.240005,1.472035,-0.387466,0.000000,1.000000,0.000000,0.000000,0.000000
1.192243,0.259683,1.698180,1.186794,-0.755181,-0.571950,0.000000,1.000000,0.000000,0.000000,0.000000
1.042742,-0.971382,-1.243616,-0.661042,-0.603127,-1.380200,1.000000,0.000000,0.000000,0.000000,0.000000
0.108119,-2.455262,-0.236655,-1.295516,2.173520,1.484713,0.000000,0.000000,0.000000,1.000000,0.000000
-0.439136,0.427745,0.329705,-0.188994,-0.226731,0.072900,0.000000,0.000000,0.000000,0.000000,1.000000
1.361677,0.054475,1.037426,-0.223687,-2.047684,-2.073591,0.000000,0.000000,1.000000,0.000000,0.000000
-0.969874,1.215905,0.195996,1.008996,0.470573,1.024374,0.000000,0.000000,0.000000,0.000000,1.000000
-0.073843,-2.420875,0.571769,0.955266,4.542572,4.029162,0.000000,0.000000,0.000000,1.000000,0.000000
-1.282267,1.511500,-2.186271,0.147269,-0.423437,-0.283894,0.000000,0.000000,0.000000,1.000000,0.000000
1.865254,-0.917691,2.250523,-0.241492,-1.286898,-1.381048,0.000000,0.000000,1.000000,0.000000,0.000000
0.174540,1.253407,1.152135,0.804492,-1.252831,-0.701538,0.000000,0.000000,0.000000,0.000000,1.000000
0.698352,-0.907694,1.285437,1.622028,1.995038,1.863421,0.000000,0.000000,0.000000,0.000000,1.000000
-1.097666,1.065438,0.312078,1.087653,0.933078,1.501927,0.000000,0.000000,0.000000,0.000000,1.000000
-0.425983,0.282974,-1.525519,-0.011482,0.105841,-0.102053,0.000000,0.000000,0.000000,1.000000,0.000000
-1.139508,1.047872,2.062829,0.562414,0.536802,1.562367,0.000000,0.000000,0.000000,0.000000,1.000000
-0.051436,0.515008,-1.749849,2.720480,1.910116,1.532794,1.000000,0.000000,0.000000,0.000000,0.000000
2.383200,0.512117,0.391929,2.882467,-1.059099,-1.456808,0.000000,0.000000,0.000000,0.000000,1.000000
-4.145758,4.615977,1.310255,-0.556252,-1.827316,0.665909,0.000000,0.000000,0.000000,0.000000,1.000000
-1.557337,-0.373781,-0.288522,-1.582416,1.038547,1.270000,0.000000,0.000000,0.000000,0.000000,1.000000
-1.020917,-1.178768,-1.049013,-1.460251,1.614993,1.320611,0.000000,0.000000,0.000000,1.000000,0.000000
-0.903840,-1.478848,-2.131755,-2.776063,0.612397,-0.012345,1.000000,0.000000,0.000000,0.000000,0.000000
1.181403,0.391451,-1.059733,1.584600,-0.596236,-1.073403,0.000000,0.000000,1.000000,0.000000,0.000000
0.056836,-1.737744,-1.934480,0.067781,2.482546,1.528108,0.000000,0.000000,0.000000,1.000000,0.000000
2.254317,0.453627,-0.785150,1.887877,-1.784886,-2.428083,0.000000,0.000000,1.000000,0.000000,0.000000
-4.003604,1.938393,0.265033,-3.284818,-0.769634,0.815544,0.000000,0.000000,1.000000,0.000000,0.000000
0.502258,0.818135,-1.100342,-0.219504,-2.071764,-2.233794,0.000000,0.000000,1.000000,0.000000,0.000000
0.172962,-0.868246,-0.940886,-1.627125,-0.547513,-0.995009,1.000000,0.000000,0.000000,0.000000,0.000000
1.471391,-2.091051,-0.522011,1.247968,2.317422,1.263655,0.000000,0.000000,0.000000,1.000000,0.000000
1.329342,0.073681,1.912662,-0.368549,-2.158180,-1.949734,0.000000,0.000000,1.000000,0.000000,0.000000
-1.510435,2.264574,2.647556,0.055459,-1.226621,0.365747,0.000000,0.000000,0.000000,0.000000,1.000000
-0.437017,1.160990,-1.611003,-0.603079,-1.726614,-1.701400,0.000000,1.000000,0.000000,0.000000,0.000000
0.464607,4.222244,2.737408,1.802242,-4.954035,-3.322817,0.000000,0.000000,0.000000,0.000000,1.000000
1.912602,-1.027179,-1.596432,0.790303,-0.260920,-1.383692,1.000000,0.000000,0.000000,0.000000,0.000000
-2.131767,0.757988,-0.471697,-0.760878,0.930015,1.516551,1.000000,0.000000,0.000000,0.000000,0.000000
-3.020802,2.338374,0.117903,0.730797,1.237808,2.537949,0.000000,0.000000,0.000000,0.000000,1.000000
-0.508656,-1.092908,-0.918104,-1.970856,0.334406,-0.002579,1.000000,0.000000,0.000000,0.000000,0.000000
3.055764,-1.152718,2.025817,0.122824,-2.146477,-2.637522,0.000000,0.000000,1.000000,0.000000,0.000000
1.080390,0.474855,-0.695529,0.664366,-1.466444,-1.777840,0.000000,0.000000,1.000000,0.000000,0.000000
-1.045652,1.334464,-0.759664,-1.012041,-1.566630,-1.134226,0.000000,1.000000,0.000000,0.000000,0.000000
1.613972,-1.388366,1.396071,1.134169,1.034399,0.614212,0.000000,0.000000,0.000000,1.000000,0.000000
0.396281,-1.362022,-0.624317,-0.574610,0.898790,0.314148,0.000000,0.000000,0.000000,1.000000,0.000000
-0.544229,-0.560468,-0.289325,-2.021739,-0.431029,-0.461552,0.000000,0.000000,1.000000,0.000000,0.000000
1.301994,1.040494,0.850069,0.709327,-2.506555,-2.336043,0.000000,0.000000,1.000000,0.000000,0.000000
2.313934,-0.433234,-0.242162,0.719722,-1.690451,-2.407742,0.000000,1.000000,0.000000,0.000000,0.000000
1.810489,-3.943128,-1.870305,0.960826,4.267020,2.322629,0.000000,0.000000,0.000000,0.000000,1.000000
-0.062545,2.904063,1.673636,0.867084,-3.272965,-2.104841,0.000000,0.000000,0.000000,0.000000,1.000000
-0.180709,-1.236061,1.232245,-2.525183,-0.381539,-0.277760,1.000000,0.000000,0.000000,0.000000,0.000000
1.340782,-1.842113,0.575300,-1.306262,-0.316570,-0.917732,1.000000,0.000000,0.000000,0.000000,0.000000
-2.594012,0.982979,-4.412102,-3.550242,-1.550391,-1.685535,0.000000,1.000000,0.000000,0.000000,0.000000
2.219235,-0.927919,-1.438166,0.864912,-0.729261,-1.857738,0.000000,0.000000,1.000000,0.000000,0.000000
0.471853,0.996895,0.470363,0.129452,-1.928882,-1.658704,0.000000,0.000000,1.000000,0.000000,0.000000
1.518872,-2.181409,-0.971422,-0.541384,0.655251,-0.484870,1.000000,0.000000,0.000000,0.000000,0.000000
-0.382115,0.980004,-0.952313,-0.449948,-1.376346,-1.252935,0.000000,1.000000,0.000000,0.000000,0.000000
-0.124457,2.193199,-1.039978,0.638132,-2.426765,-2.098445,0.000000,1.000000,0.000000,0.000000,0.000000
-2.312480,1.802993,-0.713318,0.177405,0.547006,1.359039,1.000000,0.000000,0.000000,0.000000,0.000000
0.008844,-0.310764,-0.801219,0.563993,0.969631,0.667853,1.000000,0.000000,0.000000,0.000000,0.000000
1.284072,-1.294770,-1.344730,0.992397,1.144116,0.147205,0.000000,1.000000,0.000000,0.000000,0.000000
-0.576155,0.438918,-0.760062,-1.001634,-0.866329,-0.776351,0.000000,1.000000,0.000000,0.000000,0.000000
-0.777965,-0.109221,0.377370,-1.957523,-0.709288,-0.404829,0.000000,0.000000,1.000000,0.000000,0.000000
-1.364075,-1.673799,-1.906798,-1.168764,3.046504,2.475584,0.000000,0.000000,0.000000,1.000000,0.000000
1.843029,-0.188273,0.683527,2.052965,-0.133555,-0.495305,0.000000,0.000000,0.000000,0.000000,1.000000
1.851651,-0.388814,3.410335,1.585190,-0.257665,0.017915,0.000000,0.000000,0.000000,1.000000,0.000000
0.192989,1.022190,-2.378917,3.544745,1.639002,1.157364,1.000000,0.000000,0.000000,0.000000,0.000000
2.712656,1.970580,1.370024,3.595232,-2.902582,-2.769641,0.000000,0.000000,0.000000,0.000000,1.000000
0.062246,0.360592,0.532506,1.245770,0.604641,0.776595,0.000000,0.000000,0.000000,0.000000,1.000000
-1.180674,0.172914,0.814438,-1.199126,0.142739,0.695206,0.000000,0.000000,0.000000,0.000000,1.000000
1.899313,-0.888478,-0.641899,1.186751,-0.046858,-0.906339,1.000000,0.000000,0.000000,0.000000,0.000000
0.447475,0.225141,1.252119,1.331628,0.395430,0.620941,0.000000,0.000000,0.000000,0.000000,1.000000
0.945537,-0.409996,-1.336812,0.152558,-0.509855,-1.167005,1.000000,0.000000,0.000000,0.000000,0.000000
1.659742,-0.792476,-0.604318,0.734709,-0.309660,-1.065657,0.000000,1.000000,0.000000,0.000000,0.000000
1.010695,0.071225,-0.080184,1.053635,-0.403976,-0.666740,0.000000,0.000000,1.000000,0.000000,0.000000
1.964748,-1.708029,-0.636600,1.600720,1.457421,0.354121,0.000000,0.000000,0.000000,0.000000,1.000000
-0.272543,1.655393,-1.840627,2.856091,0.670301,0.616957,0.000000,0.000000,1.000000,0.000000,0.000000
-0.684562,1.588138,0.944230,-0.181028,-1.574938,-0.761305,0.000000,0.000000,0.000000,0.000000,1.000000
0.407891,0.644829,-1.296630,1.879306,0.321507,0.016081,1.000000,0.000000,0.000000,0.000000,0.000000
2.264381,-1.573784,0.893188,1.058838,0.376775,-0.360494,0.000000,0.000000,0.000000,1.000000,0.000000
1.530950,1.601498,0.573735,2.259190,-2.130615,-1.983399,0.000000,0.000000,0.000000,0.000000,1.000000
1.555422,-1.866088,-2.389896,1.599265,2.187996,0.699620,0.000000,1.000000,0.000000,0.000000,0.000000
-0.619614,-0.447206,-0.910584,-1.444341,0.048204,-0.108913,0.000000,0.000000,1.000000,0.000000,0.000000
-0.921288,1.604394,-0.035816,-0.162941,-1.289997,-0.662813,0.000000,1.000000,0.000000,0.000000,0.000000
-1.781957,2.073420,-1.761842,-1.212177,-1.892414,-1.341641,0.000000,1.000000,0.000000,0.000000,0.000000
-3.425857,3.300117,0.083783,0.039155,-0.299393,1.360392,0.000000,0.000000,0.000000,0.000000,1.000000
-0.295401,0.622691,0.640200,-1.126320,-1.594614,-1.167342,0.000000,0.000000,1.000000,0.000000,0.000000
-1.661436,0.577819,-0.701866,-0.071951,1.239941,1.593323,1.000000,0.000000,0.000000,0.000000,0.000000
-0.799315,0.563646,0.363081,-1.516688,-1.234396,-0.765528,1.000000,0.000000,0.000000,0.000000,0.000000
-2.735895,0.645017,-2.850107,-3.584606,-0.881454,-0.685376,0.000000,1.000000,0.000000,0.000000,0.000000
-0.649388,-1.031982,-1.047694,-1.949751,0.447040,0.124844,1.000000,0.000000,0.000000,0.000000,0.000000
1.348209,-0.760866,-1.245952,-0.282767,-0.941718,-1.744808,1.000000,0.000000,0.000000,0.000000,0.000000
3.682242,-2.849178,-2.062603,2.635067,1.853806,-0.324512,0.000000,1.000000,0.000000,0.000000,0.000000
3.076792,-0.865671,-1.072335,1.379808,-1.432518,-2.663152,0.000000,1.000000,0.000000,0.000000,0.000000
-1.708390,0.971120,0.215370,-1.343648,-0.479901,0.258023,0.000000,1.000000,0.000000,0.000000,0.000000
0.313141,-2.453172,-0.931585,-0.787892,2.381110,1.457514,0.000000,0.000000,0.000000,1.000000,0.000000
-0.161480,-0.995066,-1.349574,-1.365653,0.316562,-0.199638,1.000000,0.000000,0.000000,0.000000,0.000000
0.089534,1.389805,1.209406,0.232184,-1.890845,-1.251134,0.000000,0.000000,1.000000,0.000000,0.000000
0.487542,0.687908,-3.146434,2.531894,0.752566,-0.040135,0.000000,0.000000,1.000000,0.000000,0.000000
-1.089104,1.731121,-1.159975,-0.759683,-1.849967,-1.410723,0.000000,1.000000,0.000000,0.000000,0.000000
-0.021076,0.429474,-0.680918,-0.314068,-0.910631,-0.950867,0.000000,1.000000,0.000000,0.000000,0.000000
-0.210557,1.069653,-0.031676,0.160228,-1.126066,-0.809306,0.000000,0.000000,1.000000,0.000000,0.000000
-0.095506,2.032212,1.231048,0.419936,-2.402073,-1.551954,0.000000,0.000000,0.000000,0.000000,1.000000
0.715590,0.899969,-0.905570,1.715097,-0.600771,-0.805195,1.000000,0.000000,0.000000,0.000000,0.000000
0.862805,-1.473120,-2.330009,1.175339,2.110453,0.910212,0.000000,1.000000,0.000000,0.000000,0.000000
0.441648,0.262513,-0.946712,1.448597,0.423924,0.111067,1.000000,0.000000,0.000000,0.000000,0.000000
3.870586,-2.477834,-1.351717,2.381992,0.837781,-1.099732,0.000000,1.000000,0.000000,0.000000,0.000000
0.149282,3.413505,1.048534,1.435478,-3.751433,-2.670200,0.000000,0.000000,0.000000,0.000000,1.000000
4.442049,1.155312,2.752180,4.631268,-2.945509,-3.107302,0.000000,0.000000,0.000000,0.000000,1.000000
1.629322,-1.392045,0.134893,-1.377644,-1.421816,-2.075581,1.000000,0.000000,0.000000,0.000000,0.000000
-3.584139,0.791787,1.307976,-4.383630,-0.690520,0.792994,0.000000,0.000000,1.000000,0.000000,0.000000
-2.351334,2.971995,1.307395,-0.913323,-2.116927,-0.449310,0.000000,0.000000,1.000000,0.000000,0.000000
-1.371289,2.061818,1.044036,-1.059451,-2.214598,-1.067743,0.000000,0.000000,1.000000,0.000000,0.000000
-0.979871,0.778401,-1.268498,1.523005,1.589329,1.649142,1.000000,0.000000,0.000000,0.000000,0.000000
-1.549294,1.023907,0.712909,1.019233,1.521616,2.282466,0.000000,0.000000,0.000000,0.000000,1.000000
-1.974023,2.169034,-2.049892,1.980833,1.289967,1.731057,0.000000,0.000000,1.000000,0.000000,0.000000
0.468441,1.265690,-1.125489,0.348133,-2.131398,-2.192712,0.000000,1.000000,0.000000,0.000000,0.000000
-0.520833,0.561941,-0.727657,0.659455,0.484018,0.546740,1.000000,0.000000,0.000000,0.000000,0.000000
-0.587200,-0.448574,-0.769776,-1.356161,0.095402,-0.037342,0.000000,1.000000,0.000000,0.000000,0.000000
0.424432,-0.122522,-1.894405,-0.456770,-0.846361,-1.428751,1.000000,0.000000,0.000000,0.000000,0.000000
-0.527189,0.017615,-1.455150,1.340854,1.927047,1.644033,1.000000,0.000000,0.000000,0.000000,0.000000
0.295978,0.113539,-0.409903,-0.596475,-1.131495,-1.249641,0.000000,0.000000,1.000000,0.000000,0.000000
-1.290447,-0.477515,-1.175535,-2.206478,0.225759,0.170671,0.000000,0.000000,1.000000,0.000000,0.000000
-0.724018,0.558363,0.419271,-0.887983,-0.717934,-0.274371,0.000000,1.000000,0.000000,0.000000,0.000000
-0.302418,0.452723,0.492651,-2.335488,-2.506134,-2.118494,0.000000,0.000000,1.000000,0.000000,0.000000
0.663460,0.478213,2.261329,0.917203,-0.635117,-0.126849,0.000000,0.000000,0.000000,0.000000,1.000000
0.599930,0.433039,-1.164286,-0.469985,-1.881835,-2.175071,0.000000,1.000000,0.000000,0.000000,0.000000
-3.227878,1.168795,-2.155920,-3.278715,-0.695925,-0.089047,0.000000,1.000000,0.000000,0.000000,0.000000
2.224789,-0.794853,0.225400,0.269087,-1.475466,-2.137310,0.000000,0.000000,1.000000,0.000000,0.000000
-2.665661,1.687449,-0.047422,0.906835,1.888264,2.889825,0.000000,0.000000,0.000000,0.000000,1.000000
-1.452635,0.327655,-0.677604,-1.596448,-0.136625,0.160706,0.000000,0.000000,0.000000,1.000000,0.000000
0.391245,1.212939,-1.298298,1.478839,-0.867920,-1.006483,1.000000,0.000000,0.000000,0.000000,0.000000
1.168222,-1.919443,-1.978009,0.116324,1.347249,0.083244,0.000000,0.000000,0.000000,1.000000,0.000000
1.388752,-0.112860,-0.903382,1.014989,-0.679486,-1.278645,0.000000,0.000000,1.000000,0.000000,0.000000
0.688675,-0.042965,-2.150536,-0.261799,-1.122061,-1.812713,1.000000,0.000000,0.000000,0.000000,0.000000
-2.215543,2.240753,2.643335,-2.020087,-2.274920,-0.462604,0.000000,0.000000,0.000000,0.000000,1.000000
-1.223462,0.808564,-1.425902,-1.905623,-1.443827,-1.246111,0.000000,1.000000,0.000000,0.000000,0.000000
0.474988,1.140898,-1.357268,1.013130,-1.321885,-1.497360,0.000000,0.000000,1.000000,0.000000,0.000000
2.155039,-2.040253,0.224998,-0.552256,-0.367129,-1.315267,1.000000,0.000000,0.000000,0.000000,0.000000
0.207346,1.629626,-1.614742,1.411499,-1.304308,-1.367777,0.000000,0.000000,1.000000,0.000000,0.000000
2.417336,0.142817,2.458082,2.775941,-0.634470,-0.621177,0.000000,1.000000,0.000000,0.000000,0.000000
0.782578,0.491465,1.206831,0.876150,-0.866803,-0.642041,0.000000,0.000000,0.000000,0.000000,1.000000
-2.615010,1.096516,-0.639098,-0.079313,1.720523,2.440587,1.000000,0.000000,0.000000,0.000000,0.000000
1.088452,1.981440,1.845238,1.653239,-2.669210,-1.986623,0.000000,0.000000,0.000000,0.000000,1.000000
3.346056,-1.787997,-1.388683,1.926631,0.078504,-1.553055,0.000000,1.000000,0.000000,0.000000,0.000000
-0.141969,-0.942543,-0.102555,-0.248020,1.312985,1.078463,1.000000,0.000000,0.000000,0.000000,0.000000
0.938931,-1.213169,-1.581017,0.786938,1.272425,0.322665,0.000000,0.000000,0.000000,1.000000,0.000000
0.229119,-0.327037,1.970750,-1.878025,-1.598751,-1.184854,0.000000,0.000000,1.000000,0.000000,0.000000
-0.485642,-0.771772,0.501609,0.094266,1.851937,1.878098,0.000000,0.000000,0.000000,1.000000,0.000000
1.470282,-0.524762,-0.262741,0.403284,-0.765648,-1.312584,0.000000,0.000000,1.000000,0.000000,0.000000
-0.518573,1.407642,-1.289739,-0.973529,-2.330271,-2.129489,0.000000,1.000000,0.000000,0.000000,0.000000
-1.888518,1.605095,-1.218532,1.546969,1.594073,2.087698,0.000000,0.000000,1.000000,0.000000,0.000000
1.139521,-0.059882,1.229564,-0.000696,-1.374560,-1.340662,0.000000,0.000000,1.000000,0.000000,0.000000
0.644229,0.836250,-2.817828,1.472491,-0.681776,-1.353492,0.000000,0.000000,1.000000,0.000000,0.000000
-0.860297,0.360398,-0.151011,-0.440025,0.168710,0.434022,1.000000,0.000000,0.000000,0.000000,0.000000
-0.547651,1.314458,1.131060,-0.326809,-1.492719,-0.730897,0.000000,0.000000,0.000000,0.000000,1.000000
0.586441,0.799121,-0.782492,0.670191,-1.290991,-1.427724,0.000000,0.000000,1.000000,0.000000,0.000000
0.617350,1.169755,1.528192,0.256369,-2.228850,-1.687316,0.000000,0.000000,1.000000,0.000000,0.000000
1.424372,2.529372,2.174677,2.184689,-3.384270,-2.568107,0.000000,0.000000,0.000000,0.000000,1.000000
-0.215541,0.539638,-0.093105,1.482281,0.923011,1.041423,0.000000,0.000000,0.000000,0.000000,1.000000
1.265772,0.735196,1.910092,1.769591,-0.976370,-0.650771,0.000000,1.000000,0.000000,0.000000,0.000000
2.114315,-1.744015,-1.454132,1.498123,1.202403,-0.143387,0.000000,1.000000,0.000000,0.000000,0.000000
1.562289,0.162743,1.050954,2.484995,0.144175,0.014911,0.000000,0.000000,0.000000,1.000000,0.000000
0.606750,-2.492337,0.478983,-0.362686,2.489921,1.826014,0.000000,0.000000,0.000000,1.000000,0.000000
-0.160037,-0.497523,-1.577365,0.090506,0.991086,0.500983,0.000000,0.000000,0.000000,1.000000,0.000000
-1.419125,0.647259,-2.843712,-2.750423,-1.793214,-1.917935,0.000000,1.000000,0.000000,0.000000,0.000000
-0.617282,-0.276098,-1.340746,-2.007548,-0.753344,-0.953707,1.000000,0.000000,0.000000,0.000000,0.000000
4.281433,-1.960504,-1.250652,2.290471,-0.534384,-2.399092,0.000000,1.000000,0.000000,0.000000,0.000000
0.153222,-0.287074,-2.028400,-1.078424,-0.855899,-1.433511,1.000000,0.000000,0.000000,0.000000,0.000000
-3.281684,1.560706,-0.292821,-0.741264,1.281341,2.381564,0.000000,0.000000,0.000000,0.000000,1.000000
1.228583,-0.344411,-1.151138,2.489968,1.282028,0.546865,0.000000,0.000000,0.000000,1.000000,0.000000
-1.512884,0.112017,-2.218768,-1.738738,0.091570,-0.032301,0.000000,1.000000,0.000000,0.000000,0.000000
-0.233000,2.625981,2.170219,0.347233,-3.139779,-1.866389,0.000000,0.000000,0.000000,0.000000,1.000000
0.792443,1.292824,0.495673,1.726305,-1.236653,-1.007098,0.000000,0.000000,1.000000,0.000000,0.000000
0.888699,1.645585,1.311403,1.284033,-2.286433,-1.768015,0.000000,1.000000,0.000000,0.000000,0.000000
-0.834918,-0.290424,-0.492815,-1.406028,0.144494,0.179476,0.000000,0.000000,0.000000,1.000000,0.000000
2.778585,-0.344340,1.833689,2.836094,-0.349318,-0.702734,0.000000,0.000000,0.000000,1.000000,0.000000
-0.458961,-2.526911,-1.468843,-0.950576,3.326357,2.428435,0.000000,1.000000,0.000000,0.000000,0.000000
-1.566982,2.125363,0.228334,-0.608209,-1.631567,-0.641525,0.000000,0.000000,1.000000,0.000000,0.000000
-0.050043,-0.522247,0.044241,0.213659,1.030270,0.907277,0.000000,0.000000,0.000000,1.000000,0.000000
-0.621524,1.553450,2.202632,-0.460062,-1.853912,-0.741991,0.000000,0.000000,1.000000,0.000000,0.000000
-1.271946,-0.486653,-0.066871,-2.332609,0.112356,0.330034,0.000000,0.000000,0.000000,1.000000,0.000000
1.910042,-2.208664,1.238759,0.401257,1.132070,0.414083,0.000000,0.000000,0.000000,1.000000,0.000000
2.237658,-0.104415,-0.676132,2.255347,-0.596733,-1.368927,0.000000,0.000000,1.000000,0.000000,0.000000
-2.219188,0.956097,-0.591598,-2.075899,-0.513110,0.159512,0.000000,0.000000,0.000000,1.000000,0.000000
-0.053468,0.854702,3.040533,0.797699,-0.351535,0.614306,0.000000,0.000000,0.000000,0.000000,1.000000
1.652413,-0.416078,1.969131,1.442590,-0.120945,-0.160798,0.000000,0.000000,0.000000,0.000000,1.000000
-1.014184,1.432955,-2.734568,-1.932052,-2.670705,-2.678705,0.000000,1.000000,0.000000,0.000000,0.000000
-0.569558,-1.050966,-0.207889,-1.405020,0.909965,0.755085,0.000000,0.000000,0.000000,1.000000,0.000000
-0.492787,1.388241,-0.101124,0.655783,-0.745539,-0.315065,0.000000,0.000000,1.000000,0.000000,0.000000
1.817848,0.108259,2.892374,2.290166,-0.265326,-0.002818,0.000000,0.000000,0.000000,1.000000,0.000000
-0.774871,0.494722,0.410382,-0.179843,0.122766,0.535072,0.000000,1.000000,0.000000,0.000000,0.000000
-1.473863,2.214595,-2.291974,2.778767,1.338046,1.592376,1.000000,0.000000,0.000000,0.000000,0.000000
-0.489352,0.877310,-0.780134,0.318168,-0.344725,-0.207325,1.000000,0.000000,0.000000,0.000000,0.000000
0.827941,0.113686,1.091879,0.605401,-0.639877,-0.544644,0.000000,0.000000,0.000000,0.000000,1.000000
0.123713,-0.704289,-0.588674,-0.603811,0.270328,-0.069523,0.000000,0.000000,0.000000,1.000000,0.000000
2.368796,-0.921131,2.398114,2.453272,0.662168,0.400961,0.000000,0.000000,0.000000,1.000000,0.000000
-1.560795,-0.518975,-0.554942,-1.865787,0.976377,1.113563,0.000000,0.000000,0.000000,1.000000,0.000000
0.331538,-0.416728,-1.422141,0.667562,0.793113,0.233452,0.000000,0.000000,0.000000,1.000000,0.000000
-0.143103,1.887017,-3.284350,0.698854,-1.937548,-2.244967,1.000000,0.000000,0.000000,0.000000,0.000000
0.878241,-0.996446,0.621074,2.013910,2.256267,1.882928,0.000000,0.000000,0.000000,0.000000,1.000000
-0.592092,-1.673542,-2.841792,-1.327590,1.873270,0.902658,0.000000,0.000000,0.000000,1.000000,0.000000
3.025104,-2.334553,2.212779,-0.773202,-1.250063,-1.970373,1.000000,0.000000,0.000000,0.000000,0.000000
-2.738510,1.668456,-3.784388,-1.162035,-0.046463,0.108084,1.000000,0.000000,0.000000,0.000000,0.000000
1.170144,0.435846,1.302374,1.238561,-0.939200,-0.804394,0.000000,0.000000,0.000000,0.000000,1.000000
0.103287,-0.222568,0.065668,-0.585553,-0.374077,-0.420234,0.000000,1.000000,0.000000,0.000000,0.000000
-0.070099,-0.250973,1.467813,-1.482783,-0.947902,-0.584821,0.000000,0.000000,1.000000,0.000000,0.000000
0.357309,-0.337550,2.837013,-0.928878,-0.820919,-0.255233,0.000000,0.000000,0.000000,1.000000,0.000000
-3.597610,0.730181,-4.749414,-3.023928,0.623236,0.544947,1.000000,0.000000,0.000000,0.000000,0.000000
1.242632,0.992940,2.150797,0.993351,-2.064452,-1.579900,0.000000,0.000000,0.000000,1.000000,0.000000
2.005241,-1.460157,1.471377,1.893147,1.362417,0.828917,0.000000,0.000000,0.000000,1.000000,0.000000
-2.849219,2.470595,2.620853,0.075304,0.233751,2.173375,0.000000,0.000000,0.000000,0.000000,1.000000
-0.284170,-0.470421,-1.982708,-1.188596,-0.126164,-0.639192,1.000000,0.000000,0.000000,0.000000,0.000000
-0.749608,1.263665,-4.410232,-2.060873,-2.921554,-3.445137,0.000000,1.000000,0.000000,0.000000,0.000000
1.405072,-1.388343,1.600995,0.491440,0.690256,0.389196,0.000000,0.000000,0.000000,1.000000,0.000000
2.281631,-0.141454,-0.779854,0.792903,-2.010925,-2.779713,1.000000,0.000000,0.000000,0.000000,0.000000
-0.282781,1.562647,-2.431455,3.259588,1.197020,0.961374,1.000000,0.000000,0.000000,0.000000,0.000000
-1.274935,2.675109,-2.511376,3.221958,0.833710,1.095960,1.000000,0.000000,0.000000,0.000000,0.000000
-0.117639,-0.021371,-0.433010,-0.983850,-0.771287,-0.825197,0.000000,0.000000,1.000000,0.000000,0.000000
0.603334,-1.802360,1.963994,0.053026,1.917999,1.791903,0.000000,0.000000,0.000000,1.000000,0.000000
-1.332072,-1.591127,-0.862527,-1.877380,2.219872,1.946417,0.000000,0.000000,0.000000,1.000000,0.000000
-0.422509,-1.212586,-1.236974,-1.921858,0.437987,-0.030709,1.000000,0.000000,0.000000,0.000000,0.000000
-0.756946,2.209810,-3.190597,2.892916,0.507370,0.372937,0.000000,0.000000,1.000000,0.000000,0.000000
0.647820,0.506627,0.380839,-0.454002,-2.009251,-1.910871,0.000000,0.000000,1.000000,0.000000,0.000000
-0.223277,0.378192,1.467671,-0.354205,-0.575230,-0.049178,0.000000,0.000000,0.000000,0.000000,1.000000
0.147292,0.524798,-0.515662,-0.648135,-1.587089,-1.587709,0.000000,1.000000,0.000000,0.000000,0.000000
-1.812211,0.671819,-2.416522,-2.301546,-0.877947,-0.817034,0.000000,1.000000,0.000000,0.000000,0.000000
-1.407202,1.014921,-1.020237,0.682324,0.995729,1.303507,1.000000,0.000000,0.000000,0.000000,0.000000
-0.044247,1.223056,-1.660694,0.845471,-0.932719,-1.039794,0.000000,0.000000,0.000000,1.000000,0.000000
0.508860,0.544683,0.321775,-0.296369,-1.732955,-1.613284,0.000000,0.000000,1.000000,0.000000,0.000000
1.687104,-0.264336,-0.567196,0.543018,-1.296443,-1.903348,0.000000,1.000000,0.000000,0.000000,0.000000
3.079526,-1.346478,-0.601220,1.464067,-0.648465,-1.892719,0.000000,1.000000,0.000000,0.000000,0.000000
0.470294,-0.796038,-1.227312,-0.706298,-0.156733,-0.753585,1.000000,0.000000,0.000000,0.000000,0.000000
-0.205882,0.596359,-0.104093,-0.556457,-1.136417,-0.939883,0.000000,1.000000,0.000000,0.000000,0.000000
2.422171,-1.209529,-1.129117,1.302394,-0.157335,-1.343649,0.000000,1.000000,0.000000,0.000000,0.000000
0.274311,-1.987593,-0.258535,0.715261,3.215072,2.540131,0.000000,0.000000,0.000000,1.000000,0.000000
-0.109037,0.629927,-0.582210,-0.539241,-1.302680,-1.238201,0.000000,1.000000,0.000000,0.000000,0.000000
-3.321894,1.119103,0.626947,0.993613,3.662286,4.825144,0.000000,0.000000,0.000000,0.000000,1.000000
4.515771,-3.265281,-2.178162,3.130609,1.849762,-0.670597,0.000000,1.000000,0.000000,0.000000,0.000000
-0.383463,-1.412402,-0.489960,-1.277461,1.311056,0.944662,0.000000,0.000000,0.000000,1.000000,0.000000
-0.668835,-0.185938,-0.752326,1.984698,3.039232,2.887084,0.000000,0.000000,0.000000,0.000000,1.000000
-1.498302,1.853198,-1.396855,1.571065,0.746431,1.173123,1.000000,0.000000,0.000000,0.000000,0.000000
0.617820,-1.816391,-0.039714,-2.304284,-0.385856,-0.937491,1.000000,0.000000,0.000000,0.000000,0.000000
0.572844,1.840696,0.576986,1.199296,-2.253268,-1.791896,0.000000,1.000000,0.000000,0.000000,0.000000
1.609044,-1.334353,0.643883,1.834958,1.624723,1.009879,0.000000,0.000000,0.000000,1.000000,0.000000
1.099522,0.469834,1.760348,1.207617,-0.918736,-0.644435,0.000000,0.000000,0.000000,0.000000,1.000000
-2.428798,1.776071,-1.424859,1.362957,1.867498,2.482360,1.000000,0.000000,0.000000,0.000000,0.000000
1.464691,0.458480,0.794023,1.435547,-1.173983,-1.231937,0.000000,0.000000,0.000000,1.000000,0.000000
-0.696547,1.310513,-2.208039,2.882323,1.741639,1.600111,1.000000,0.000000,0.000000,0.000000,0.000000
0.347093,0.344777,-2.137884,1.255494,0.221027,-0.338042,0.000000,0.000000,0.000000,1.000000,0.000000
2.915589,-0.470435,-1.979738,3.251449,-0.009163,-1.386801,0.000000,0.000000,1.000000,0.000000,0.000000
-0.181780,-1.120575,-1.661229,-1.680333,0.216763,-0.394906,1.000000,0.000000,0.000000,0.000000,0.000000
-2.430152,1.996691,2.786265,-2.634537,-2.230907,-0.379037,0.000000,0.000000,1.000000,0.000000,0.000000
-2.891467,1.925178,0.293692,0.723823,1.666081,2.871856,0.000000,0.000000,0.000000,0.000000,1.000000
0.223634,1.553283,3.705065,-0.854373,-3.307007,-1.998576,0.000000,0.000000,1.000000,0.000000,0.000000
1.464817,0.460671,-1.837605,2.582634,-0.117008,-0.865733,0.000000,0.000000,1.000000,0.000000,0.000000
-2.108696,2.479043,-2.430941,-1.428523,-2.276560,-1.704142,0.000000,1.000000,0.000000,0.000000,0.000000
-0.017125,0.139510,-1.701386,-0.422430,-0.616393,-0.983788,1.000000,0.000000,0.000000,0.000000,0.000000
0.618745,0.528433,0.919045,1.101839,-0.494912,-0.302600,0.000000,0.000000,0.000000,0.000000,1.000000
-0.417832,0.251667,-0.287222,-0.469447,-0.279408,-0.174836,0.000000,1.000000,0.000000,0.000000,0.000000
1.396623,1.130390,0.986154,1.946559,-1.565814,-1.400257,0.000000,0.000000,0.000000,0.000000,1.000000
0.595709,-1.282792,-0.440668,1.181451,2.219436,1.598023,0.000000,0.000000,0.000000,1.000000,0.000000
-1.060578,1.364940,-1.963397,2.576352,1.845344,1.870717,1.000000,0.000000,0.000000,0.000000,0.000000
2.298103,-1.061466,-0.206096,0.692085,-0.783344,-1.653293,1.000000,0.000000,0.000000,0.000000,0.000000
0.057208,-0.863640,2.001241,0.850805,2.033940,2.261039,0.000000,0.000000,0.000000,1.000000,0.000000
4.212282,-1.929589,1.126232,2.400549,-0.342773,-1.597646,0.000000,0.000000,0.000000,0.000000,1.000000
0.586318,-0.056138,1.177020,1.553224,0.835670,0.929673,0.000000,0.000000,0.000000,0.000000,1.000000
0.822939,-1.383456,3.915696,0.343033,1.336650,1.746720,0.000000,0.000000,0.000000,1.000000,0.000000
-1.060010,0.508945,-0.587957,0.698690,1.302328,1.505253,1.000000,0.000000,0.000000,0.000000,0.000000
-0.509535,-1.212720,-0.643962,-1.115581,1.338298,1.009332,0.000000,0.000000,0.000000,1.000000,0.000000
-0.053395,-0.793257,-3.056235,-0.823282,0.376334,-0.552354,1.000000,0.000000,0.000000,0.000000,0.000000
-1.685650,-0.773691,-2.186996,-2.871501,0.511902,0.238289,1.000000,0.000000,0.000000,0.000000,0.000000
-0.868662,1.848231,1.677382,0.666989,-0.883775,0.193523,0.000000,0.000000,0.000000,1.000000,0.000000
-0.102763,-1.812916,-2.231722,-1.540608,1.244554,0.285916,1.000000,0.000000,0.000000,0.000000,0.000000
-1.067630,0.787506,0.726173,-1.763846,-1.442586,-0.756047,0.000000,0.000000,1.000000,0.000000,0.000000
-0.417487,1.961993,-2.198625,1.395944,-0.999492,-0.979419,0.000000,0.000000,1.000000,0.000000,0.000000
-1.667078,-0.113401,-2.227059,-2.615519,-0.225393,-0.347098,0.000000,1.000000,0.000000,0.000000,0.000000
-0.851315,-0.113730,0.671056,1.170321,2.411279,2.699512,0.000000,0.000000,0.000000,1.000000,0.000000
-0.371884,-0.905952,-2.346026,-1.316757,0.490848,-0.203539,1.000000,0.000000,0.000000,0.000000,0.000000
-0.594709,2.216398,-2.427431,3.239502,0.633772,0.642536,0.000000,0.000000,1.000000,0.000000,0.000000
-0.759866,-0.445819,-1.124931,-2.234982,-0.536851,-0.688978,0.000000,1.000000,0.000000,0.000000,0.000000
0.114161,-0.088003,0.344617,1.697353,1.620620,1.600656,0.000000,0.000000,0.000000,0.000000,1.000000
0.080424,0.623711,1.423923,0.972570,-0.049210,0.418552,0.000000,0.000000,0.000000,0.000000,1.000000
-0.292986,2.105985,-1.636028,3.175627,0.353741,0.464208,0.000000,0.000000,1.000000,0.000000,0.000000
1.448692,-1.150575,-1.074758,0.927669,0.662835,-0.263702,0.000000,1.000000,0.000000,0.000000,0.000000
1.416417,-0.133750,1.740130,1.227526,-0.435261,-0.397234,0.000000,1.000000,0.000000,0.000000,0.000000
2.393771,0.920189,1.327251,2.698740,-1.826654,-1.880621,0.000000,0.000000,0.000000,0.000000,1.000000
2.927723,-1.070622,0.150911,0.236074,-2.022079,-2.931766,1.000000,0.000000,0.000000,0.000000,0.000000
-1.626865,1.249290,-0.707944,0.372059,0.647342,1.154162,1.000000,0.000000,0.000000,0.000000,0.000000
3.123514,-0.978353,-0.124162,1.189665,-1.496632,-2.525888,0.000000,1.000000,0.000000,0.000000,0.000000
0.750437,-0.566075,0.154165,2.559314,2.314860,1.949877,0.000000,0.000000,0.000000,1.000000,0.000000
-1.078475,0.299717,0.008413,-0.526337,0.460130,0.800745,1.000000,0.000000,0.000000,0.000000,0.000000
-0.892319,0.237039,-0.646030,1.483296,2.234181,2.287050,0.000000,0.000000,0.000000,0.000000,1.000000
0.926319,-0.037157,1.534310,1.385538,0.210491,0.327559,0.000000,0.000000,0.000000,0.000000,1.000000
4.678846,-3.305586,-2.152118,3.198132,1.761745,-0.801611,0.000000,1.000000,0.000000,0.000000,0.000000
-0.137953,1.333953,-1.946931,1.724335,-0.130055,-0.287163,0.000000,0.000000,1.000000,0.000000,0.000000
-0.281829,2.888376,0.579521,0.862443,-2.988151,-2.046378,0.000000,0.000000,0.000000,0.000000,1.000000
0.075390,0.334539,-0.028303,-0.517166,-1.082731,-1.000961,0.000000,1.000000,0.000000,0.000000,0.000000
0.501680,1.177220,1.473190,0.739508,-1.624718,-1.085052,0.000000,0.000000,0.000000,0.000000,1.000000
0.319930,0.140667,-0.503587,-0.133710,-0.757777,-0.912808,0.000000,1.000000,0.000000,0.000000,0.000000
0.360877,0.870294,0.164580,-0.573391,-2.283067,-2.073915,0.000000,1.000000,0.000000,0.000000,0.000000
1.175642,-0.155451,-1.144175,1.627190,0.245247,-0.397583,0.000000,0.000000,1.000000,0.000000,0.000000
1.819433,0.276737,0.967572,1.868074,-0.951611,-1.108486,0.000000,0.000000,0.000000,0.000000,1.000000
1.277337,-2.214976,0.250689,-0.921848,0.672372,-0.106517,1.000000,0.000000,0.000000,0.000000,0.000000
-1.799014,1.631128,-0.578928,-1.650504,-1.629935,-0.884092,1.000000,0.000000,0.000000,0.000000,0.000000
0.379531,0.100250,0.144727,-0.001684,-0.638314,-0.660911,0.000000,1.000000,0.000000,0.000000,0.000000
3.258957,-1.628648,-0.671963,1.631263,-0.312053,-1.694253,0.000000,1.000000,0.000000,0.000000,0.000000
-2.223183,1.485065,-2.893340,-2.200109,-1.435187,-1.188877,1.000000,0.000000,0.000000,0.000000,0.000000
1.733966,0.324121,-0.355199,0.081185,-2.653491,-3.047319,1.000000,0.000000,0.000000,0.000000,0.000000
-0.933359,0.648891,-0.181676,-0.213579,0.062327,0.405116,1.000000,0.000000,0.000000,0.000000,0.000000
-3.816232,1.285568,-3.972933,-4.195597,-1.014833,-0.665519,0.000000,1.000000,0.000000,0.000000,0.000000
3.066125,-1.348024,1.538492,2.126898,0.046320,-0.686472,0.000000,0.000000,0.000000,0.000000,1.000000
-1.790092,0.688018,1.957737,-2.816194,-1.351500,-0.188598,0.000000,0.000000,1.000000,0.000000,0.000000
1.031063,1.086466,0.756339,1.570416,-1.392964,-1.201561,0.000000,0.000000,0.000000,0.000000,1.000000
0.741177,-0.716597,-0.707087,-0.483133,-0.400493,-0.915411,0.000000,0.000000,1.000000,0.000000,0.000000
-0.169378,-0.346903,-0.690893,-0.700470,0.037476,-0.164344,0.000000,0.000000,0.000000,1.000000,0.000000
0.994717,0.372728,0.658907,0.060239,-1.765661,-1.728586,0.000000,0.000000,1.000000,0.000000,0.000000
2.009356,0.071008,1.029598,0.436672,-2.277833,-2.468517,0.000000,0.000000,1.000000,0.000000,0.000000
-2.050935,2.292418,1.511345,-1.333756,-1.922057,-0.436786,0.000000,0.000000,1.000000,0.000000,0.000000
0.204606,1.644270,2.039634,0.445912,-2.190024,-1.309941,0.000000,0.000000,0.000000,0.000000,1.000000
-1.113527,0.091201,-0.567268,0.365265,1.657815,1.778559,0.000000,0.000000,0.000000,0.000000,1.000000
-0.165954,0.536306,0.665943,2.087369,1.459305,1.733895,0.000000,0.000000,0.000000,1.000000,0.000000
-6.655893,5.259610,0.354632,-1.033188,0.026155,3.030932,0.000000,0.000000,0.000000,0.000000,1.000000
0.060859,1.133894,0.676773,0.384221,-1.344433,-0.903194,0.000000,0.000000,0.000000,0.000000,1.000000
-0.762029,0.271781,-1.108303,-0.366729,0.223937,0.203793,0.000000,1.000000,0.000000,0.000000,0.000000
2.563600,-2.403657,0.034761,-0.355971,-0.184693,-1.374233,1.000000,0.000000,0.000000,0.000000,0.000000
0.234412,-0.047748,-0.354012,-0.475238,-0.699395,-0.836554,0.000000,0.000000,1.000000,0.000000,0.000000
-1.219510,1.186766,1.151390,-1.201209,-1.275676,-0.362799,0.000000,0.000000,1.000000,0.000000,0.000000
-0.227010,-0.243854,1.199500,-0.657621,0.036261,0.342281,0.000000,0.000000,0.000000,0.000000,1.000000
2.273416,-1.474050,-0.993554,1.321575,0.441126,-0.748772,0.000000,1.000000,0.000000,0.000000,0.000000
1.342432,-1.420872,-1.589379,1.131923,1.381651,0.272956,0.000000,1.000000,0.000000,0.000000,0.000000
-2.473414,3.022150,-1.323390,1.342297,0.097363,1.077505,0.000000,0.000000,1.000000,0.000000,0.000000
